{
  "type": "FeatureCollection",
  "features": [
    {
      "type": "Feature",
      "geometry": {
        "type": "LineString",
        "coordinates": [
          [
            115.5776845,
            -2.1659366
          ],
          [
            115.5776518,
            -2.1659582
          ],
          [
            115.5776202,
            -2.1659813
          ],
          [
            115.5775895,
            -2.1660057
          ],
          [
            115.57756,
            -2.1660314
          ],
          [
            115.5775316,
            -2.1660584
          ],
          [
            115.5775203,
            -2.1660696
          ],
          [
            115.5774919,
            -2.1660966
          ],
          [
            115.5774647,
            -2.1661248
          ],
          [
            115.5774387,
            -2.1661542
          ],
          [
            115.5774379,
            -2.1661553
          ],
          [
            115.5774237,
            -2.1661713
          ],
          [
            115.5774225,
            -2.1661729
          ],
          [
            115.5774015,
            -2.1661967
          ],
          [
            115.5773985,
            -2.1662001
          ],
          [
            115.5773726,
            -2.1662296
          ],
          [
            115.577348,
            -2.1662601
          ],
          [
            115.5773247,
            -2.1662916
          ],
          [
            115.5773027,
            -2.1663242
          ],
          [
            115.5772823,
            -2.1663577
          ],
          [
            115.5772633,
            -2.1663921
          ],
          [
            115.5772458,
            -2.1664273
          ],
          [
            115.577128,
            -2.1666142
          ],
          [
            115.5771034,
            -2.1666447
          ],
          [
            115.5770801,
            -2.1666763
          ],
          [
            115.5770582,
            -2.1667089
          ],
          [
            115.5770377,
            -2.1667424
          ],
          [
            115.5770187,
            -2.1667768
          ],
          [
            115.5770012,
            -2.1668119
          ],
          [
            115.5769853,
            -2.1668479
          ],
          [
            115.5768616,
            -2.1670303
          ],
          [
            115.5768356,
            -2.1670597
          ],
          [
            115.576811,
            -2.1670902
          ],
          [
            115.5767877,
            -2.1671218
          ],
          [
            115.5767658,
            -2.1671544
          ],
          [
            115.5767453,
            -2.1671879
          ],
          [
            115.5767263,
            -2.1672223
          ],
          [
            115.5767088,
            -2.1672574
          ],
          [
            115.5766669,
            -2.1673404
          ],
          [
            115.5766479,
            -2.1673748
          ],
          [
            115.5766304,
            -2.16741
          ],
          [
            115.5765941,
            -2.1674801
          ],
          [
            115.5765766,
            -2.1675152
          ],
          [
            115.5765606,
            -2.1675512
          ],
          [
            115.5765463,
            -2.1675877
          ],
          [
            115.5765335,
            -2.1676249
          ],
          [
            115.5765223,
            -2.1676626
          ],
          [
            115.5765128,
            -2.1677008
          ],
          [
            115.576505,
            -2.1677394
          ],
          [
            115.5764988,
            -2.1677782
          ],
          [
            115.5764943,
            -2.1678173
          ],
          [
            115.5764915,
            -2.1678566
          ],
          [
            115.5764905,
            -2.1678959
          ],
          [
            115.5764911,
            -2.1679353
          ],
          [
            115.5764934,
            -2.1679746
          ],
          [
            115.5764975,
            -2.1680138
          ],
          [
            115.5765032,
            -2.1680527
          ],
          [
            115.5765106,
            -2.1680914
          ],
          [
            115.5765197,
            -2.1681297
          ],
          [
            115.5765304,
            -2.1681676
          ],
          [
            115.5765428,
            -2.168205
          ],
          [
            115.5765568,
            -2.1682418
          ],
          [
            115.5765723,
            -2.1682779
          ],
          [
            115.5765894,
            -2.1683133
          ],
          [
            115.576608,
            -2.168348
          ],
          [
            115.5766281,
            -2.1683818
          ],
          [
            115.5766496,
            -2.1684147
          ],
          [
            115.5766726,
            -2.1684466
          ],
          [
            115.5766969,
            -2.1684775
          ],
          [
            115.5767225,
            -2.1685073
          ],
          [
            115.5767494,
            -2.1685359
          ],
          [
            115.5767775,
            -2.1685634
          ],
          [
            115.5768067,
            -2.1685895
          ],
          [
            115.5768371,
            -2.1686144
          ],
          [
            115.5768685,
            -2.1686379
          ],
          [
            115.5769009,
            -2.16866
          ],
          [
            115.5769342,
            -2.1686807
          ],
          [
            115.5769684,
            -2.1686999
          ],
          [
            115.5770033,
            -2.1687176
          ],
          [
            115.577039,
            -2.1687337
          ],
          [
            115.5770754,
            -2.1687482
          ],
          [
            115.5771123,
            -2.1687612
          ],
          [
            115.5771498,
            -2.1687725
          ],
          [
            115.5771877,
            -2.1687821
          ],
          [
            115.5772261,
            -2.1687901
          ],
          [
            115.5772647,
            -2.1687964
          ],
          [
            115.5773035,
            -2.1688009
          ],
          [
            115.5773425,
            -2.1688038
          ],
          [
            115.5773816,
            -2.168805
          ],
          [
            115.5774207,
            -2.1688044
          ],
          [
            115.5774597,
            -2.1688021
          ],
          [
            115.5774986,
            -2.1687981
          ],
          [
            115.5775373,
            -2.1687924
          ],
          [
            115.5775757,
            -2.168785
          ],
          [
            115.5776137,
            -2.1687759
          ],
          [
            115.5776513,
            -2.1687652
          ],
          [
            115.5776884,
            -2.1687528
          ],
          [
            115.5777249,
            -2.1687388
          ],
          [
            115.5777608,
            -2.1687232
          ],
          [
            115.577796,
            -2.1687061
          ],
          [
            115.5778304,
            -2.1686874
          ],
          [
            115.5778639,
            -2.1686672
          ],
          [
            115.5778966,
            -2.1686456
          ],
          [
            115.5779282,
            -2.1686226
          ],
          [
            115.5779589,
            -2.1685982
          ],
          [
            115.5779884,
            -2.1685724
          ],
          [
            115.5780168,
            -2.1685454
          ],
          [
            115.578044,
            -2.1685172
          ],
          [
            115.5780699,
            -2.1684878
          ],
          [
            115.5780946,
            -2.1684573
          ],
          [
            115.578176,
            -2.1683661
          ],
          [
            115.5782032,
            -2.1683379
          ],
          [
            115.5782291,
            -2.1683085
          ],
          [
            115.5782304,
            -2.168307
          ],
          [
            115.5782527,
            -2.1682817
          ],
          [
            115.5782541,
            -2.1682799
          ],
          [
            115.5782798,
            -2.1682507
          ],
          [
            115.5783045,
            -2.1682202
          ],
          [
            115.5784235,
            -2.1680842
          ],
          [
            115.5784507,
            -2.168056
          ],
          [
            115.5784767,
            -2.1680266
          ],
          [
            115.5784771,
            -2.1680261
          ],
          [
            115.5784841,
            -2.1680181
          ],
          [
            115.5784977,
            -2.1680025
          ],
          [
            115.5785236,
            -2.1679731
          ],
          [
            115.5785819,
            -2.1679066
          ],
          [
            115.5786078,
            -2.1678772
          ],
          [
            115.5786554,
            -2.1678229
          ],
          [
            115.5786813,
            -2.1677935
          ],
          [
            115.5787525,
            -2.1677123
          ],
          [
            115.5787784,
            -2.1676829
          ],
          [
            115.5788031,
            -2.1676524
          ],
          [
            115.5788703,
            -2.1675782
          ],
          [
            115.5788962,
            -2.1675488
          ],
          [
            115.5788972,
            -2.1675476
          ],
          [
            115.5789133,
            -2.1675293
          ],
          [
            115.5789512,
            -2.167486
          ],
          [
            115.5789772,
            -2.1674566
          ],
          [
            115.5790018,
            -2.1674261
          ],
          [
            115.5790251,
            -2.1673945
          ],
          [
            115.579047,
            -2.1673619
          ],
          [
            115.5790675,
            -2.1673284
          ],
          [
            115.5790865,
            -2.167294
          ],
          [
            115.579104,
            -2.1672589
          ],
          [
            115.57912,
            -2.1672229
          ],
          [
            115.5791343,
            -2.1671864
          ],
          [
            115.5791471,
            -2.1671492
          ],
          [
            115.5791583,
            -2.1671115
          ],
          [
            115.5791678,
            -2.1670733
          ],
          [
            115.5791756,
            -2.1670347
          ],
          [
            115.5791818,
            -2.1669959
          ],
          [
            115.5791863,
            -2.1669568
          ],
          [
            115.579189,
            -2.1669175
          ],
          [
            115.5791901,
            -2.1668782
          ],
          [
            115.5791895,
            -2.1668388
          ],
          [
            115.5791872,
            -2.1667995
          ],
          [
            115.5791831,
            -2.1667603
          ],
          [
            115.5791774,
            -2.1667214
          ],
          [
            115.57917,
            -2.1666827
          ],
          [
            115.5791609,
            -2.1666444
          ],
          [
            115.5791502,
            -2.1666065
          ],
          [
            115.5791423,
            -2.1665827
          ],
          [
            115.5791378,
            -2.166567
          ],
          [
            115.5791258,
            -2.1665274
          ],
          [
            115.5791134,
            -2.16649
          ],
          [
            115.5790994,
            -2.1664532
          ],
          [
            115.5790839,
            -2.166417
          ],
          [
            115.5790668,
            -2.1663816
          ],
          [
            115.5790482,
            -2.1663469
          ],
          [
            115.5790281,
            -2.1663131
          ],
          [
            115.5790066,
            -2.1662802
          ],
          [
            115.5789836,
            -2.1662483
          ],
          [
            115.5789593,
            -2.1662174
          ],
          [
            115.5789337,
            -2.1661876
          ],
          [
            115.5789068,
            -2.166159
          ],
          [
            115.5788787,
            -2.1661316
          ],
          [
            115.5788495,
            -2.1661054
          ],
          [
            115.5788191,
            -2.1660805
          ],
          [
            115.5787709,
            -2.1660405
          ],
          [
            115.5787417,
            -2.1660143
          ],
          [
            115.5787113,
            -2.1659894
          ],
          [
            115.5786799,
            -2.1659659
          ],
          [
            115.5786475,
            -2.1659438
          ],
          [
            115.5786142,
            -2.1659231
          ],
          [
            115.57858,
            -2.1659039
          ],
          [
            115.5785451,
            -2.1658863
          ],
          [
            115.5785094,
            -2.1658701
          ],
          [
            115.578473,
            -2.1658556
          ],
          [
            115.578436,
            -2.1658427
          ],
          [
            115.5783986,
            -2.1658314
          ],
          [
            115.5783606,
            -2.1658217
          ],
          [
            115.5783223,
            -2.1658138
          ],
          [
            115.5782837,
            -2.1658075
          ],
          [
            115.5782449,
            -2.1658029
          ],
          [
            115.5782059,
            -2.1658
          ],
          [
            115.5781668,
            -2.1657989
          ],
          [
            115.5781277,
            -2.1657995
          ],
          [
            115.5780887,
            -2.1658017
          ],
          [
            115.5780498,
            -2.1658057
          ],
          [
            115.5780111,
            -2.1658114
          ],
          [
            115.5779727,
            -2.1658188
          ],
          [
            115.5779347,
            -2.1658279
          ],
          [
            115.5778971,
            -2.1658386
          ],
          [
            115.57786,
            -2.165851
          ],
          [
            115.5778234,
            -2.165865
          ],
          [
            115.5777876,
            -2.1658806
          ],
          [
            115.5777524,
            -2.1658978
          ],
          [
            115.577718,
            -2.1659164
          ],
          [
            115.5776845,
            -2.1659366
          ]
        ]
      },
      "properties": {
        "tipe": "Radius 100m",
        "color": "#ff00ff",
        "weight": 2.5,
        "fill": false
      }
    },
    {
      "type": "Feature",
      "geometry": {
        "type": "LineString",
        "coordinates": [
          [
            115.5821996,
            -2.1788941
          ],
          [
            115.5821666,
            -2.1789152
          ],
          [
            115.5821344,
            -2.1789377
          ],
          [
            115.5821033,
            -2.1789616
          ],
          [
            115.5820733,
            -2.1789868
          ],
          [
            115.5820444,
            -2.1790133
          ],
          [
            115.5820166,
            -2.1790411
          ],
          [
            115.5819901,
            -2.1790701
          ],
          [
            115.5819649,
            -2.1791002
          ],
          [
            115.581941,
            -2.1791314
          ],
          [
            115.5819185,
            -2.1791636
          ],
          [
            115.5818974,
            -2.1791968
          ],
          [
            115.5818778,
            -2.1792309
          ],
          [
            115.5818596,
            -2.1792658
          ],
          [
            115.5818538,
            -2.1792783
          ],
          [
            115.5818383,
            -2.1793082
          ],
          [
            115.5818216,
            -2.1793439
          ],
          [
            115.5818067,
            -2.1793801
          ],
          [
            115.5818026,
            -2.1793879
          ],
          [
            115.581786,
            -2.1794236
          ],
          [
            115.5817779,
            -2.1794408
          ],
          [
            115.5817613,
            -2.1794765
          ],
          [
            115.5817463,
            -2.1795129
          ],
          [
            115.5817328,
            -2.1795499
          ],
          [
            115.5816326,
            -2.1797433
          ],
          [
            115.5816101,
            -2.1797756
          ],
          [
            115.581589,
            -2.1798087
          ],
          [
            115.5815041,
            -2.1799281
          ],
          [
            115.5813532,
            -2.1800726
          ],
          [
            115.5813231,
            -2.1800978
          ],
          [
            115.5812942,
            -2.1801244
          ],
          [
            115.5812665,
            -2.1801522
          ],
          [
            115.58124,
            -2.1801811
          ],
          [
            115.5812147,
            -2.1802113
          ],
          [
            115.5811908,
            -2.1802425
          ],
          [
            115.5811683,
            -2.1802747
          ],
          [
            115.5811472,
            -2.1803079
          ],
          [
            115.5811276,
            -2.1803419
          ],
          [
            115.5811095,
            -2.1803768
          ],
          [
            115.5810928,
            -2.1804125
          ],
          [
            115.5810778,
            -2.1804489
          ],
          [
            115.5810643,
            -2.1804859
          ],
          [
            115.5810525,
            -2.1805235
          ],
          [
            115.5810423,
            -2.1805615
          ],
          [
            115.5810338,
            -2.1806
          ],
          [
            115.5810269,
            -2.1806388
          ],
          [
            115.5810217,
            -2.1806779
          ],
          [
            115.5810182,
            -2.1807171
          ],
          [
            115.5810165,
            -2.1807565
          ],
          [
            115.5810164,
            -2.180796
          ],
          [
            115.581018,
            -2.1808353
          ],
          [
            115.5810186,
            -2.1808448
          ],
          [
            115.5810203,
            -2.1808842
          ],
          [
            115.5810236,
            -2.1809235
          ],
          [
            115.5810287,
            -2.1809626
          ],
          [
            115.5810354,
            -2.1810015
          ],
          [
            115.5810438,
            -2.18104
          ],
          [
            115.5810539,
            -2.1810781
          ],
          [
            115.5810656,
            -2.1811158
          ],
          [
            115.5810789,
            -2.1811529
          ],
          [
            115.5810939,
            -2.1811894
          ],
          [
            115.5811104,
            -2.1812252
          ],
          [
            115.5811284,
            -2.1812602
          ],
          [
            115.5811479,
            -2.1812944
          ],
          [
            115.5811689,
            -2.1813277
          ],
          [
            115.5811913,
            -2.1813601
          ],
          [
            115.5812151,
            -2.1813915
          ],
          [
            115.5812402,
            -2.1814218
          ],
          [
            115.5812666,
            -2.1814509
          ],
          [
            115.5812943,
            -2.1814789
          ],
          [
            115.5813231,
            -2.1815056
          ],
          [
            115.5814263,
            -2.1816032
          ],
          [
            115.581454,
            -2.1816312
          ],
          [
            115.5814828,
            -2.181658
          ],
          [
            115.5815128,
            -2.1816834
          ],
          [
            115.5815438,
            -2.1817075
          ],
          [
            115.5815758,
            -2.1817302
          ],
          [
            115.5816088,
            -2.1817515
          ],
          [
            115.5816427,
            -2.1817714
          ],
          [
            115.5816774,
            -2.1817897
          ],
          [
            115.5817129,
            -2.1818065
          ],
          [
            115.5817491,
            -2.1818217
          ],
          [
            115.5817858,
            -2.1818353
          ],
          [
            115.5818232,
            -2.1818473
          ],
          [
            115.581861,
            -2.1818576
          ],
          [
            115.5818992,
            -2.1818663
          ],
          [
            115.5819377,
            -2.1818733
          ],
          [
            115.5819766,
            -2.1818786
          ],
          [
            115.5820156,
            -2.1818821
          ],
          [
            115.5820384,
            -2.1818832
          ],
          [
            115.5820515,
            -2.1818844
          ],
          [
            115.582054,
            -2.1818845
          ],
          [
            115.5820555,
            -2.1818847
          ],
          [
            115.5820794,
            -2.1818858
          ],
          [
            115.5820932,
            -2.1818871
          ],
          [
            115.5821323,
            -2.1818889
          ],
          [
            115.5821715,
            -2.1818891
          ],
          [
            115.5822106,
            -2.1818875
          ],
          [
            115.5822496,
            -2.1818842
          ],
          [
            115.5822885,
            -2.1818792
          ],
          [
            115.582327,
            -2.1818725
          ],
          [
            115.5823653,
            -2.1818641
          ],
          [
            115.5824031,
            -2.181854
          ],
          [
            115.5824405,
            -2.1818422
          ],
          [
            115.5824773,
            -2.1818289
          ],
          [
            115.5825135,
            -2.1818139
          ],
          [
            115.5825491,
            -2.1817974
          ],
          [
            115.5825838,
            -2.1817793
          ],
          [
            115.5826178,
            -2.1817597
          ],
          [
            115.5826508,
            -2.1817386
          ],
          [
            115.582683,
            -2.1817161
          ],
          [
            115.5827141,
            -2.1816922
          ],
          [
            115.5827441,
            -2.181667
          ],
          [
            115.582773,
            -2.1816405
          ],
          [
            115.5828008,
            -2.1816127
          ],
          [
            115.5828273,
            -2.1815837
          ],
          [
            115.5828525,
            -2.1815536
          ],
          [
            115.5828753,
            -2.1815253
          ],
          [
            115.5829402,
            -2.1814537
          ],
          [
            115.5829667,
            -2.1814248
          ],
          [
            115.5829919,
            -2.1813947
          ],
          [
            115.5830158,
            -2.1813635
          ],
          [
            115.5830383,
            -2.1813312
          ],
          [
            115.5830594,
            -2.181298
          ],
          [
            115.5830791,
            -2.181264
          ],
          [
            115.5830972,
            -2.1812291
          ],
          [
            115.5831138,
            -2.1811934
          ],
          [
            115.5831289,
            -2.181157
          ],
          [
            115.5831423,
            -2.18112
          ],
          [
            115.5831542,
            -2.1810824
          ],
          [
            115.5831644,
            -2.1810444
          ],
          [
            115.5831729,
            -2.1810059
          ],
          [
            115.5831798,
            -2.1809671
          ],
          [
            115.5832531,
            -2.180791
          ],
          [
            115.5832912,
            -2.1807415
          ],
          [
            115.5833151,
            -2.1807103
          ],
          [
            115.5833376,
            -2.1806781
          ],
          [
            115.5833587,
            -2.1806449
          ],
          [
            115.5833783,
            -2.1806108
          ],
          [
            115.5833839,
            -2.180601
          ],
          [
            115.5834035,
            -2.1805669
          ],
          [
            115.583407,
            -2.1805602
          ],
          [
            115.5834132,
            -2.1805495
          ],
          [
            115.5834313,
            -2.1805146
          ],
          [
            115.5834479,
            -2.1804789
          ],
          [
            115.5834629,
            -2.1804425
          ],
          [
            115.5834643,
            -2.1804388
          ],
          [
            115.5834737,
            -2.1804187
          ],
          [
            115.5834887,
            -2.1803823
          ],
          [
            115.5835022,
            -2.1803453
          ],
          [
            115.583514,
            -2.1803077
          ],
          [
            115.5835843,
            -2.180114
          ],
          [
            115.5835994,
            -2.1800777
          ],
          [
            115.5836128,
            -2.1800407
          ],
          [
            115.5836247,
            -2.1800031
          ],
          [
            115.5836349,
            -2.179965
          ],
          [
            115.5836434,
            -2.1799266
          ],
          [
            115.5836503,
            -2.1798878
          ],
          [
            115.5836554,
            -2.1798487
          ],
          [
            115.5836589,
            -2.1798094
          ],
          [
            115.5836607,
            -2.17977
          ],
          [
            115.5836608,
            -2.1797306
          ],
          [
            115.5836591,
            -2.1796912
          ],
          [
            115.5836558,
            -2.1796519
          ],
          [
            115.5836507,
            -2.1796128
          ],
          [
            115.583644,
            -2.179574
          ],
          [
            115.5836356,
            -2.1795354
          ],
          [
            115.5836255,
            -2.1794973
          ],
          [
            115.5836138,
            -2.1794597
          ],
          [
            115.5836005,
            -2.1794226
          ],
          [
            115.5835855,
            -2.1793861
          ],
          [
            115.583569,
            -2.1793503
          ],
          [
            115.583551,
            -2.1793153
          ],
          [
            115.5835315,
            -2.1792811
          ],
          [
            115.5835105,
            -2.1792477
          ],
          [
            115.5834881,
            -2.1792153
          ],
          [
            115.5834643,
            -2.179184
          ],
          [
            115.5834392,
            -2.1791537
          ],
          [
            115.5834128,
            -2.1791245
          ],
          [
            115.5833851,
            -2.1790966
          ],
          [
            115.5833563,
            -2.1790698
          ],
          [
            115.5833263,
            -2.1790444
          ],
          [
            115.5832953,
            -2.1790202
          ],
          [
            115.583227,
            -2.1789655
          ],
          [
            115.583196,
            -2.1789414
          ],
          [
            115.5831639,
            -2.1789186
          ],
          [
            115.5831309,
            -2.1788973
          ],
          [
            115.5830971,
            -2.1788775
          ],
          [
            115.5830623,
            -2.1788592
          ],
          [
            115.5830269,
            -2.1788424
          ],
          [
            115.5829907,
            -2.1788272
          ],
          [
            115.5829539,
            -2.1788135
          ],
          [
            115.5829166,
            -2.1788016
          ],
          [
            115.5828788,
            -2.1787912
          ],
          [
            115.5828406,
            -2.1787826
          ],
          [
            115.582802,
            -2.1787756
          ],
          [
            115.5827632,
            -2.1787703
          ],
          [
            115.5827242,
            -2.1787667
          ],
          [
            115.5826851,
            -2.1787649
          ],
          [
            115.5826459,
            -2.1787647
          ],
          [
            115.5826068,
            -2.1787663
          ],
          [
            115.5825678,
            -2.1787696
          ],
          [
            115.5825289,
            -2.1787746
          ],
          [
            115.5824904,
            -2.1787813
          ],
          [
            115.5824521,
            -2.1787897
          ],
          [
            115.5824143,
            -2.1787998
          ],
          [
            115.5823769,
            -2.1788116
          ],
          [
            115.5823401,
            -2.1788249
          ],
          [
            115.5823039,
            -2.1788399
          ],
          [
            115.5822683,
            -2.1788564
          ],
          [
            115.5822336,
            -2.1788745
          ],
          [
            115.5821996,
            -2.1788941
          ]
        ]
      },
      "properties": {
        "tipe": "Radius 100m",
        "color": "#ff00ff",
        "weight": 2.5,
        "fill": false
      }
    },
    {
      "type": "Feature",
      "geometry": {
        "type": "LineString",
        "coordinates": [
          [
            115.5823387,
            -2.1660429
          ],
          [
            115.5823055,
            -2.1660638
          ],
          [
            115.5822733,
            -2.1660861
          ],
          [
            115.5822421,
            -2.1661099
          ],
          [
            115.5822119,
            -2.166135
          ],
          [
            115.5821828,
            -2.1661613
          ],
          [
            115.5821549,
            -2.166189
          ],
          [
            115.5821283,
            -2.1662178
          ],
          [
            115.582069,
            -2.1662804
          ],
          [
            115.5820433,
            -2.1663082
          ],
          [
            115.5820371,
            -2.1663144
          ],
          [
            115.5820104,
            -2.1663432
          ],
          [
            115.5819577,
            -2.1664009
          ],
          [
            115.5819298,
            -2.1664285
          ],
          [
            115.5819031,
            -2.1664574
          ],
          [
            115.5818864,
            -2.1664748
          ],
          [
            115.5818597,
            -2.1665036
          ],
          [
            115.5818343,
            -2.1665336
          ],
          [
            115.5818102,
            -2.1665647
          ],
          [
            115.5817876,
            -2.1665968
          ],
          [
            115.5817663,
            -2.1666298
          ],
          [
            115.5817465,
            -2.1666638
          ],
          [
            115.5817281,
            -2.1666986
          ],
          [
            115.58172,
            -2.1667159
          ],
          [
            115.581719,
            -2.1667179
          ],
          [
            115.5817022,
            -2.1667534
          ],
          [
            115.5816869,
            -2.1667897
          ],
          [
            115.5816733,
            -2.1668267
          ],
          [
            115.5816612,
            -2.1668642
          ],
          [
            115.5816508,
            -2.1669022
          ],
          [
            115.5816421,
            -2.1669406
          ],
          [
            115.581635,
            -2.1669794
          ],
          [
            115.5816296,
            -2.1670184
          ],
          [
            115.5816259,
            -2.1670577
          ],
          [
            115.581624,
            -2.1670971
          ],
          [
            115.5816237,
            -2.1671365
          ],
          [
            115.5816251,
            -2.1671759
          ],
          [
            115.5816283,
            -2.1672152
          ],
          [
            115.5816331,
            -2.1672544
          ],
          [
            115.5816396,
            -2.1672933
          ],
          [
            115.5816478,
            -2.1673318
          ],
          [
            115.5816577,
            -2.16737
          ],
          [
            115.5816692,
            -2.1674077
          ],
          [
            115.5816824,
            -2.1674449
          ],
          [
            115.5816971,
            -2.1674815
          ],
          [
            115.5816796,
            -2.1676643
          ],
          [
            115.5816613,
            -2.1676992
          ],
          [
            115.5816445,
            -2.1677348
          ],
          [
            115.5816292,
            -2.1677711
          ],
          [
            115.5816156,
            -2.167808
          ],
          [
            115.5816035,
            -2.1678455
          ],
          [
            115.5815931,
            -2.1678835
          ],
          [
            115.5815844,
            -2.1679219
          ],
          [
            115.5815773,
            -2.1679607
          ],
          [
            115.5815719,
            -2.1679997
          ],
          [
            115.5815682,
            -2.168039
          ],
          [
            115.5815663,
            -2.1680784
          ],
          [
            115.581566,
            -2.1681178
          ],
          [
            115.5815674,
            -2.1681572
          ],
          [
            115.5815706,
            -2.1681965
          ],
          [
            115.5815754,
            -2.1682357
          ],
          [
            115.5815819,
            -2.1682746
          ],
          [
            115.5815902,
            -2.1683131
          ],
          [
            115.5816,
            -2.1683513
          ],
          [
            115.581624,
            -2.1684628
          ],
          [
            115.5816322,
            -2.1685014
          ],
          [
            115.5816421,
            -2.1685395
          ],
          [
            115.5816536,
            -2.1685773
          ],
          [
            115.58167,
            -2.1686301
          ],
          [
            115.5816815,
            -2.1686678
          ],
          [
            115.5816914,
            -2.1686993
          ],
          [
            115.5817029,
            -2.168737
          ],
          [
            115.5817072,
            -2.1687506
          ],
          [
            115.5817187,
            -2.1687883
          ],
          [
            115.5817258,
            -2.1688109
          ],
          [
            115.5817373,
            -2.1688486
          ],
          [
            115.5817353,
            -2.1690563
          ],
          [
            115.5817248,
            -2.1690943
          ],
          [
            115.5817161,
            -2.1691327
          ],
          [
            115.5817015,
            -2.1691908
          ],
          [
            115.5816911,
            -2.1692288
          ],
          [
            115.5816823,
            -2.1692672
          ],
          [
            115.5816753,
            -2.169306
          ],
          [
            115.5816699,
            -2.169345
          ],
          [
            115.5816662,
            -2.1693843
          ],
          [
            115.5816642,
            -2.1694237
          ],
          [
            115.5816639,
            -2.1694631
          ],
          [
            115.5816654,
            -2.1695025
          ],
          [
            115.5816685,
            -2.1695418
          ],
          [
            115.5816734,
            -2.169581
          ],
          [
            115.5816799,
            -2.1696199
          ],
          [
            115.5816881,
            -2.1696584
          ],
          [
            115.581698,
            -2.1696966
          ],
          [
            115.5817095,
            -2.1697343
          ],
          [
            115.5817096,
            -2.1697346
          ],
          [
            115.5817106,
            -2.1697378
          ],
          [
            115.5817237,
            -2.169775
          ],
          [
            115.5817385,
            -2.1698115
          ],
          [
            115.5817548,
            -2.1698474
          ],
          [
            115.5817721,
            -2.1698855
          ],
          [
            115.5817884,
            -2.1699214
          ],
          [
            115.5818063,
            -2.1699565
          ],
          [
            115.5818256,
            -2.1699908
          ],
          [
            115.5818464,
            -2.1700243
          ],
          [
            115.5818687,
            -2.1700568
          ],
          [
            115.5818923,
            -2.1700883
          ],
          [
            115.5819173,
            -2.1701187
          ],
          [
            115.5819435,
            -2.170148
          ],
          [
            115.581971,
            -2.1701761
          ],
          [
            115.5819997,
            -2.170203
          ],
          [
            115.5820296,
            -2.1702286
          ],
          [
            115.5820605,
            -2.1702529
          ],
          [
            115.5820924,
            -2.1702758
          ],
          [
            115.5821253,
            -2.1702973
          ],
          [
            115.5821591,
            -2.1703173
          ],
          [
            115.5821937,
            -2.1703358
          ],
          [
            115.5822291,
            -2.1703528
          ],
          [
            115.5822651,
            -2.1703682
          ],
          [
            115.5823019,
            -2.170382
          ],
          [
            115.5823391,
            -2.1703942
          ],
          [
            115.5823769,
            -2.1704047
          ],
          [
            115.5824151,
            -2.1704136
          ],
          [
            115.582427,
            -2.1704158
          ],
          [
            115.5824479,
            -2.1704207
          ],
          [
            115.5824639,
            -2.1704237
          ],
          [
            115.5824921,
            -2.1704302
          ],
          [
            115.5825082,
            -2.1704332
          ],
          [
            115.5825364,
            -2.1704398
          ],
          [
            115.5825484,
            -2.170442
          ],
          [
            115.5825696,
            -2.170447
          ],
          [
            115.5826081,
            -2.1704541
          ],
          [
            115.5826676,
            -2.1704675
          ],
          [
            115.5827058,
            -2.1704764
          ],
          [
            115.5827444,
            -2.1704835
          ],
          [
            115.5827831,
            -2.170489
          ],
          [
            115.5828221,
            -2.1704928
          ],
          [
            115.5828613,
            -2.1704949
          ],
          [
            115.5829004,
            -2.1704952
          ],
          [
            115.5829396,
            -2.1704938
          ],
          [
            115.5829786,
            -2.1704907
          ],
          [
            115.5830175,
            -2.1704859
          ],
          [
            115.5830561,
            -2.1704794
          ],
          [
            115.5830944,
            -2.1704712
          ],
          [
            115.5831323,
            -2.1704614
          ],
          [
            115.5833519,
            -2.1704187
          ],
          [
            115.5833908,
            -2.1704139
          ],
          [
            115.5834294,
            -2.1704074
          ],
          [
            115.5834677,
            -2.1703992
          ],
          [
            115.5835056,
            -2.1703893
          ],
          [
            115.583543,
            -2.1703778
          ],
          [
            115.5835799,
            -2.1703646
          ],
          [
            115.5836162,
            -2.1703499
          ],
          [
            115.5836518,
            -2.1703335
          ],
          [
            115.5836867,
            -2.1703156
          ],
          [
            115.5837208,
            -2.1702962
          ],
          [
            115.5837539,
            -2.1702753
          ],
          [
            115.5837862,
            -2.170253
          ],
          [
            115.5838174,
            -2.1702292
          ],
          [
            115.5838476,
            -2.1702041
          ],
          [
            115.5838767,
            -2.1701778
          ],
          [
            115.5839045,
            -2.1701501
          ],
          [
            115.5839312,
            -2.1701213
          ],
          [
            115.5839566,
            -2.1700913
          ],
          [
            115.5839806,
            -2.1700602
          ],
          [
            115.5840033,
            -2.1700281
          ],
          [
            115.5840246,
            -2.169995
          ],
          [
            115.5840444,
            -2.1699611
          ],
          [
            115.5840628,
            -2.1699262
          ],
          [
            115.5840796,
            -2.1698906
          ],
          [
            115.5840948,
            -2.1698543
          ],
          [
            115.5841084,
            -2.1698174
          ],
          [
            115.5841205,
            -2.1697799
          ],
          [
            115.5841309,
            -2.1697419
          ],
          [
            115.5841396,
            -2.1697035
          ],
          [
            115.5841548,
            -2.1696468
          ],
          [
            115.5841652,
            -2.1696088
          ],
          [
            115.5841739,
            -2.1695704
          ],
          [
            115.584181,
            -2.1695316
          ],
          [
            115.5841955,
            -2.1694631
          ],
          [
            115.5842042,
            -2.1694247
          ],
          [
            115.5842113,
            -2.1693859
          ],
          [
            115.5842167,
            -2.1693468
          ],
          [
            115.5842203,
            -2.1693076
          ],
          [
            115.5842223,
            -2.1692682
          ],
          [
            115.5842285,
            -2.1691413
          ],
          [
            115.5842322,
            -2.1691021
          ],
          [
            115.5842342,
            -2.1690627
          ],
          [
            115.5842345,
            -2.1690232
          ],
          [
            115.5842408,
            -2.1688857
          ],
          [
            115.5842427,
            -2.1688463
          ],
          [
            115.584243,
            -2.1688069
          ],
          [
            115.5842416,
            -2.1687675
          ],
          [
            115.5842384,
            -2.1687282
          ],
          [
            115.5842336,
            -2.168689
          ],
          [
            115.584226,
            -2.1685484
          ],
          [
            115.5842263,
            -2.168509
          ],
          [
            115.5842249,
            -2.1684696
          ],
          [
            115.5842217,
            -2.1684303
          ],
          [
            115.5842169,
            -2.1683911
          ],
          [
            115.5842104,
            -2.1683522
          ],
          [
            115.5841845,
            -2.1681296
          ],
          [
            115.5841831,
            -2.1680902
          ],
          [
            115.5841799,
            -2.1680509
          ],
          [
            115.5841751,
            -2.1680118
          ],
          [
            115.5841686,
            -2.1679729
          ],
          [
            115.5841476,
            -2.1677658
          ],
          [
            115.5841462,
            -2.1677264
          ],
          [
            115.584143,
            -2.1676871
          ],
          [
            115.5841382,
            -2.1676479
          ],
          [
            115.5841317,
            -2.167609
          ],
          [
            115.5841234,
            -2.1675705
          ],
          [
            115.5841136,
            -2.1675323
          ],
          [
            115.5841021,
            -2.1674946
          ],
          [
            115.5840889,
            -2.1674574
          ],
          [
            115.5840416,
            -2.1673053
          ],
          [
            115.5840317,
            -2.1672671
          ],
          [
            115.5840202,
            -2.1672294
          ],
          [
            115.5840047,
            -2.1671796
          ],
          [
            115.5839932,
            -2.1671419
          ],
          [
            115.5839847,
            -2.1671147
          ],
          [
            115.5839732,
            -2.167077
          ],
          [
            115.5839677,
            -2.1670597
          ],
          [
            115.5839562,
            -2.167022
          ],
          [
            115.5839557,
            -2.1670208
          ],
          [
            115.5839504,
            -2.1670033
          ],
          [
            115.5839493,
            -2.1670003
          ],
          [
            115.5839493,
            -2.167
          ],
          [
            115.5839378,
            -2.1669623
          ],
          [
            115.5839336,
            -2.1669493
          ],
          [
            115.5839221,
            -2.1669116
          ],
          [
            115.5839215,
            -2.1669099
          ],
          [
            115.5839143,
            -2.1668862
          ],
          [
            115.5839133,
            -2.1668834
          ],
          [
            115.5839018,
            -2.1668457
          ],
          [
            115.5838972,
            -2.1668312
          ],
          [
            115.5838857,
            -2.1667935
          ],
          [
            115.583885,
            -2.1667918
          ],
          [
            115.5838777,
            -2.1667679
          ],
          [
            115.5838764,
            -2.1667642
          ],
          [
            115.5838762,
            -2.1667633
          ],
          [
            115.5838647,
            -2.1667256
          ],
          [
            115.5838641,
            -2.1667238
          ],
          [
            115.5838563,
            -2.1666985
          ],
          [
            115.5838535,
            -2.1666897
          ],
          [
            115.583842,
            -2.166652
          ],
          [
            115.5838418,
            -2.1666514
          ],
          [
            115.5838392,
            -2.1666429
          ],
          [
            115.5838278,
            -2.1666064
          ],
          [
            115.5838163,
            -2.1665687
          ],
          [
            115.5838031,
            -2.1665315
          ],
          [
            115.5837884,
            -2.1664949
          ],
          [
            115.5837721,
            -2.1664591
          ],
          [
            115.5837542,
            -2.1664239
          ],
          [
            115.5837349,
            -2.1663896
          ],
          [
            115.5837141,
            -2.1663562
          ],
          [
            115.5836918,
            -2.1663237
          ],
          [
            115.5836682,
            -2.1662922
          ],
          [
            115.5836432,
            -2.1662617
          ],
          [
            115.583617,
            -2.1662324
          ],
          [
            115.5835895,
            -2.1662043
          ],
          [
            115.5835608,
            -2.1661774
          ],
          [
            115.583531,
            -2.1661518
          ],
          [
            115.5835001,
            -2.1661275
          ],
          [
            115.5834681,
            -2.1661046
          ],
          [
            115.5834352,
            -2.1660831
          ],
          [
            115.5834015,
            -2.1660631
          ],
          [
            115.5833668,
            -2.1660446
          ],
          [
            115.5833315,
            -2.1660276
          ],
          [
            115.5832954,
            -2.1660122
          ],
          [
            115.5832587,
            -2.1659984
          ],
          [
            115.5832214,
            -2.1659862
          ],
          [
            115.5831836,
            -2.1659757
          ],
          [
            115.5831455,
            -2.1659668
          ],
          [
            115.5830763,
            -2.1659517
          ],
          [
            115.5830381,
            -2.1659428
          ],
          [
            115.5829996,
            -2.1659356
          ],
          [
            115.5829608,
            -2.1659301
          ],
          [
            115.5829418,
            -2.1659276
          ],
          [
            115.582903,
            -2.1659221
          ],
          [
            115.582864,
            -2.1659183
          ],
          [
            115.5828249,
            -2.1659163
          ],
          [
            115.5827857,
            -2.1659159
          ],
          [
            115.5827466,
            -2.1659173
          ],
          [
            115.5827076,
            -2.1659204
          ],
          [
            115.5826687,
            -2.1659252
          ],
          [
            115.5826301,
            -2.1659317
          ],
          [
            115.5825918,
            -2.1659399
          ],
          [
            115.5825539,
            -2.1659498
          ],
          [
            115.5825164,
            -2.1659613
          ],
          [
            115.5824795,
            -2.1659745
          ],
          [
            115.5824432,
            -2.1659892
          ],
          [
            115.5824076,
            -2.1660056
          ],
          [
            115.5823728,
            -2.1660235
          ],
          [
            115.5823387,
            -2.1660429
          ]
        ]
      },
      "properties": {
        "tipe": "Radius 100m",
        "color": "#ff00ff",
        "weight": 2.5,
        "fill": false
      }
    },
    {
      "type": "Feature",
      "geometry": {
        "type": "LineString",
        "coordinates": [
          [
            115.5798356,
            -2.1637477
          ],
          [
            115.5798031,
            -2.1637693
          ],
          [
            115.5797716,
            -2.1637924
          ],
          [
            115.5797411,
            -2.1638168
          ],
          [
            115.5797118,
            -2.1638425
          ],
          [
            115.5796835,
            -2.1638695
          ],
          [
            115.5796565,
            -2.1638977
          ],
          [
            115.5796307,
            -2.163927
          ],
          [
            115.5796065,
            -2.1639546
          ],
          [
            115.5795808,
            -2.163984
          ],
          [
            115.5795563,
            -2.1640145
          ],
          [
            115.5795331,
            -2.164046
          ],
          [
            115.5795113,
            -2.1640785
          ],
          [
            115.579491,
            -2.164112
          ],
          [
            115.5794722,
            -2.1641463
          ],
          [
            115.5794548,
            -2.1641814
          ],
          [
            115.579439,
            -2.1642172
          ],
          [
            115.5794247,
            -2.1642537
          ],
          [
            115.5794121,
            -2.1642908
          ],
          [
            115.579401,
            -2.1643284
          ],
          [
            115.5793917,
            -2.1643665
          ],
          [
            115.5793839,
            -2.1644049
          ],
          [
            115.5793779,
            -2.1644437
          ],
          [
            115.5793735,
            -2.1644826
          ],
          [
            115.5793708,
            -2.1645218
          ],
          [
            115.5793698,
            -2.164561
          ],
          [
            115.5793705,
            -2.1646002
          ],
          [
            115.579373,
            -2.1646394
          ],
          [
            115.5793771,
            -2.1646784
          ],
          [
            115.5793829,
            -2.1647172
          ],
          [
            115.5793903,
            -2.1647558
          ],
          [
            115.5793995,
            -2.1647939
          ],
          [
            115.5794103,
            -2.1648317
          ],
          [
            115.5794227,
            -2.1648689
          ],
          [
            115.5794367,
            -2.1649055
          ],
          [
            115.5794395,
            -2.1649126
          ],
          [
            115.5794519,
            -2.1649498
          ],
          [
            115.5794659,
            -2.1649865
          ],
          [
            115.5794815,
            -2.1650225
          ],
          [
            115.5794986,
            -2.1650577
          ],
          [
            115.5795173,
            -2.1650922
          ],
          [
            115.5795374,
            -2.1651259
          ],
          [
            115.5795589,
            -2.1651586
          ],
          [
            115.5795818,
            -2.1651904
          ],
          [
            115.5796061,
            -2.1652211
          ],
          [
            115.5796317,
            -2.1652508
          ],
          [
            115.5796586,
            -2.1652792
          ],
          [
            115.5796867,
            -2.1653065
          ],
          [
            115.5797159,
            -2.1653326
          ],
          [
            115.5797462,
            -2.1653573
          ],
          [
            115.5797775,
            -2.1653806
          ],
          [
            115.5798099,
            -2.1654026
          ],
          [
            115.5798431,
            -2.1654231
          ],
          [
            115.5798772,
            -2.1654422
          ],
          [
            115.5799121,
            -2.1654597
          ],
          [
            115.5799477,
            -2.1654757
          ],
          [
            115.579984,
            -2.1654901
          ],
          [
            115.5800209,
            -2.1655029
          ],
          [
            115.5800582,
            -2.1655141
          ],
          [
            115.5800961,
            -2.1655236
          ],
          [
            115.5801343,
            -2.1655315
          ],
          [
            115.5802132,
            -2.1655488
          ],
          [
            115.5802514,
            -2.1655567
          ],
          [
            115.5803363,
            -2.1655728
          ],
          [
            115.5803745,
            -2.1655806
          ],
          [
            115.580413,
            -2.1655868
          ],
          [
            115.5804517,
            -2.1655913
          ],
          [
            115.5804906,
            -2.165594
          ],
          [
            115.5805296,
            -2.1655951
          ],
          [
            115.5805685,
            -2.1655944
          ],
          [
            115.5806074,
            -2.1655921
          ],
          [
            115.5806462,
            -2.165588
          ],
          [
            115.5806847,
            -2.1655822
          ],
          [
            115.580723,
            -2.1655748
          ],
          [
            115.5807608,
            -2.1655656
          ],
          [
            115.5807983,
            -2.1655549
          ],
          [
            115.5808352,
            -2.1655424
          ],
          [
            115.5808716,
            -2.1655284
          ],
          [
            115.5809073,
            -2.1655128
          ],
          [
            115.5809424,
            -2.1654956
          ],
          [
            115.5809766,
            -2.1654769
          ],
          [
            115.58101,
            -2.1654567
          ],
          [
            115.5810425,
            -2.1654351
          ],
          [
            115.581074,
            -2.1654121
          ],
          [
            115.5811044,
            -2.1653877
          ],
          [
            115.5811338,
            -2.1653619
          ],
          [
            115.5811621,
            -2.165335
          ],
          [
            115.5811891,
            -2.1653068
          ],
          [
            115.5812149,
            -2.1652774
          ],
          [
            115.5812407,
            -2.1652476
          ],
          [
            115.5812665,
            -2.1652183
          ],
          [
            115.581291,
            -2.1651878
          ],
          [
            115.5813141,
            -2.1651563
          ],
          [
            115.5813359,
            -2.1651237
          ],
          [
            115.5813562,
            -2.1650903
          ],
          [
            115.5813751,
            -2.165056
          ],
          [
            115.5813925,
            -2.1650209
          ],
          [
            115.5814083,
            -2.1649851
          ],
          [
            115.5814225,
            -2.1649486
          ],
          [
            115.5814352,
            -2.1649115
          ],
          [
            115.5814462,
            -2.1648739
          ],
          [
            115.5814556,
            -2.1648358
          ],
          [
            115.5814633,
            -2.1647974
          ],
          [
            115.5814694,
            -2.1647586
          ],
          [
            115.5814738,
            -2.1647196
          ],
          [
            115.5814764,
            -2.1646805
          ],
          [
            115.5814774,
            -2.1646413
          ],
          [
            115.5814767,
            -2.164602
          ],
          [
            115.5814743,
            -2.1645629
          ],
          [
            115.5814702,
            -2.1645238
          ],
          [
            115.5814644,
            -2.164485
          ],
          [
            115.5814569,
            -2.1644465
          ],
          [
            115.5814478,
            -2.1644083
          ],
          [
            115.581437,
            -2.1643706
          ],
          [
            115.5814246,
            -2.1643334
          ],
          [
            115.5814108,
            -2.1642949
          ],
          [
            115.5813984,
            -2.1642577
          ],
          [
            115.5813844,
            -2.164221
          ],
          [
            115.5813688,
            -2.164185
          ],
          [
            115.5813517,
            -2.1641497
          ],
          [
            115.5813331,
            -2.1641152
          ],
          [
            115.581313,
            -2.1640816
          ],
          [
            115.5812914,
            -2.1640488
          ],
          [
            115.5812685,
            -2.1640171
          ],
          [
            115.5812442,
            -2.1639864
          ],
          [
            115.5812186,
            -2.1639567
          ],
          [
            115.5811917,
            -2.1639282
          ],
          [
            115.5811637,
            -2.163901
          ],
          [
            115.5811345,
            -2.1638749
          ],
          [
            115.5811042,
            -2.1638502
          ],
          [
            115.5810728,
            -2.1638268
          ],
          [
            115.5810405,
            -2.1638049
          ],
          [
            115.5810072,
            -2.1637844
          ],
          [
            115.5809731,
            -2.1637653
          ],
          [
            115.5809382,
            -2.1637478
          ],
          [
            115.5809026,
            -2.1637318
          ],
          [
            115.5808663,
            -2.1637174
          ],
          [
            115.5808295,
            -2.1637046
          ],
          [
            115.5807921,
            -2.1636934
          ],
          [
            115.5807543,
            -2.1636839
          ],
          [
            115.5807161,
            -2.163676
          ],
          [
            115.5806714,
            -2.1636652
          ],
          [
            115.5806336,
            -2.1636557
          ],
          [
            115.5805954,
            -2.1636478
          ],
          [
            115.5805093,
            -2.1636317
          ],
          [
            115.5804711,
            -2.1636238
          ],
          [
            115.5804326,
            -2.1636176
          ],
          [
            115.5803939,
            -2.1636132
          ],
          [
            115.580355,
            -2.1636104
          ],
          [
            115.580316,
            -2.1636093
          ],
          [
            115.5802771,
            -2.16361
          ],
          [
            115.5802382,
            -2.1636124
          ],
          [
            115.5801994,
            -2.1636164
          ],
          [
            115.5801609,
            -2.1636222
          ],
          [
            115.5801226,
            -2.1636296
          ],
          [
            115.5800847,
            -2.1636388
          ],
          [
            115.5800473,
            -2.1636496
          ],
          [
            115.5800103,
            -2.163662
          ],
          [
            115.579974,
            -2.163676
          ],
          [
            115.5799382,
            -2.1636916
          ],
          [
            115.5799032,
            -2.1637088
          ],
          [
            115.579869,
            -2.1637275
          ],
          [
            115.5798356,
            -2.1637477
          ]
        ]
      },
      "properties": {
        "tipe": "Radius 100m",
        "color": "#ff00ff",
        "weight": 2.5,
        "fill": false
      }
    },
    {
      "type": "Feature",
      "geometry": {
        "type": "LineString",
        "coordinates": [
          [
            115.5876545,
            -2.1525965
          ],
          [
            115.5876218,
            -2.1526182
          ],
          [
            115.5875901,
            -2.1526413
          ],
          [
            115.5875594,
            -2.1526658
          ],
          [
            115.5875298,
            -2.1526916
          ],
          [
            115.5875014,
            -2.1527186
          ],
          [
            115.5874741,
            -2.1527469
          ],
          [
            115.5874481,
            -2.1527764
          ],
          [
            115.5874234,
            -2.152807
          ],
          [
            115.5874001,
            -2.1528386
          ],
          [
            115.5873782,
            -2.1528712
          ],
          [
            115.5873577,
            -2.1529048
          ],
          [
            115.5873386,
            -2.1529392
          ],
          [
            115.5873211,
            -2.1529745
          ],
          [
            115.5872921,
            -2.1530319
          ],
          [
            115.5872731,
            -2.1530663
          ],
          [
            115.5872556,
            -2.1531016
          ],
          [
            115.5872523,
            -2.153109
          ],
          [
            115.5872344,
            -2.1531413
          ],
          [
            115.5872169,
            -2.1531766
          ],
          [
            115.5871773,
            -2.153252
          ],
          [
            115.5871598,
            -2.1532872
          ],
          [
            115.5870481,
            -2.1534412
          ],
          [
            115.5870209,
            -2.1534695
          ],
          [
            115.5869949,
            -2.153499
          ],
          [
            115.5869702,
            -2.1535296
          ],
          [
            115.5869469,
            -2.1535612
          ],
          [
            115.5869249,
            -2.1535939
          ],
          [
            115.5869044,
            -2.1536274
          ],
          [
            115.5868854,
            -2.1536619
          ],
          [
            115.5868679,
            -2.1536971
          ],
          [
            115.5867345,
            -2.1538774
          ],
          [
            115.5867085,
            -2.1539068
          ],
          [
            115.5866838,
            -2.1539374
          ],
          [
            115.5866605,
            -2.1539691
          ],
          [
            115.5866385,
            -2.1540017
          ],
          [
            115.586618,
            -2.1540353
          ],
          [
            115.586599,
            -2.1540697
          ],
          [
            115.5865815,
            -2.1541049
          ],
          [
            115.5865352,
            -2.1541916
          ],
          [
            115.5865147,
            -2.1542251
          ],
          [
            115.5864957,
            -2.1542596
          ],
          [
            115.5864781,
            -2.1542948
          ],
          [
            115.5864752,
            -2.1543014
          ],
          [
            115.5864582,
            -2.1543323
          ],
          [
            115.5864469,
            -2.154355
          ],
          [
            115.5864405,
            -2.1543665
          ],
          [
            115.586423,
            -2.1544018
          ],
          [
            115.586407,
            -2.1544377
          ],
          [
            115.5863356,
            -2.1545724
          ],
          [
            115.5863165,
            -2.1546069
          ],
          [
            115.586299,
            -2.1546421
          ],
          [
            115.5862534,
            -2.1547316
          ],
          [
            115.5862344,
            -2.1547661
          ],
          [
            115.5862169,
            -2.1548013
          ],
          [
            115.5861617,
            -2.1549095
          ],
          [
            115.5861427,
            -2.1549439
          ],
          [
            115.5861252,
            -2.1549791
          ],
          [
            115.5861092,
            -2.1550151
          ],
          [
            115.5860948,
            -2.1550518
          ],
          [
            115.586082,
            -2.155089
          ],
          [
            115.5860708,
            -2.1551268
          ],
          [
            115.5860613,
            -2.1551651
          ],
          [
            115.5860535,
            -2.1552037
          ],
          [
            115.5860473,
            -2.1552426
          ],
          [
            115.5860428,
            -2.1552818
          ],
          [
            115.58604,
            -2.1553211
          ],
          [
            115.586039,
            -2.1553606
          ],
          [
            115.5860396,
            -2.1554
          ],
          [
            115.586042,
            -2.1554394
          ],
          [
            115.586046,
            -2.1554786
          ],
          [
            115.5860518,
            -2.1555176
          ],
          [
            115.5860592,
            -2.1555564
          ],
          [
            115.5860683,
            -2.1555948
          ],
          [
            115.586079,
            -2.1556327
          ],
          [
            115.5860914,
            -2.1556701
          ],
          [
            115.5861054,
            -2.155707
          ],
          [
            115.586121,
            -2.1557432
          ],
          [
            115.5861381,
            -2.1557787
          ],
          [
            115.5861568,
            -2.1558134
          ],
          [
            115.5861769,
            -2.1558473
          ],
          [
            115.5861985,
            -2.1558803
          ],
          [
            115.5862215,
            -2.1559122
          ],
          [
            115.5862459,
            -2.1559432
          ],
          [
            115.5862715,
            -2.155973
          ],
          [
            115.5862985,
            -2.1560017
          ],
          [
            115.5863266,
            -2.1560292
          ],
          [
            115.5863559,
            -2.1560554
          ],
          [
            115.5863863,
            -2.1560803
          ],
          [
            115.5864178,
            -2.1561039
          ],
          [
            115.5864502,
            -2.156126
          ],
          [
            115.5864836,
            -2.1561467
          ],
          [
            115.5865179,
            -2.1561659
          ],
          [
            115.5865691,
            -2.1561953
          ],
          [
            115.5866025,
            -2.156216
          ],
          [
            115.5866367,
            -2.1562353
          ],
          [
            115.5866718,
            -2.156253
          ],
          [
            115.5867371,
            -2.1562891
          ],
          [
            115.5867713,
            -2.1563083
          ],
          [
            115.5868064,
            -2.156326
          ],
          [
            115.5868421,
            -2.1563422
          ],
          [
            115.5868786,
            -2.1563567
          ],
          [
            115.5869156,
            -2.1563697
          ],
          [
            115.5869531,
            -2.156381
          ],
          [
            115.5869911,
            -2.1563906
          ],
          [
            115.5870295,
            -2.1563986
          ],
          [
            115.5870682,
            -2.1564049
          ],
          [
            115.5871071,
            -2.1564095
          ],
          [
            115.5871462,
            -2.1564123
          ],
          [
            115.5871854,
            -2.1564135
          ],
          [
            115.5872245,
            -2.1564129
          ],
          [
            115.5872636,
            -2.1564106
          ],
          [
            115.5873026,
            -2.1564066
          ],
          [
            115.5873413,
            -2.1564009
          ],
          [
            115.5873798,
            -2.1563935
          ],
          [
            115.5874179,
            -2.1563844
          ],
          [
            115.5874294,
            -2.1563818
          ],
          [
            115.5874679,
            -2.1563743
          ],
          [
            115.587506,
            -2.1563652
          ],
          [
            115.5875436,
            -2.1563545
          ],
          [
            115.5875808,
            -2.1563421
          ],
          [
            115.5876174,
            -2.1563281
          ],
          [
            115.5876533,
            -2.1563124
          ],
          [
            115.5876885,
            -2.1562952
          ],
          [
            115.587723,
            -2.1562765
          ],
          [
            115.5877566,
            -2.1562563
          ],
          [
            115.5877893,
            -2.1562346
          ],
          [
            115.5878443,
            -2.1561985
          ],
          [
            115.5878779,
            -2.1561783
          ],
          [
            115.5879106,
            -2.1561566
          ],
          [
            115.5879423,
            -2.1561335
          ],
          [
            115.587973,
            -2.156109
          ],
          [
            115.5880025,
            -2.1560833
          ],
          [
            115.588031,
            -2.1560562
          ],
          [
            115.5880582,
            -2.1560279
          ],
          [
            115.5880842,
            -2.1559984
          ],
          [
            115.5881089,
            -2.1559678
          ],
          [
            115.5881323,
            -2.1559362
          ],
          [
            115.5881542,
            -2.1559036
          ],
          [
            115.5881747,
            -2.15587
          ],
          [
            115.5881937,
            -2.1558356
          ],
          [
            115.5882113,
            -2.1558003
          ],
          [
            115.5882403,
            -2.1557453
          ],
          [
            115.5882578,
            -2.15571
          ],
          [
            115.5882996,
            -2.1556279
          ],
          [
            115.5884055,
            -2.1554871
          ],
          [
            115.5884328,
            -2.1554588
          ],
          [
            115.5884588,
            -2.1554294
          ],
          [
            115.5884835,
            -2.1553988
          ],
          [
            115.5885068,
            -2.1553672
          ],
          [
            115.5885287,
            -2.1553345
          ],
          [
            115.5885492,
            -2.155301
          ],
          [
            115.5885683,
            -2.1552665
          ],
          [
            115.5885858,
            -2.1552313
          ],
          [
            115.5885873,
            -2.1552278
          ],
          [
            115.588601,
            -2.1552031
          ],
          [
            115.5886185,
            -2.1551678
          ],
          [
            115.5886185,
            -2.1551678
          ],
          [
            115.5886284,
            -2.1551498
          ],
          [
            115.588646,
            -2.1551146
          ],
          [
            115.5886834,
            -2.1550433
          ],
          [
            115.5887009,
            -2.1550081
          ],
          [
            115.5887624,
            -2.1548877
          ],
          [
            115.5887814,
            -2.1548533
          ],
          [
            115.5887989,
            -2.154818
          ],
          [
            115.5888002,
            -2.1548152
          ],
          [
            115.5888132,
            -2.1547917
          ],
          [
            115.5888307,
            -2.1547565
          ],
          [
            115.5888341,
            -2.1547488
          ],
          [
            115.5888523,
            -2.1547158
          ],
          [
            115.5888699,
            -2.1546805
          ],
          [
            115.5888858,
            -2.1546445
          ],
          [
            115.5889446,
            -2.1545345
          ],
          [
            115.5889636,
            -2.1545
          ],
          [
            115.5889811,
            -2.1544648
          ],
          [
            115.5889971,
            -2.1544288
          ],
          [
            115.5890889,
            -2.1542486
          ],
          [
            115.5891094,
            -2.154215
          ],
          [
            115.5891284,
            -2.1541805
          ],
          [
            115.5891459,
            -2.1541453
          ],
          [
            115.5891581,
            -2.1541179
          ],
          [
            115.5891624,
            -2.1541092
          ],
          [
            115.5891784,
            -2.1540732
          ],
          [
            115.5891928,
            -2.1540366
          ],
          [
            115.5892056,
            -2.1539993
          ],
          [
            115.5892167,
            -2.1539615
          ],
          [
            115.5892263,
            -2.1539233
          ],
          [
            115.5892341,
            -2.1538847
          ],
          [
            115.5892403,
            -2.1538457
          ],
          [
            115.5892448,
            -2.1538065
          ],
          [
            115.5892662,
            -2.1536899
          ],
          [
            115.5892741,
            -2.1536513
          ],
          [
            115.5892803,
            -2.1536123
          ],
          [
            115.5892847,
            -2.1535732
          ],
          [
            115.5892875,
            -2.1535338
          ],
          [
            115.5892886,
            -2.1534944
          ],
          [
            115.5892879,
            -2.153455
          ],
          [
            115.5892856,
            -2.1534156
          ],
          [
            115.5892815,
            -2.1533764
          ],
          [
            115.5892758,
            -2.1533373
          ],
          [
            115.5892684,
            -2.1532986
          ],
          [
            115.5892593,
            -2.1532602
          ],
          [
            115.5892485,
            -2.1532223
          ],
          [
            115.5892361,
            -2.1531848
          ],
          [
            115.5892221,
            -2.153148
          ],
          [
            115.5892066,
            -2.1531118
          ],
          [
            115.5891894,
            -2.1530763
          ],
          [
            115.5891708,
            -2.1530415
          ],
          [
            115.5891506,
            -2.1530077
          ],
          [
            115.589129,
            -2.1529747
          ],
          [
            115.5891061,
            -2.1529427
          ],
          [
            115.5891014,
            -2.1529369
          ],
          [
            115.589101,
            -2.1529361
          ],
          [
            115.5890794,
            -2.1529032
          ],
          [
            115.5890564,
            -2.1528712
          ],
          [
            115.5890321,
            -2.1528402
          ],
          [
            115.5890064,
            -2.1528104
          ],
          [
            115.5889795,
            -2.1527817
          ],
          [
            115.5889513,
            -2.1527542
          ],
          [
            115.588922,
            -2.152728
          ],
          [
            115.5888916,
            -2.1527031
          ],
          [
            115.5888601,
            -2.1526796
          ],
          [
            115.5888277,
            -2.1526574
          ],
          [
            115.5887943,
            -2.1526367
          ],
          [
            115.5887601,
            -2.1526175
          ],
          [
            115.588725,
            -2.1525998
          ],
          [
            115.5886713,
            -2.1525697
          ],
          [
            115.5886371,
            -2.1525504
          ],
          [
            115.588602,
            -2.1525327
          ],
          [
            115.5885663,
            -2.1525166
          ],
          [
            115.5885298,
            -2.152502
          ],
          [
            115.5884928,
            -2.1524891
          ],
          [
            115.5884553,
            -2.1524778
          ],
          [
            115.5884173,
            -2.1524681
          ],
          [
            115.5883789,
            -2.1524601
          ],
          [
            115.5883402,
            -2.1524539
          ],
          [
            115.5883013,
            -2.1524493
          ],
          [
            115.5882622,
            -2.1524464
          ],
          [
            115.588223,
            -2.1524453
          ],
          [
            115.5881839,
            -2.1524458
          ],
          [
            115.5881448,
            -2.1524481
          ],
          [
            115.5881058,
            -2.1524521
          ],
          [
            115.5880671,
            -2.1524579
          ],
          [
            115.5880205,
            -2.1524654
          ],
          [
            115.5879817,
            -2.1524711
          ],
          [
            115.5879432,
            -2.1524785
          ],
          [
            115.5879051,
            -2.1524876
          ],
          [
            115.5878675,
            -2.1524984
          ],
          [
            115.5878303,
            -2.1525108
          ],
          [
            115.5877937,
            -2.1525248
          ],
          [
            115.5877578,
            -2.1525404
          ],
          [
            115.5877225,
            -2.1525576
          ],
          [
            115.5876881,
            -2.1525763
          ],
          [
            115.5876545,
            -2.1525965
          ]
        ]
      },
      "properties": {
        "tipe": "Radius 100m",
        "color": "#ff00ff",
        "weight": 2.5,
        "fill": false
      }
    },
    {
      "type": "Feature",
      "geometry": {
        "type": "LineString",
        "coordinates": [
          [
            115.5880501,
            -2.1832096
          ],
          [
            115.5880171,
            -2.1832309
          ],
          [
            115.5879851,
            -2.1832535
          ],
          [
            115.5879541,
            -2.1832776
          ],
          [
            115.5879241,
            -2.183303
          ],
          [
            115.5878953,
            -2.1833296
          ],
          [
            115.5878677,
            -2.1833576
          ],
          [
            115.5878413,
            -2.1833867
          ],
          [
            115.5877161,
            -2.1835052
          ],
          [
            115.5876861,
            -2.1835306
          ],
          [
            115.5876573,
            -2.1835573
          ],
          [
            115.5876297,
            -2.1835852
          ],
          [
            115.5876033,
            -2.1836143
          ],
          [
            115.5875782,
            -2.1836446
          ],
          [
            115.5875545,
            -2.1836759
          ],
          [
            115.5874159,
            -2.1838345
          ],
          [
            115.587387,
            -2.1838612
          ],
          [
            115.5873594,
            -2.1838891
          ],
          [
            115.587333,
            -2.1839182
          ],
          [
            115.5873202,
            -2.1839336
          ],
          [
            115.5873162,
            -2.1839381
          ],
          [
            115.5872151,
            -2.1840368
          ],
          [
            115.5871852,
            -2.1840622
          ],
          [
            115.5871564,
            -2.1840888
          ],
          [
            115.5871288,
            -2.1841168
          ],
          [
            115.5871024,
            -2.1841459
          ],
          [
            115.5870773,
            -2.1841761
          ],
          [
            115.5870535,
            -2.1842074
          ],
          [
            115.5870233,
            -2.1842491
          ],
          [
            115.5870009,
            -2.1842815
          ],
          [
            115.5869956,
            -2.1842899
          ],
          [
            115.5869949,
            -2.1842909
          ],
          [
            115.586974,
            -2.1843242
          ],
          [
            115.5869651,
            -2.1843379
          ],
          [
            115.5869441,
            -2.1843712
          ],
          [
            115.5869313,
            -2.1843911
          ],
          [
            115.5869103,
            -2.1844244
          ],
          [
            115.5868908,
            -2.1844585
          ],
          [
            115.5868728,
            -2.1844935
          ],
          [
            115.5868564,
            -2.1845293
          ],
          [
            115.5868415,
            -2.1845658
          ],
          [
            115.5868282,
            -2.1846028
          ],
          [
            115.5868165,
            -2.1846405
          ],
          [
            115.5868065,
            -2.1846786
          ],
          [
            115.5867981,
            -2.1847171
          ],
          [
            115.5867914,
            -2.1847559
          ],
          [
            115.5867864,
            -2.1847951
          ],
          [
            115.5867831,
            -2.1848344
          ],
          [
            115.5867815,
            -2.1848738
          ],
          [
            115.5867816,
            -2.1849132
          ],
          [
            115.5867835,
            -2.1849526
          ],
          [
            115.586787,
            -2.1849919
          ],
          [
            115.5867922,
            -2.185031
          ],
          [
            115.5867991,
            -2.1850698
          ],
          [
            115.5868077,
            -2.1851083
          ],
          [
            115.586818,
            -2.1851464
          ],
          [
            115.5868299,
            -2.185184
          ],
          [
            115.5868434,
            -2.1852211
          ],
          [
            115.5868585,
            -2.1852575
          ],
          [
            115.5868751,
            -2.1852932
          ],
          [
            115.5868921,
            -2.1853314
          ],
          [
            115.5869088,
            -2.1853671
          ],
          [
            115.586927,
            -2.1854021
          ],
          [
            115.5869467,
            -2.1854362
          ],
          [
            115.5869678,
            -2.1854695
          ],
          [
            115.5869904,
            -2.1855017
          ],
          [
            115.5870143,
            -2.185533
          ],
          [
            115.5870396,
            -2.1855632
          ],
          [
            115.5870661,
            -2.1855923
          ],
          [
            115.5870939,
            -2.1856201
          ],
          [
            115.5871229,
            -2.1856467
          ],
          [
            115.587153,
            -2.185672
          ],
          [
            115.5871841,
            -2.185696
          ],
          [
            115.5872163,
            -2.1857186
          ],
          [
            115.5872494,
            -2.1857398
          ],
          [
            115.5872833,
            -2.1857594
          ],
          [
            115.5873182,
            -2.1857776
          ],
          [
            115.5873537,
            -2.1857942
          ],
          [
            115.5873899,
            -2.1858093
          ],
          [
            115.5874268,
            -2.1858227
          ],
          [
            115.5874642,
            -2.1858346
          ],
          [
            115.5875021,
            -2.1858447
          ],
          [
            115.5875403,
            -2.1858532
          ],
          [
            115.5877182,
            -2.1859036
          ],
          [
            115.5877556,
            -2.1859154
          ],
          [
            115.5877934,
            -2.1859256
          ],
          [
            115.5878317,
            -2.1859341
          ],
          [
            115.5878703,
            -2.1859409
          ],
          [
            115.5879092,
            -2.185946
          ],
          [
            115.5879482,
            -2.1859494
          ],
          [
            115.5880092,
            -2.1859532
          ],
          [
            115.5880483,
            -2.1859549
          ],
          [
            115.5880602,
            -2.1859549
          ],
          [
            115.5880649,
            -2.1859551
          ],
          [
            115.588104,
            -2.185955
          ],
          [
            115.5881432,
            -2.1859533
          ],
          [
            115.5882418,
            -2.1859539
          ],
          [
            115.5882434,
            -2.1859539
          ],
          [
            115.5882661,
            -2.1859559
          ],
          [
            115.5883052,
            -2.1859576
          ],
          [
            115.588322,
            -2.1859576
          ],
          [
            115.5883281,
            -2.1859578
          ],
          [
            115.5883672,
            -2.1859578
          ],
          [
            115.5884064,
            -2.185956
          ],
          [
            115.5884454,
            -2.1859525
          ],
          [
            115.5884842,
            -2.1859473
          ],
          [
            115.5885228,
            -2.1859404
          ],
          [
            115.588561,
            -2.1859319
          ],
          [
            115.5885988,
            -2.1859216
          ],
          [
            115.5886361,
            -2.1859097
          ],
          [
            115.5886729,
            -2.1858962
          ],
          [
            115.5887091,
            -2.185881
          ],
          [
            115.5887445,
            -2.1858643
          ],
          [
            115.5887792,
            -2.1858461
          ],
          [
            115.5888131,
            -2.1858263
          ],
          [
            115.5888461,
            -2.1858051
          ],
          [
            115.5888781,
            -2.1857824
          ],
          [
            115.5889091,
            -2.1857584
          ],
          [
            115.588939,
            -2.185733
          ],
          [
            115.5889679,
            -2.1857063
          ],
          [
            115.5889955,
            -2.1856784
          ],
          [
            115.5890219,
            -2.1856493
          ],
          [
            115.589047,
            -2.185619
          ],
          [
            115.5890707,
            -2.1855877
          ],
          [
            115.5890931,
            -2.1855554
          ],
          [
            115.589114,
            -2.1855221
          ],
          [
            115.5891626,
            -2.185446
          ],
          [
            115.5891836,
            -2.1854127
          ],
          [
            115.589232,
            -2.1853341
          ],
          [
            115.5892544,
            -2.1853018
          ],
          [
            115.5892718,
            -2.1852741
          ],
          [
            115.589274,
            -2.1852709
          ],
          [
            115.5892949,
            -2.1852376
          ],
          [
            115.5893339,
            -2.1851767
          ],
          [
            115.5893548,
            -2.1851434
          ],
          [
            115.5893618,
            -2.1851328
          ],
          [
            115.5893828,
            -2.1850995
          ],
          [
            115.5894302,
            -2.1850252
          ],
          [
            115.5894511,
            -2.1849919
          ],
          [
            115.5894665,
            -2.1849682
          ],
          [
            115.5894874,
            -2.1849349
          ],
          [
            115.5895388,
            -2.1848545
          ],
          [
            115.5895591,
            -2.1848222
          ],
          [
            115.5895616,
            -2.1848185
          ],
          [
            115.5895826,
            -2.1847853
          ],
          [
            115.5895934,
            -2.1847685
          ],
          [
            115.5896144,
            -2.1847353
          ],
          [
            115.5896228,
            -2.1847224
          ],
          [
            115.5896437,
            -2.1846891
          ],
          [
            115.5896632,
            -2.1846549
          ],
          [
            115.5896812,
            -2.1846199
          ],
          [
            115.5896977,
            -2.1845841
          ],
          [
            115.5897126,
            -2.1845477
          ],
          [
            115.5897258,
            -2.1845106
          ],
          [
            115.5897375,
            -2.184473
          ],
          [
            115.5897476,
            -2.1844349
          ],
          [
            115.5897559,
            -2.1843963
          ],
          [
            115.5897626,
            -2.1843575
          ],
          [
            115.5897676,
            -2.1843184
          ],
          [
            115.5897709,
            -2.1842791
          ],
          [
            115.5897725,
            -2.1842397
          ],
          [
            115.5897724,
            -2.1842002
          ],
          [
            115.5897706,
            -2.1841608
          ],
          [
            115.589767,
            -2.1841215
          ],
          [
            115.5897618,
            -2.1840824
          ],
          [
            115.5897549,
            -2.1840436
          ],
          [
            115.5897463,
            -2.1840051
          ],
          [
            115.5897361,
            -2.183967
          ],
          [
            115.5897242,
            -2.1839294
          ],
          [
            115.5897107,
            -2.1838923
          ],
          [
            115.5896956,
            -2.1838559
          ],
          [
            115.5896789,
            -2.1838202
          ],
          [
            115.5896607,
            -2.1837852
          ],
          [
            115.589641,
            -2.1837511
          ],
          [
            115.5896199,
            -2.1837178
          ],
          [
            115.5895973,
            -2.1836856
          ],
          [
            115.5895734,
            -2.1836543
          ],
          [
            115.5895481,
            -2.1836241
          ],
          [
            115.5895216,
            -2.1835951
          ],
          [
            115.589399,
            -2.1834483
          ],
          [
            115.5893751,
            -2.183417
          ],
          [
            115.5893498,
            -2.1833868
          ],
          [
            115.5893232,
            -2.1833578
          ],
          [
            115.5892955,
            -2.1833299
          ],
          [
            115.5892665,
            -2.1833033
          ],
          [
            115.5892364,
            -2.183278
          ],
          [
            115.5892053,
            -2.183254
          ],
          [
            115.5891731,
            -2.1832314
          ],
          [
            115.58914,
            -2.1832103
          ],
          [
            115.589106,
            -2.1831906
          ],
          [
            115.5890712,
            -2.1831724
          ],
          [
            115.5890357,
            -2.1831558
          ],
          [
            115.5889994,
            -2.1831407
          ],
          [
            115.5889626,
            -2.1831273
          ],
          [
            115.5889252,
            -2.1831154
          ],
          [
            115.5888873,
            -2.1831053
          ],
          [
            115.588849,
            -2.1830968
          ],
          [
            115.5888104,
            -2.18309
          ],
          [
            115.5887716,
            -2.1830849
          ],
          [
            115.5887325,
            -2.1830815
          ],
          [
            115.5886934,
            -2.1830798
          ],
          [
            115.5886831,
            -2.1830798
          ],
          [
            115.5886793,
            -2.1830797
          ],
          [
            115.5886588,
            -2.1830797
          ],
          [
            115.5886513,
            -2.1830794
          ],
          [
            115.5886121,
            -2.1830794
          ],
          [
            115.5885351,
            -2.1830781
          ],
          [
            115.5884959,
            -2.1830782
          ],
          [
            115.5884568,
            -2.1830799
          ],
          [
            115.5884178,
            -2.1830834
          ],
          [
            115.588379,
            -2.1830886
          ],
          [
            115.5883404,
            -2.1830955
          ],
          [
            115.5883022,
            -2.1831041
          ],
          [
            115.5882644,
            -2.1831144
          ],
          [
            115.5882271,
            -2.1831263
          ],
          [
            115.5881903,
            -2.1831398
          ],
          [
            115.5881541,
            -2.1831549
          ],
          [
            115.5881187,
            -2.1831716
          ],
          [
            115.588084,
            -2.1831899
          ],
          [
            115.5880501,
            -2.1832096
          ]
        ]
      },
      "properties": {
        "tipe": "Radius 100m",
        "color": "#ff00ff",
        "weight": 2.5,
        "fill": false
      }
    },
    {
      "type": "Feature",
      "geometry": {
        "type": "Polygon",
        "coordinates": [
          [
            [
              115.5812585,
              -2.1791285
            ],
            [
              115.5815916,
              -2.1790823
            ],
            [
              115.5814214,
              -2.179384
            ],
            [
              115.5812585,
              -2.1791285
            ]
          ]
        ]
      },
      "properties": {
        "tipe": "Radius 100m (Bendera)",
        "color": "#ff00ff",
        "fillColor": "#ff00ff",
        "fillOpacity": 1.0,
        "weight": 1
      }
    },
    {
      "type": "Feature",
      "geometry": {
        "type": "Polygon",
        "coordinates": [
          [
            [
              115.5812585,
              -2.1791285
            ],
            [
              115.5815916,
              -2.1790823
            ],
            [
              115.5814214,
              -2.179384
            ],
            [
              115.5812585,
              -2.1791285
            ]
          ]
        ]
      },
      "properties": {
        "tipe": "Radius 100m (Bendera)",
        "color": "#ff00ff",
        "fillColor": "#ff00ff",
        "fillOpacity": 1.0,
        "weight": 1
      }
    },
    {
      "type": "Feature",
      "geometry": {
        "type": "Polygon",
        "coordinates": [
          [
            [
              115.5812585,
              -2.1791285
            ],
            [
              115.5815916,
              -2.1790823
            ],
            [
              115.5814214,
              -2.179384
            ],
            [
              115.5812585,
              -2.1791285
            ]
          ]
        ]
      },
      "properties": {
        "tipe": "Radius 100m (Bendera)",
        "color": "#ff00ff",
        "fillColor": "#ff00ff",
        "fillOpacity": 1.0,
        "weight": 1
      }
    },
    {
      "type": "Feature",
      "geometry": {
        "type": "Polygon",
        "coordinates": [
          [
            [
              115.5812585,
              -2.1791285
            ],
            [
              115.5815916,
              -2.1790823
            ],
            [
              115.5814214,
              -2.179384
            ],
            [
              115.5812585,
              -2.1791285
            ]
          ]
        ]
      },
      "properties": {
        "tipe": "Radius 100m (Bendera)",
        "color": "#ff00ff",
        "fillColor": "#ff00ff",
        "fillOpacity": 1.0,
        "weight": 1
      }
    },
    {
      "type": "Feature",
      "geometry": {
        "type": "Polygon",
        "coordinates": [
          [
            [
              115.5812585,
              -2.1791285
            ],
            [
              115.5815916,
              -2.1790823
            ],
            [
              115.5814214,
              -2.179384
            ],
            [
              115.5812585,
              -2.1791285
            ]
          ]
        ]
      },
      "properties": {
        "tipe": "Radius 100m (Bendera)",
        "color": "#ff00ff",
        "fillColor": "#ff00ff",
        "fillOpacity": 1.0,
        "weight": 1
      }
    },
    {
      "type": "Feature",
      "geometry": {
        "type": "Polygon",
        "coordinates": [
          [
            [
              115.5812585,
              -2.1791285
            ],
            [
              115.5815916,
              -2.1790823
            ],
            [
              115.5814214,
              -2.179384
            ],
            [
              115.5812585,
              -2.1791285
            ]
          ]
        ]
      },
      "properties": {
        "tipe": "Radius 100m (Bendera)",
        "color": "#ff00ff",
        "fillColor": "#ff00ff",
        "fillOpacity": 1.0,
        "weight": 1
      }
    },
    {
      "type": "Feature",
      "geometry": {
        "type": "LineString",
        "coordinates": [
          [
            115.5812585,
            -2.1791285
          ],
          [
            115.5816395,
            -2.1797258
          ]
        ]
      },
      "properties": {
        "tipe": "Radius 100m",
        "color": "#ff00ff",
        "weight": 2.5,
        "fill": false
      }
    },
    {
      "type": "Feature",
      "geometry": {
        "type": "LineString",
        "coordinates": [
          [
            115.5821085,
            -2.1656544
          ],
          [
            115.5821597,
            -2.1656252
          ],
          [
            115.582212,
            -2.1655983
          ],
          [
            115.5822655,
            -2.1655737
          ],
          [
            115.58232,
            -2.1655516
          ],
          [
            115.5823755,
            -2.1655318
          ],
          [
            115.5824317,
            -2.1655145
          ],
          [
            115.5824886,
            -2.1654996
          ],
          [
            115.5825461,
            -2.1654873
          ],
          [
            115.5826041,
            -2.1654776
          ],
          [
            115.5826625,
            -2.1654703
          ],
          [
            115.5827211,
            -2.1654657
          ],
          [
            115.5827799,
            -2.1654636
          ],
          [
            115.5828387,
            -2.1654641
          ],
          [
            115.5828974,
            -2.1654672
          ],
          [
            115.5829559,
            -2.1654729
          ],
          [
            115.5830026,
            -2.1654795
          ],
          [
            115.5830216,
            -2.1654821
          ],
          [
            115.5830719,
            -2.1654892
          ],
          [
            115.5831297,
            -2.1655
          ],
          [
            115.5831747,
            -2.1655104
          ],
          [
            115.5832438,
            -2.1655256
          ],
          [
            115.5832943,
            -2.1655373
          ],
          [
            115.583351,
            -2.1655531
          ],
          [
            115.5834069,
            -2.1655714
          ],
          [
            115.583462,
            -2.1655921
          ],
          [
            115.5835161,
            -2.1656152
          ],
          [
            115.5835692,
            -2.1656407
          ],
          [
            115.5836211,
            -2.1656685
          ],
          [
            115.5836718,
            -2.1656985
          ],
          [
            115.5837211,
            -2.1657307
          ],
          [
            115.583769,
            -2.165765
          ],
          [
            115.5838153,
            -2.1658014
          ],
          [
            115.5838601,
            -2.1658398
          ],
          [
            115.5839031,
            -2.1658802
          ],
          [
            115.5839443,
            -2.1659223
          ],
          [
            115.5839837,
            -2.1659663
          ],
          [
            115.5840211,
            -2.1660119
          ],
          [
            115.5840565,
            -2.1660591
          ],
          [
            115.5840899,
            -2.1661078
          ],
          [
            115.5841211,
            -2.166158
          ],
          [
            115.5841501,
            -2.1662094
          ],
          [
            115.5841768,
            -2.1662621
          ],
          [
            115.5842013,
            -2.1663159
          ],
          [
            115.5842234,
            -2.1663707
          ],
          [
            115.5842431,
            -2.1664265
          ],
          [
            115.5842571,
            -2.1664723
          ],
          [
            115.5842685,
            -2.1665088
          ],
          [
            115.5842686,
            -2.1665092
          ],
          [
            115.5842688,
            -2.1665099
          ],
          [
            115.5842821,
            -2.1665535
          ],
          [
            115.584285,
            -2.1665622
          ],
          [
            115.5842909,
            -2.1665815
          ],
          [
            115.5842915,
            -2.1665834
          ],
          [
            115.5843035,
            -2.1666228
          ],
          [
            115.5843046,
            -2.1666256
          ],
          [
            115.5843119,
            -2.1666496
          ],
          [
            115.5843125,
            -2.1666513
          ],
          [
            115.5843261,
            -2.1666961
          ],
          [
            115.5843307,
            -2.1667106
          ],
          [
            115.5843401,
            -2.1667412
          ],
          [
            115.5843411,
            -2.166744
          ],
          [
            115.5843483,
            -2.1667677
          ],
          [
            115.5843489,
            -2.1667694
          ],
          [
            115.5843625,
            -2.166814
          ],
          [
            115.5843667,
            -2.166827
          ],
          [
            115.5843762,
            -2.1668583
          ],
          [
            115.5843772,
            -2.1668611
          ],
          [
            115.5843826,
            -2.1668785
          ],
          [
            115.584383,
            -2.1668798
          ],
          [
            115.5843968,
            -2.1669249
          ],
          [
            115.5844022,
            -2.1669421
          ],
          [
            115.5844139,
            -2.1669803
          ],
          [
            115.5844224,
            -2.1670075
          ],
          [
            115.584434,
            -2.1670457
          ],
          [
            115.5844495,
            -2.1670954
          ],
          [
            115.5844643,
            -2.1671437
          ],
          [
            115.5844739,
            -2.1671808
          ],
          [
            115.5845153,
            -2.1673141
          ],
          [
            115.5845289,
            -2.1673523
          ],
          [
            115.5845461,
            -2.1674089
          ],
          [
            115.5845609,
            -2.1674661
          ],
          [
            115.5845733,
            -2.167524
          ],
          [
            115.584583,
            -2.1675823
          ],
          [
            115.5845903,
            -2.167641
          ],
          [
            115.584595,
            -2.1677
          ],
          [
            115.5845963,
            -2.1677346
          ],
          [
            115.5846143,
            -2.1679122
          ],
          [
            115.58462,
            -2.1679462
          ],
          [
            115.5846272,
            -2.1680049
          ],
          [
            115.5846319,
            -2.1680638
          ],
          [
            115.5846331,
            -2.1680951
          ],
          [
            115.5846555,
            -2.1682883
          ],
          [
            115.5846618,
            -2.1683255
          ],
          [
            115.584669,
            -2.1683842
          ],
          [
            115.5846737,
            -2.1684432
          ],
          [
            115.5846759,
            -2.1685023
          ],
          [
            115.5846756,
            -2.1685378
          ],
          [
            115.5846816,
            -2.1686489
          ],
          [
            115.5846857,
            -2.1686821
          ],
          [
            115.5846904,
            -2.1687411
          ],
          [
            115.5846926,
            -2.1688002
          ],
          [
            115.5846922,
            -2.1688593
          ],
          [
            115.5846897,
            -2.1689075
          ],
          [
            115.5846839,
            -2.1690352
          ],
          [
            115.5846836,
            -2.1690757
          ],
          [
            115.5846807,
            -2.1691348
          ],
          [
            115.584677,
            -2.1691737
          ],
          [
            115.5846713,
            -2.1692907
          ],
          [
            115.5846688,
            -2.1693403
          ],
          [
            115.5846633,
            -2.1693992
          ],
          [
            115.5846552,
            -2.1694578
          ],
          [
            115.5846446,
            -2.169516
          ],
          [
            115.5846344,
            -2.1695606
          ],
          [
            115.584622,
            -2.1696195
          ],
          [
            115.5846143,
            -2.1696617
          ],
          [
            115.5846011,
            -2.1697194
          ],
          [
            115.5845885,
            -2.1697656
          ],
          [
            115.5845759,
            -2.1698127
          ],
          [
            115.5845669,
            -2.1698524
          ],
          [
            115.5845513,
            -2.1699095
          ],
          [
            115.5845332,
            -2.1699658
          ],
          [
            115.5845127,
            -2.1700212
          ],
          [
            115.5844898,
            -2.1700757
          ],
          [
            115.5844646,
            -2.1701291
          ],
          [
            115.5844371,
            -2.1701814
          ],
          [
            115.5844073,
            -2.1702324
          ],
          [
            115.5843754,
            -2.1702821
          ],
          [
            115.5843413,
            -2.1703303
          ],
          [
            115.5843052,
            -2.170377
          ],
          [
            115.5842671,
            -2.170422
          ],
          [
            115.584227,
            -2.1704653
          ],
          [
            115.5841851,
            -2.1705068
          ],
          [
            115.5841415,
            -2.1705465
          ],
          [
            115.5840961,
            -2.1705841
          ],
          [
            115.5840492,
            -2.1706198
          ],
          [
            115.5840008,
            -2.1706533
          ],
          [
            115.583951,
            -2.1706847
          ],
          [
            115.5838998,
            -2.1707139
          ],
          [
            115.5838474,
            -2.1707408
          ],
          [
            115.5837939,
            -2.1707653
          ],
          [
            115.5837394,
            -2.1707875
          ],
          [
            115.583684,
            -2.1708073
          ],
          [
            115.5836278,
            -2.1708246
          ],
          [
            115.5835709,
            -2.1708395
          ],
          [
            115.5835133,
            -2.1708518
          ],
          [
            115.5834554,
            -2.1708615
          ],
          [
            115.583422,
            -2.1708657
          ],
          [
            115.5832313,
            -2.1709027
          ],
          [
            115.5831976,
            -2.1709115
          ],
          [
            115.58314,
            -2.1709238
          ],
          [
            115.5830821,
            -2.1709336
          ],
          [
            115.5830237,
            -2.1709408
          ],
          [
            115.5829651,
            -2.1709454
          ],
          [
            115.5829063,
            -2.1709475
          ],
          [
            115.5828475,
            -2.170947
          ],
          [
            115.5827888,
            -2.1709439
          ],
          [
            115.5827303,
            -2.1709382
          ],
          [
            115.582672,
            -2.17093
          ],
          [
            115.5826142,
            -2.1709192
          ],
          [
            115.5825682,
            -2.1709085
          ],
          [
            115.5825182,
            -2.1708973
          ],
          [
            115.582478,
            -2.1708898
          ],
          [
            115.5824568,
            -2.1708849
          ],
          [
            115.5824448,
            -2.1708826
          ],
          [
            115.5824166,
            -2.1708761
          ],
          [
            115.5824005,
            -2.1708731
          ],
          [
            115.5823723,
            -2.1708665
          ],
          [
            115.5823563,
            -2.1708635
          ],
          [
            115.5823354,
            -2.1708587
          ],
          [
            115.5823235,
            -2.1708565
          ],
          [
            115.5822662,
            -2.1708431
          ],
          [
            115.5822095,
            -2.1708273
          ],
          [
            115.5821536,
            -2.170809
          ],
          [
            115.5820985,
            -2.1707883
          ],
          [
            115.5820444,
            -2.1707652
          ],
          [
            115.5819913,
            -2.1707397
          ],
          [
            115.5819394,
            -2.170712
          ],
          [
            115.5818887,
            -2.170682
          ],
          [
            115.5818394,
            -2.1706497
          ],
          [
            115.5817915,
            -2.1706154
          ],
          [
            115.5817452,
            -2.170579
          ],
          [
            115.5817005,
            -2.1705406
          ],
          [
            115.5816574,
            -2.1705003
          ],
          [
            115.5816162,
            -2.1704581
          ],
          [
            115.5815768,
            -2.1704142
          ],
          [
            115.5815394,
            -2.1703685
          ],
          [
            115.581504,
            -2.1703213
          ],
          [
            115.5814706,
            -2.1702726
          ],
          [
            115.5814394,
            -2.1702225
          ],
          [
            115.5814104,
            -2.170171
          ],
          [
            115.5813837,
            -2.1701183
          ],
          [
            115.5813635,
            -2.1700739
          ],
          [
            115.5813461,
            -2.1700358
          ],
          [
            115.5813256,
            -2.1699906
          ],
          [
            115.5813035,
            -2.1699358
          ],
          [
            115.5812838,
            -2.16988
          ],
          [
            115.5812828,
            -2.1698768
          ],
          [
            115.5812827,
            -2.1698765
          ],
          [
            115.5812654,
            -2.16982
          ],
          [
            115.5812506,
            -2.1697628
          ],
          [
            115.5812383,
            -2.1697049
          ],
          [
            115.5812285,
            -2.1696466
          ],
          [
            115.5812212,
            -2.1695879
          ],
          [
            115.5812165,
            -2.1695289
          ],
          [
            115.5812144,
            -2.1694698
          ],
          [
            115.5812148,
            -2.1694107
          ],
          [
            115.5812178,
            -2.1693516
          ],
          [
            115.5812233,
            -2.1692927
          ],
          [
            115.5812314,
            -2.1692341
          ],
          [
            115.581242,
            -2.1691759
          ],
          [
            115.5812551,
            -2.1691182
          ],
          [
            115.5812669,
            -2.1690752
          ],
          [
            115.5812791,
            -2.1690267
          ],
          [
            115.5812863,
            -2.1689948
          ],
          [
            115.5812871,
            -2.1689149
          ],
          [
            115.5812783,
            -2.1688858
          ],
          [
            115.5812739,
            -2.1688722
          ],
          [
            115.5812621,
            -2.1688335
          ],
          [
            115.5812523,
            -2.168802
          ],
          [
            115.5812407,
            -2.168764
          ],
          [
            115.5812242,
            -2.1687112
          ],
          [
            115.5812095,
            -2.1686629
          ],
          [
            115.5811947,
            -2.1686057
          ],
          [
            115.5811845,
            -2.1685579
          ],
          [
            115.5811627,
            -2.1684561
          ],
          [
            115.5811527,
            -2.1684175
          ],
          [
            115.5811403,
            -2.1683596
          ],
          [
            115.5811306,
            -2.1683013
          ],
          [
            115.5811233,
            -2.1682426
          ],
          [
            115.5811186,
            -2.1681836
          ],
          [
            115.5811164,
            -2.1681245
          ],
          [
            115.5811168,
            -2.1680654
          ],
          [
            115.5811198,
            -2.1680063
          ],
          [
            115.5811253,
            -2.1679474
          ],
          [
            115.5811334,
            -2.1678888
          ],
          [
            115.581144,
            -2.1678306
          ],
          [
            115.5811571,
            -2.167773
          ],
          [
            115.5811728,
            -2.1677159
          ],
          [
            115.5811908,
            -2.1676596
          ],
          [
            115.5812113,
            -2.1676042
          ],
          [
            115.5812342,
            -2.1675497
          ],
          [
            115.5812391,
            -2.1675392
          ],
          [
            115.5812252,
            -2.1674934
          ],
          [
            115.5812104,
            -2.1674362
          ],
          [
            115.581198,
            -2.1673783
          ],
          [
            115.5811882,
            -2.16732
          ],
          [
            115.581181,
            -2.1672613
          ],
          [
            115.5811763,
            -2.1672023
          ],
          [
            115.5811741,
            -2.1671432
          ],
          [
            115.5811745,
            -2.1670841
          ],
          [
            115.5811775,
            -2.167025
          ],
          [
            115.581183,
            -2.1669661
          ],
          [
            115.5811911,
            -2.1669075
          ],
          [
            115.5812017,
            -2.1668493
          ],
          [
            115.5812148,
            -2.1667917
          ],
          [
            115.5812304,
            -2.1667346
          ],
          [
            115.5812485,
            -2.1666783
          ],
          [
            115.581269,
            -2.1666229
          ],
          [
            115.5812919,
            -2.1665684
          ],
          [
            115.5813171,
            -2.166515
          ],
          [
            115.5813181,
            -2.166513
          ],
          [
            115.5813263,
            -2.1664957
          ],
          [
            115.5813538,
            -2.1664435
          ],
          [
            115.5813836,
            -2.1663924
          ],
          [
            115.5814155,
            -2.1663428
          ],
          [
            115.5814496,
            -2.1662946
          ],
          [
            115.5814857,
            -2.1662479
          ],
          [
            115.5815238,
            -2.1662029
          ],
          [
            115.5815605,
            -2.1661632
          ],
          [
            115.5815773,
            -2.1661458
          ],
          [
            115.5816073,
            -2.1661133
          ],
          [
            115.5816343,
            -2.1660866
          ],
          [
            115.5816804,
            -2.1660362
          ],
          [
            115.5817146,
            -2.1659992
          ],
          [
            115.5817208,
            -2.165993
          ],
          [
            115.5817417,
            -2.1659704
          ],
          [
            115.5818009,
            -2.1659079
          ],
          [
            115.5818325,
            -2.1658738
          ],
          [
            115.5818743,
            -2.1658323
          ],
          [
            115.581918,
            -2.1657926
          ],
          [
            115.5819633,
            -2.165755
          ],
          [
            115.5820102,
            -2.1657193
          ],
          [
            115.5820587,
            -2.1656858
          ],
          [
            115.5821085,
            -2.1656544
          ]
        ]
      },
      "properties": {
        "tipe": "Radius 150m",
        "color": "#ffff00",
        "weight": 2.5,
        "fill": false
      }
    },
    {
      "type": "Feature",
      "geometry": {
        "type": "LineString",
        "coordinates": [
          [
            115.5795957,
            -2.1633652
          ],
          [
            115.5796459,
            -2.1633348
          ],
          [
            115.5796974,
            -2.1633067
          ],
          [
            115.5797501,
            -2.1632808
          ],
          [
            115.5798038,
            -2.1632573
          ],
          [
            115.5798585,
            -2.1632362
          ],
          [
            115.5799141,
            -2.1632175
          ],
          [
            115.5799705,
            -2.1632013
          ],
          [
            115.5800275,
            -2.1631876
          ],
          [
            115.580085,
            -2.1631764
          ],
          [
            115.580143,
            -2.1631677
          ],
          [
            115.5802013,
            -2.1631616
          ],
          [
            115.5802598,
            -2.163158
          ],
          [
            115.5803183,
            -2.163157
          ],
          [
            115.5803769,
            -2.1631586
          ],
          [
            115.5804354,
            -2.1631628
          ],
          [
            115.5804936,
            -2.1631695
          ],
          [
            115.5805515,
            -2.1631788
          ],
          [
            115.5805955,
            -2.1631878
          ],
          [
            115.5806816,
            -2.163204
          ],
          [
            115.5807332,
            -2.1632146
          ],
          [
            115.5807786,
            -2.163226
          ],
          [
            115.5808137,
            -2.1632345
          ],
          [
            115.5808539,
            -2.1632428
          ],
          [
            115.5809107,
            -2.1632571
          ],
          [
            115.5809669,
            -2.1632739
          ],
          [
            115.5810223,
            -2.1632931
          ],
          [
            115.5810768,
            -2.1633148
          ],
          [
            115.5811303,
            -2.1633388
          ],
          [
            115.5811828,
            -2.1633652
          ],
          [
            115.581234,
            -2.1633938
          ],
          [
            115.581284,
            -2.1634246
          ],
          [
            115.5813325,
            -2.1634576
          ],
          [
            115.5813796,
            -2.1634927
          ],
          [
            115.5814251,
            -2.1635298
          ],
          [
            115.581469,
            -2.1635689
          ],
          [
            115.5815112,
            -2.1636099
          ],
          [
            115.5815515,
            -2.1636527
          ],
          [
            115.5815899,
            -2.1636972
          ],
          [
            115.5816264,
            -2.1637433
          ],
          [
            115.5816608,
            -2.163791
          ],
          [
            115.5816932,
            -2.1638402
          ],
          [
            115.5817234,
            -2.1638907
          ],
          [
            115.5817514,
            -2.1639425
          ],
          [
            115.5817771,
            -2.1639955
          ],
          [
            115.5818005,
            -2.1640496
          ],
          [
            115.5818215,
            -2.1641046
          ],
          [
            115.5818354,
            -2.1641463
          ],
          [
            115.5818492,
            -2.1641848
          ],
          [
            115.5818663,
            -2.1642362
          ],
          [
            115.5818825,
            -2.1642929
          ],
          [
            115.5818962,
            -2.1643502
          ],
          [
            115.5819074,
            -2.1644081
          ],
          [
            115.5819162,
            -2.1644664
          ],
          [
            115.5819223,
            -2.164525
          ],
          [
            115.581926,
            -2.1645838
          ],
          [
            115.581927,
            -2.1646428
          ],
          [
            115.5819256,
            -2.1647017
          ],
          [
            115.5819215,
            -2.1647605
          ],
          [
            115.581915,
            -2.1648191
          ],
          [
            115.5819059,
            -2.1648774
          ],
          [
            115.5818942,
            -2.1649352
          ],
          [
            115.5818801,
            -2.1649924
          ],
          [
            115.5818635,
            -2.1650489
          ],
          [
            115.5818445,
            -2.1651047
          ],
          [
            115.5818231,
            -2.1651596
          ],
          [
            115.5817993,
            -2.1652135
          ],
          [
            115.5817732,
            -2.1652662
          ],
          [
            115.5817448,
            -2.1653178
          ],
          [
            115.5817143,
            -2.1653681
          ],
          [
            115.5816815,
            -2.165417
          ],
          [
            115.5816467,
            -2.1654645
          ],
          [
            115.5816098,
            -2.1655103
          ],
          [
            115.5815785,
            -2.1655459
          ],
          [
            115.5815527,
            -2.1655757
          ],
          [
            115.5815194,
            -2.1656136
          ],
          [
            115.5814788,
            -2.165656
          ],
          [
            115.5814363,
            -2.1656966
          ],
          [
            115.5813921,
            -2.1657353
          ],
          [
            115.5813462,
            -2.165772
          ],
          [
            115.5812988,
            -2.1658067
          ],
          [
            115.5812499,
            -2.1658393
          ],
          [
            115.5811997,
            -2.1658696
          ],
          [
            115.5811482,
            -2.1658978
          ],
          [
            115.5810955,
            -2.1659236
          ],
          [
            115.5810418,
            -2.1659471
          ],
          [
            115.580987,
            -2.1659682
          ],
          [
            115.5809315,
            -2.1659869
          ],
          [
            115.5808751,
            -2.1660031
          ],
          [
            115.5808181,
            -2.1660168
          ],
          [
            115.5807606,
            -2.1660281
          ],
          [
            115.5807026,
            -2.1660367
          ],
          [
            115.5806443,
            -2.1660429
          ],
          [
            115.5805858,
            -2.1660464
          ],
          [
            115.5805272,
            -2.1660474
          ],
          [
            115.5804686,
            -2.1660458
          ],
          [
            115.5804102,
            -2.1660416
          ],
          [
            115.580352,
            -2.1660349
          ],
          [
            115.5802941,
            -2.1660256
          ],
          [
            115.5802497,
            -2.1660165
          ],
          [
            115.5801648,
            -2.1660004
          ],
          [
            115.5801201,
            -2.1659913
          ],
          [
            115.5800412,
            -2.1659739
          ],
          [
            115.5799965,
            -2.1659647
          ],
          [
            115.5799396,
            -2.1659504
          ],
          [
            115.5798834,
            -2.1659336
          ],
          [
            115.579828,
            -2.1659143
          ],
          [
            115.5797735,
            -2.1658927
          ],
          [
            115.57972,
            -2.1658687
          ],
          [
            115.5796676,
            -2.1658423
          ],
          [
            115.5796163,
            -2.1658137
          ],
          [
            115.5795664,
            -2.1657829
          ],
          [
            115.5795178,
            -2.1657499
          ],
          [
            115.5794707,
            -2.1657148
          ],
          [
            115.5794252,
            -2.1656776
          ],
          [
            115.5793813,
            -2.1656386
          ],
          [
            115.5793392,
            -2.1655976
          ],
          [
            115.5792989,
            -2.1655548
          ],
          [
            115.5792604,
            -2.1655103
          ],
          [
            115.5792239,
            -2.1654642
          ],
          [
            115.5791895,
            -2.1654165
          ],
          [
            115.5791571,
            -2.1653673
          ],
          [
            115.5791269,
            -2.1653168
          ],
          [
            115.579099,
            -2.165265
          ],
          [
            115.5790733,
            -2.165212
          ],
          [
            115.5790499,
            -2.1651579
          ],
          [
            115.5790288,
            -2.1651029
          ],
          [
            115.5790176,
            -2.1650692
          ],
          [
            115.5789996,
            -2.1650219
          ],
          [
            115.5789809,
            -2.164966
          ],
          [
            115.5789648,
            -2.1649094
          ],
          [
            115.578951,
            -2.1648521
          ],
          [
            115.5789398,
            -2.1647942
          ],
          [
            115.5789311,
            -2.1647359
          ],
          [
            115.5789249,
            -2.1646773
          ],
          [
            115.5789213,
            -2.1646184
          ],
          [
            115.5789202,
            -2.1645595
          ],
          [
            115.5789217,
            -2.1645005
          ],
          [
            115.5789257,
            -2.1644417
          ],
          [
            115.5789323,
            -2.1643831
          ],
          [
            115.5789414,
            -2.1643249
          ],
          [
            115.578953,
            -2.1642671
          ],
          [
            115.5789671,
            -2.1642099
          ],
          [
            115.5789837,
            -2.1641533
          ],
          [
            115.5790027,
            -2.1640976
          ],
          [
            115.5790242,
            -2.1640427
          ],
          [
            115.579048,
            -2.1639888
          ],
          [
            115.5790741,
            -2.163936
          ],
          [
            115.5791024,
            -2.1638844
          ],
          [
            115.579133,
            -2.1638341
          ],
          [
            115.5791657,
            -2.1637852
          ],
          [
            115.5792006,
            -2.1637378
          ],
          [
            115.5792374,
            -2.163692
          ],
          [
            115.5792693,
            -2.1636556
          ],
          [
            115.5792934,
            -2.163628
          ],
          [
            115.5793261,
            -2.1635908
          ],
          [
            115.5793668,
            -2.1635484
          ],
          [
            115.5794093,
            -2.1635078
          ],
          [
            115.5794535,
            -2.1634691
          ],
          [
            115.5794994,
            -2.1634324
          ],
          [
            115.5795468,
            -2.1633977
          ],
          [
            115.5795957,
            -2.1633652
          ]
        ]
      },
      "properties": {
        "tipe": "Radius 150m",
        "color": "#ffff00",
        "weight": 2.5,
        "fill": false
      }
    },
    {
      "type": "Feature",
      "geometry": {
        "type": "Polygon",
        "coordinates": [
          [
            [
              115.5842433,
              -2.1771828
            ],
            [
              115.584487,
              -2.1770231
            ],
            [
              115.5846396,
              -2.1772624
            ],
            [
              115.5843959,
              -2.1774221
            ],
            [
              115.5842433,
              -2.1771828
            ]
          ]
        ]
      },
      "properties": {
        "tipe": "Radius 300m (Bendera)",
        "color": "#ff0000",
        "fillColor": "#ff0000",
        "fillOpacity": 1.0,
        "weight": 1
      }
    },
    {
      "type": "Feature",
      "geometry": {
        "type": "LineString",
        "coordinates": [
          [
            115.5866979,
            -2.1510644
          ],
          [
            115.586799,
            -2.1510036
          ],
          [
            115.5869026,
            -2.1509473
          ],
          [
            115.5870086,
            -2.1508956
          ],
          [
            115.5871167,
            -2.1508486
          ],
          [
            115.5872267,
            -2.1508064
          ],
          [
            115.5873385,
            -2.1507691
          ],
          [
            115.5874518,
            -2.1507368
          ],
          [
            115.5875663,
            -2.1507094
          ],
          [
            115.587682,
            -2.1506871
          ],
          [
            115.5877477,
            -2.1506774
          ],
          [
            115.5877943,
            -2.1506699
          ],
          [
            115.5878838,
            -2.1506567
          ],
          [
            115.5880009,
            -2.1506447
          ],
          [
            115.5881184,
            -2.1506378
          ],
          [
            115.5882361,
            -2.150636
          ],
          [
            115.5883538,
            -2.1506395
          ],
          [
            115.5884711,
            -2.1506481
          ],
          [
            115.588588,
            -2.1506619
          ],
          [
            115.5887042,
            -2.1506807
          ],
          [
            115.5888194,
            -2.1507047
          ],
          [
            115.5889335,
            -2.1507336
          ],
          [
            115.5890462,
            -2.1507676
          ],
          [
            115.5891573,
            -2.1508065
          ],
          [
            115.5892666,
            -2.1508501
          ],
          [
            115.5893739,
            -2.1508986
          ],
          [
            115.589479,
            -2.1509517
          ],
          [
            115.5895469,
            -2.1509898
          ],
          [
            115.5895664,
            -2.1510007
          ],
          [
            115.589602,
            -2.1510187
          ],
          [
            115.5897047,
            -2.1510763
          ],
          [
            115.5898048,
            -2.1511384
          ],
          [
            115.5899021,
            -2.1512049
          ],
          [
            115.5899964,
            -2.1512754
          ],
          [
            115.5900875,
            -2.1513501
          ],
          [
            115.5901754,
            -2.1514287
          ],
          [
            115.5902598,
            -2.1515111
          ],
          [
            115.5903405,
            -2.151597
          ],
          [
            115.5904174,
            -2.1516865
          ],
          [
            115.5904903,
            -2.1517792
          ],
          [
            115.5905592,
            -2.151875
          ],
          [
            115.5905777,
            -2.1519032
          ],
          [
            115.5906089,
            -2.1519465
          ],
          [
            115.5906736,
            -2.1520453
          ],
          [
            115.5907339,
            -2.1521468
          ],
          [
            115.5907898,
            -2.1522508
          ],
          [
            115.5908411,
            -2.1523572
          ],
          [
            115.5908878,
            -2.1524657
          ],
          [
            115.5909298,
            -2.1525762
          ],
          [
            115.5909669,
            -2.1526884
          ],
          [
            115.5909991,
            -2.1528021
          ],
          [
            115.5910264,
            -2.1529171
          ],
          [
            115.5910487,
            -2.1530333
          ],
          [
            115.5910659,
            -2.1531503
          ],
          [
            115.5910781,
            -2.153268
          ],
          [
            115.5910851,
            -2.1533861
          ],
          [
            115.591087,
            -2.1535044
          ],
          [
            115.5910838,
            -2.1536226
          ],
          [
            115.5910755,
            -2.1537407
          ],
          [
            115.591062,
            -2.1538582
          ],
          [
            115.5910435,
            -2.1539751
          ],
          [
            115.5910311,
            -2.1540359
          ],
          [
            115.591024,
            -2.1540749
          ],
          [
            115.591022,
            -2.1540916
          ],
          [
            115.5910035,
            -2.1542085
          ],
          [
            115.5909799,
            -2.1543244
          ],
          [
            115.5909514,
            -2.1544393
          ],
          [
            115.5909178,
            -2.1545528
          ],
          [
            115.5908794,
            -2.1546646
          ],
          [
            115.5908361,
            -2.1547747
          ],
          [
            115.5907881,
            -2.1548829
          ],
          [
            115.5907838,
            -2.1548915
          ],
          [
            115.5907717,
            -2.1549189
          ],
          [
            115.590719,
            -2.1550249
          ],
          [
            115.5906618,
            -2.1551284
          ],
          [
            115.5906573,
            -2.1551357
          ],
          [
            115.5906193,
            -2.1552104
          ],
          [
            115.5906069,
            -2.1552384
          ],
          [
            115.5905542,
            -2.1553444
          ],
          [
            115.5905225,
            -2.1554018
          ],
          [
            115.5905009,
            -2.1554423
          ],
          [
            115.5904956,
            -2.1554542
          ],
          [
            115.5904429,
            -2.1555601
          ],
          [
            115.5904288,
            -2.1555857
          ],
          [
            115.5904038,
            -2.155636
          ],
          [
            115.5903923,
            -2.1556568
          ],
          [
            115.590372,
            -2.1556976
          ],
          [
            115.5903482,
            -2.1557407
          ],
          [
            115.5903047,
            -2.155826
          ],
          [
            115.5902826,
            -2.1558704
          ],
          [
            115.5902452,
            -2.1559416
          ],
          [
            115.5902191,
            -2.1559942
          ],
          [
            115.5902091,
            -2.1560121
          ],
          [
            115.5901916,
            -2.1560474
          ],
          [
            115.5901798,
            -2.1560688
          ],
          [
            115.5901589,
            -2.1561108
          ],
          [
            115.5901017,
            -2.1562144
          ],
          [
            115.59004,
            -2.1563153
          ],
          [
            115.5899741,
            -2.1564134
          ],
          [
            115.5899039,
            -2.1565085
          ],
          [
            115.5898297,
            -2.1566004
          ],
          [
            115.5898174,
            -2.1566144
          ],
          [
            115.5898096,
            -2.1566292
          ],
          [
            115.5897843,
            -2.1566799
          ],
          [
            115.5897272,
            -2.1567834
          ],
          [
            115.5896655,
            -2.1568843
          ],
          [
            115.5895995,
            -2.1569824
          ],
          [
            115.5895294,
            -2.1570775
          ],
          [
            115.5894552,
            -2.1571695
          ],
          [
            115.589377,
            -2.1572581
          ],
          [
            115.5892951,
            -2.1573432
          ],
          [
            115.5892095,
            -2.1574246
          ],
          [
            115.5891205,
            -2.1575022
          ],
          [
            115.5890282,
            -2.1575757
          ],
          [
            115.5889328,
            -2.1576452
          ],
          [
            115.5888344,
            -2.1577104
          ],
          [
            115.588798,
            -2.1577323
          ],
          [
            115.5887759,
            -2.1577468
          ],
          [
            115.5887132,
            -2.1577884
          ],
          [
            115.5886121,
            -2.1578492
          ],
          [
            115.5885085,
            -2.1579056
          ],
          [
            115.5884025,
            -2.1579572
          ],
          [
            115.5882944,
            -2.1580042
          ],
          [
            115.5881844,
            -2.1580464
          ],
          [
            115.5880726,
            -2.1580837
          ],
          [
            115.5879593,
            -2.1581161
          ],
          [
            115.5878448,
            -2.1581434
          ],
          [
            115.587804,
            -2.1581513
          ],
          [
            115.5877567,
            -2.1581626
          ],
          [
            115.5876411,
            -2.1581849
          ],
          [
            115.5875246,
            -2.1582021
          ],
          [
            115.5874075,
            -2.1582141
          ],
          [
            115.58729,
            -2.158221
          ],
          [
            115.5871723,
            -2.1582227
          ],
          [
            115.5870546,
            -2.1582193
          ],
          [
            115.5869373,
            -2.1582107
          ],
          [
            115.5868204,
            -2.1581969
          ],
          [
            115.5867042,
            -2.158178
          ],
          [
            115.586589,
            -2.1581541
          ],
          [
            115.5864749,
            -2.1581251
          ],
          [
            115.5863622,
            -2.1580912
          ],
          [
            115.5862511,
            -2.1580523
          ],
          [
            115.5861418,
            -2.1580086
          ],
          [
            115.5860345,
            -2.1579602
          ],
          [
            115.5859294,
            -2.1579071
          ],
          [
            115.5858657,
            -2.1578713
          ],
          [
            115.5858347,
            -2.1578542
          ],
          [
            115.5857948,
            -2.157834
          ],
          [
            115.5856921,
            -2.1577764
          ],
          [
            115.585652,
            -2.1577515
          ],
          [
            115.5856348,
            -2.1577416
          ],
          [
            115.5855733,
            -2.1577071
          ],
          [
            115.5854731,
            -2.157645
          ],
          [
            115.5853758,
            -2.1575786
          ],
          [
            115.5852816,
            -2.157508
          ],
          [
            115.5851904,
            -2.1574333
          ],
          [
            115.5851025,
            -2.1573547
          ],
          [
            115.5850182,
            -2.1572723
          ],
          [
            115.5849374,
            -2.1571864
          ],
          [
            115.5848605,
            -2.157097
          ],
          [
            115.5847876,
            -2.1570043
          ],
          [
            115.5847187,
            -2.1569084
          ],
          [
            115.584654,
            -2.1568097
          ],
          [
            115.5845937,
            -2.1567082
          ],
          [
            115.5845378,
            -2.1566042
          ],
          [
            115.5844864,
            -2.1564978
          ],
          [
            115.5844397,
            -2.1563893
          ],
          [
            115.5843978,
            -2.1562788
          ],
          [
            115.5843607,
            -2.1561666
          ],
          [
            115.5843284,
            -2.1560529
          ],
          [
            115.5843012,
            -2.1559378
          ],
          [
            115.5842789,
            -2.1558217
          ],
          [
            115.5842616,
            -2.1557047
          ],
          [
            115.5842495,
            -2.155587
          ],
          [
            115.5842425,
            -2.1554689
          ],
          [
            115.5842405,
            -2.1553506
          ],
          [
            115.5842438,
            -2.1552323
          ],
          [
            115.5842521,
            -2.1551143
          ],
          [
            115.5842655,
            -2.1549967
          ],
          [
            115.5842841,
            -2.1548799
          ],
          [
            115.5843076,
            -2.1547639
          ],
          [
            115.5843362,
            -2.1546491
          ],
          [
            115.5843698,
            -2.1545356
          ],
          [
            115.5844082,
            -2.1544237
          ],
          [
            115.5844514,
            -2.1543136
          ],
          [
            115.5844994,
            -2.1542055
          ],
          [
            115.5845521,
            -2.1540996
          ],
          [
            115.5845757,
            -2.1540568
          ],
          [
            115.5846129,
            -2.1539838
          ],
          [
            115.5846438,
            -2.1539218
          ],
          [
            115.584667,
            -2.1538798
          ],
          [
            115.5846947,
            -2.1538254
          ],
          [
            115.5847259,
            -2.1537625
          ],
          [
            115.5847565,
            -2.1537071
          ],
          [
            115.584791,
            -2.1536422
          ],
          [
            115.5847972,
            -2.1536281
          ],
          [
            115.5848499,
            -2.1535222
          ],
          [
            115.5848563,
            -2.1535106
          ],
          [
            115.5848675,
            -2.153488
          ],
          [
            115.5848811,
            -2.1534634
          ],
          [
            115.5849051,
            -2.1534152
          ],
          [
            115.5849622,
            -2.1533117
          ],
          [
            115.5849762,
            -2.1532889
          ],
          [
            115.5849853,
            -2.1532719
          ],
          [
            115.5850084,
            -2.1532254
          ],
          [
            115.5850656,
            -2.1531219
          ],
          [
            115.5851272,
            -2.1530209
          ],
          [
            115.5851932,
            -2.1529228
          ],
          [
            115.5852634,
            -2.1528277
          ],
          [
            115.5853376,
            -2.1527358
          ],
          [
            115.5853383,
            -2.1527349
          ],
          [
            115.5853466,
            -2.1527238
          ],
          [
            115.585352,
            -2.152714
          ],
          [
            115.5854136,
            -2.1526131
          ],
          [
            115.5854796,
            -2.152515
          ],
          [
            115.5855498,
            -2.1524199
          ],
          [
            115.585624,
            -2.1523279
          ],
          [
            115.5856341,
            -2.1523164
          ],
          [
            115.5856438,
            -2.152297
          ],
          [
            115.5856577,
            -2.1522718
          ],
          [
            115.5856825,
            -2.152222
          ],
          [
            115.5857043,
            -2.1521825
          ],
          [
            115.5857155,
            -2.1521603
          ],
          [
            115.585748,
            -2.1520949
          ],
          [
            115.5858052,
            -2.1519914
          ],
          [
            115.5858669,
            -2.1518905
          ],
          [
            115.5859328,
            -2.1517924
          ],
          [
            115.586003,
            -2.1516973
          ],
          [
            115.5860772,
            -2.1516053
          ],
          [
            115.5861554,
            -2.1515167
          ],
          [
            115.5862373,
            -2.1514316
          ],
          [
            115.5863229,
            -2.1513502
          ],
          [
            115.5864119,
            -2.1512727
          ],
          [
            115.5865042,
            -2.1511991
          ],
          [
            115.5865996,
            -2.1511296
          ],
          [
            115.5866979,
            -2.1510644
          ]
        ]
      },
      "properties": {
        "tipe": "Radius 300m",
        "color": "#ff0000",
        "weight": 2.5,
        "fill": false
      }
    },
    {
      "type": "Feature",
      "geometry": {
        "type": "Polygon",
        "coordinates": [
          [
            [
              115.5838517,
              -2.1547189
            ],
            [
              115.5840955,
              -2.1545592
            ],
            [
              115.584248,
              -2.1547985
            ],
            [
              115.5840044,
              -2.1549582
            ],
            [
              115.5838517,
              -2.1547189
            ]
          ]
        ]
      },
      "properties": {
        "tipe": "Radius 300m (Bendera)",
        "color": "#ff0000",
        "fillColor": "#ff0000",
        "fillOpacity": 1.0,
        "weight": 1
      }
    },
    {
      "type": "Feature",
      "geometry": {
        "type": "Polygon",
        "coordinates": [
          [
            [
              115.5838517,
              -2.1547189
            ],
            [
              115.5840955,
              -2.1545592
            ],
            [
              115.584248,
              -2.1547985
            ],
            [
              115.5840044,
              -2.1549582
            ],
            [
              115.5838517,
              -2.1547189
            ]
          ]
        ]
      },
      "properties": {
        "tipe": "Radius 300m (Bendera)",
        "color": "#ff0000",
        "fillColor": "#ff0000",
        "fillOpacity": 1.0,
        "weight": 1
      }
    },
    {
      "type": "Feature",
      "geometry": {
        "type": "Polygon",
        "coordinates": [
          [
            [
              115.5838517,
              -2.1547189
            ],
            [
              115.5840955,
              -2.1545592
            ],
            [
              115.584248,
              -2.1547985
            ],
            [
              115.5840044,
              -2.1549582
            ],
            [
              115.5838517,
              -2.1547189
            ]
          ]
        ]
      },
      "properties": {
        "tipe": "Radius 300m (Bendera)",
        "color": "#ff0000",
        "fillColor": "#ff0000",
        "fillOpacity": 1.0,
        "weight": 1
      }
    },
    {
      "type": "Feature",
      "geometry": {
        "type": "Polygon",
        "coordinates": [
          [
            [
              115.5838517,
              -2.1547189
            ],
            [
              115.5840955,
              -2.1545592
            ],
            [
              115.584248,
              -2.1547985
            ],
            [
              115.5840044,
              -2.1549582
            ],
            [
              115.5838517,
              -2.1547189
            ]
          ]
        ]
      },
      "properties": {
        "tipe": "Radius 300m (Bendera)",
        "color": "#ff0000",
        "fillColor": "#ff0000",
        "fillOpacity": 1.0,
        "weight": 1
      }
    },
    {
      "type": "Feature",
      "geometry": {
        "type": "Polygon",
        "coordinates": [
          [
            [
              115.5838517,
              -2.1547189
            ],
            [
              115.5840955,
              -2.1545592
            ],
            [
              115.584248,
              -2.1547985
            ],
            [
              115.5840044,
              -2.1549582
            ],
            [
              115.5838517,
              -2.1547189
            ]
          ]
        ]
      },
      "properties": {
        "tipe": "Radius 300m (Bendera)",
        "color": "#ff0000",
        "fillColor": "#ff0000",
        "fillOpacity": 1.0,
        "weight": 1
      }
    },
    {
      "type": "Feature",
      "geometry": {
        "type": "Polygon",
        "coordinates": [
          [
            [
              115.5838517,
              -2.1547189
            ],
            [
              115.5840955,
              -2.1545592
            ],
            [
              115.584248,
              -2.1547985
            ],
            [
              115.5840044,
              -2.1549582
            ],
            [
              115.5838517,
              -2.1547189
            ]
          ]
        ]
      },
      "properties": {
        "tipe": "Radius 300m (Bendera)",
        "color": "#ff0000",
        "fillColor": "#ff0000",
        "fillOpacity": 1.0,
        "weight": 1
      }
    },
    {
      "type": "Feature",
      "geometry": {
        "type": "Polygon",
        "coordinates": [
          [
            [
              115.5839873,
              -2.1556043
            ],
            [
              115.584231,
              -2.1554446
            ],
            [
              115.5843836,
              -2.1556839
            ],
            [
              115.5841399,
              -2.1558436
            ],
            [
              115.5839873,
              -2.1556043
            ]
          ]
        ]
      },
      "properties": {
        "tipe": "Radius 300m (Bendera)",
        "color": "#ff0000",
        "fillColor": "#ff0000",
        "fillOpacity": 1.0,
        "weight": 1
      }
    },
    {
      "type": "Feature",
      "geometry": {
        "type": "Polygon",
        "coordinates": [
          [
            [
              115.5839873,
              -2.1556043
            ],
            [
              115.584231,
              -2.1554446
            ],
            [
              115.5843836,
              -2.1556839
            ],
            [
              115.5841399,
              -2.1558436
            ],
            [
              115.5839873,
              -2.1556043
            ]
          ]
        ]
      },
      "properties": {
        "tipe": "Radius 300m (Bendera)",
        "color": "#ff0000",
        "fillColor": "#ff0000",
        "fillOpacity": 1.0,
        "weight": 1
      }
    },
    {
      "type": "Feature",
      "geometry": {
        "type": "Polygon",
        "coordinates": [
          [
            [
              115.5839873,
              -2.1556043
            ],
            [
              115.584231,
              -2.1554446
            ],
            [
              115.5843836,
              -2.1556839
            ],
            [
              115.5841399,
              -2.1558436
            ],
            [
              115.5839873,
              -2.1556043
            ]
          ]
        ]
      },
      "properties": {
        "tipe": "Radius 300m (Bendera)",
        "color": "#ff0000",
        "fillColor": "#ff0000",
        "fillOpacity": 1.0,
        "weight": 1
      }
    },
    {
      "type": "Feature",
      "geometry": {
        "type": "Polygon",
        "coordinates": [
          [
            [
              115.5839873,
              -2.1556043
            ],
            [
              115.584231,
              -2.1554446
            ],
            [
              115.5843836,
              -2.1556839
            ],
            [
              115.5841399,
              -2.1558436
            ],
            [
              115.5839873,
              -2.1556043
            ]
          ]
        ]
      },
      "properties": {
        "tipe": "Radius 300m (Bendera)",
        "color": "#ff0000",
        "fillColor": "#ff0000",
        "fillOpacity": 1.0,
        "weight": 1
      }
    },
    {
      "type": "Feature",
      "geometry": {
        "type": "Polygon",
        "coordinates": [
          [
            [
              115.5839873,
              -2.1556043
            ],
            [
              115.584231,
              -2.1554446
            ],
            [
              115.5843836,
              -2.1556839
            ],
            [
              115.5841399,
              -2.1558436
            ],
            [
              115.5839873,
              -2.1556043
            ]
          ]
        ]
      },
      "properties": {
        "tipe": "Radius 300m (Bendera)",
        "color": "#ff0000",
        "fillColor": "#ff0000",
        "fillOpacity": 1.0,
        "weight": 1
      }
    },
    {
      "type": "Feature",
      "geometry": {
        "type": "Polygon",
        "coordinates": [
          [
            [
              115.5839873,
              -2.1556043
            ],
            [
              115.584231,
              -2.1554446
            ],
            [
              115.5843836,
              -2.1556839
            ],
            [
              115.5841399,
              -2.1558436
            ],
            [
              115.5839873,
              -2.1556043
            ]
          ]
        ]
      },
      "properties": {
        "tipe": "Radius 300m (Bendera)",
        "color": "#ff0000",
        "fillColor": "#ff0000",
        "fillOpacity": 1.0,
        "weight": 1
      }
    },
    {
      "type": "Feature",
      "geometry": {
        "type": "Polygon",
        "coordinates": [
          [
            [
              115.5851839,
              -2.1570966
            ],
            [
              115.5854276,
              -2.1569368
            ],
            [
              115.5855802,
              -2.1571761
            ],
            [
              115.5853365,
              -2.1573358
            ],
            [
              115.5851839,
              -2.1570966
            ]
          ]
        ]
      },
      "properties": {
        "tipe": "Radius 300m (Bendera)",
        "color": "#ff0000",
        "fillColor": "#ff0000",
        "fillOpacity": 1.0,
        "weight": 1
      }
    },
    {
      "type": "Feature",
      "geometry": {
        "type": "Polygon",
        "coordinates": [
          [
            [
              115.5851839,
              -2.1570966
            ],
            [
              115.5854276,
              -2.1569368
            ],
            [
              115.5855802,
              -2.1571761
            ],
            [
              115.5853365,
              -2.1573358
            ],
            [
              115.5851839,
              -2.1570966
            ]
          ]
        ]
      },
      "properties": {
        "tipe": "Radius 300m (Bendera)",
        "color": "#ff0000",
        "fillColor": "#ff0000",
        "fillOpacity": 1.0,
        "weight": 1
      }
    },
    {
      "type": "Feature",
      "geometry": {
        "type": "Polygon",
        "coordinates": [
          [
            [
              115.5851839,
              -2.1570966
            ],
            [
              115.5854276,
              -2.1569368
            ],
            [
              115.5855802,
              -2.1571761
            ],
            [
              115.5853365,
              -2.1573358
            ],
            [
              115.5851839,
              -2.1570966
            ]
          ]
        ]
      },
      "properties": {
        "tipe": "Radius 300m (Bendera)",
        "color": "#ff0000",
        "fillColor": "#ff0000",
        "fillOpacity": 1.0,
        "weight": 1
      }
    },
    {
      "type": "Feature",
      "geometry": {
        "type": "Polygon",
        "coordinates": [
          [
            [
              115.5851839,
              -2.1570966
            ],
            [
              115.5854276,
              -2.1569368
            ],
            [
              115.5855802,
              -2.1571761
            ],
            [
              115.5853365,
              -2.1573358
            ],
            [
              115.5851839,
              -2.1570966
            ]
          ]
        ]
      },
      "properties": {
        "tipe": "Radius 300m (Bendera)",
        "color": "#ff0000",
        "fillColor": "#ff0000",
        "fillOpacity": 1.0,
        "weight": 1
      }
    },
    {
      "type": "Feature",
      "geometry": {
        "type": "Polygon",
        "coordinates": [
          [
            [
              115.5851839,
              -2.1570966
            ],
            [
              115.5854276,
              -2.1569368
            ],
            [
              115.5855802,
              -2.1571761
            ],
            [
              115.5853365,
              -2.1573358
            ],
            [
              115.5851839,
              -2.1570966
            ]
          ]
        ]
      },
      "properties": {
        "tipe": "Radius 300m (Bendera)",
        "color": "#ff0000",
        "fillColor": "#ff0000",
        "fillOpacity": 1.0,
        "weight": 1
      }
    },
    {
      "type": "Feature",
      "geometry": {
        "type": "Polygon",
        "coordinates": [
          [
            [
              115.5851839,
              -2.1570966
            ],
            [
              115.5854276,
              -2.1569368
            ],
            [
              115.5855802,
              -2.1571761
            ],
            [
              115.5853365,
              -2.1573358
            ],
            [
              115.5851839,
              -2.1570966
            ]
          ]
        ]
      },
      "properties": {
        "tipe": "Radius 300m (Bendera)",
        "color": "#ff0000",
        "fillColor": "#ff0000",
        "fillOpacity": 1.0,
        "weight": 1
      }
    },
    {
      "type": "Feature",
      "geometry": {
        "type": "Polygon",
        "coordinates": [
          [
            [
              115.5858802,
              -2.1574492
            ],
            [
              115.5861239,
              -2.1572894
            ],
            [
              115.5862765,
              -2.1575287
            ],
            [
              115.5860328,
              -2.1576884
            ],
            [
              115.5858802,
              -2.1574492
            ]
          ]
        ]
      },
      "properties": {
        "tipe": "Radius 300m (Bendera)",
        "color": "#ff0000",
        "fillColor": "#ff0000",
        "fillOpacity": 1.0,
        "weight": 1
      }
    },
    {
      "type": "Feature",
      "geometry": {
        "type": "Polygon",
        "coordinates": [
          [
            [
              115.5858802,
              -2.1574492
            ],
            [
              115.5861239,
              -2.1572894
            ],
            [
              115.5862765,
              -2.1575287
            ],
            [
              115.5860328,
              -2.1576884
            ],
            [
              115.5858802,
              -2.1574492
            ]
          ]
        ]
      },
      "properties": {
        "tipe": "Radius 300m (Bendera)",
        "color": "#ff0000",
        "fillColor": "#ff0000",
        "fillOpacity": 1.0,
        "weight": 1
      }
    },
    {
      "type": "Feature",
      "geometry": {
        "type": "Polygon",
        "coordinates": [
          [
            [
              115.5858802,
              -2.1574492
            ],
            [
              115.5861239,
              -2.1572894
            ],
            [
              115.5862765,
              -2.1575287
            ],
            [
              115.5860328,
              -2.1576884
            ],
            [
              115.5858802,
              -2.1574492
            ]
          ]
        ]
      },
      "properties": {
        "tipe": "Radius 300m (Bendera)",
        "color": "#ff0000",
        "fillColor": "#ff0000",
        "fillOpacity": 1.0,
        "weight": 1
      }
    },
    {
      "type": "Feature",
      "geometry": {
        "type": "Polygon",
        "coordinates": [
          [
            [
              115.5858802,
              -2.1574492
            ],
            [
              115.5861239,
              -2.1572894
            ],
            [
              115.5862765,
              -2.1575287
            ],
            [
              115.5860328,
              -2.1576884
            ],
            [
              115.5858802,
              -2.1574492
            ]
          ]
        ]
      },
      "properties": {
        "tipe": "Radius 300m (Bendera)",
        "color": "#ff0000",
        "fillColor": "#ff0000",
        "fillOpacity": 1.0,
        "weight": 1
      }
    },
    {
      "type": "Feature",
      "geometry": {
        "type": "Polygon",
        "coordinates": [
          [
            [
              115.5858802,
              -2.1574492
            ],
            [
              115.5861239,
              -2.1572894
            ],
            [
              115.5862765,
              -2.1575287
            ],
            [
              115.5860328,
              -2.1576884
            ],
            [
              115.5858802,
              -2.1574492
            ]
          ]
        ]
      },
      "properties": {
        "tipe": "Radius 300m (Bendera)",
        "color": "#ff0000",
        "fillColor": "#ff0000",
        "fillOpacity": 1.0,
        "weight": 1
      }
    },
    {
      "type": "Feature",
      "geometry": {
        "type": "Polygon",
        "coordinates": [
          [
            [
              115.5858802,
              -2.1574492
            ],
            [
              115.5861239,
              -2.1572894
            ],
            [
              115.5862765,
              -2.1575287
            ],
            [
              115.5860328,
              -2.1576884
            ],
            [
              115.5858802,
              -2.1574492
            ]
          ]
        ]
      },
      "properties": {
        "tipe": "Radius 300m (Bendera)",
        "color": "#ff0000",
        "fillColor": "#ff0000",
        "fillOpacity": 1.0,
        "weight": 1
      }
    },
    {
      "type": "Feature",
      "geometry": {
        "type": "Polygon",
        "coordinates": [
          [
            [
              115.586724,
              -2.1576131
            ],
            [
              115.5869677,
              -2.1574533
            ],
            [
              115.5871203,
              -2.1576926
            ],
            [
              115.5868766,
              -2.1578523
            ],
            [
              115.586724,
              -2.1576131
            ]
          ]
        ]
      },
      "properties": {
        "tipe": "Radius 300m (Bendera)",
        "color": "#ff0000",
        "fillColor": "#ff0000",
        "fillOpacity": 1.0,
        "weight": 1
      }
    },
    {
      "type": "Feature",
      "geometry": {
        "type": "Polygon",
        "coordinates": [
          [
            [
              115.586724,
              -2.1576131
            ],
            [
              115.5869677,
              -2.1574533
            ],
            [
              115.5871203,
              -2.1576926
            ],
            [
              115.5868766,
              -2.1578523
            ],
            [
              115.586724,
              -2.1576131
            ]
          ]
        ]
      },
      "properties": {
        "tipe": "Radius 300m (Bendera)",
        "color": "#ff0000",
        "fillColor": "#ff0000",
        "fillOpacity": 1.0,
        "weight": 1
      }
    },
    {
      "type": "Feature",
      "geometry": {
        "type": "Polygon",
        "coordinates": [
          [
            [
              115.586724,
              -2.1576131
            ],
            [
              115.5869677,
              -2.1574533
            ],
            [
              115.5871203,
              -2.1576926
            ],
            [
              115.5868766,
              -2.1578523
            ],
            [
              115.586724,
              -2.1576131
            ]
          ]
        ]
      },
      "properties": {
        "tipe": "Radius 300m (Bendera)",
        "color": "#ff0000",
        "fillColor": "#ff0000",
        "fillOpacity": 1.0,
        "weight": 1
      }
    },
    {
      "type": "Feature",
      "geometry": {
        "type": "Polygon",
        "coordinates": [
          [
            [
              115.586724,
              -2.1576131
            ],
            [
              115.5869677,
              -2.1574533
            ],
            [
              115.5871203,
              -2.1576926
            ],
            [
              115.5868766,
              -2.1578523
            ],
            [
              115.586724,
              -2.1576131
            ]
          ]
        ]
      },
      "properties": {
        "tipe": "Radius 300m (Bendera)",
        "color": "#ff0000",
        "fillColor": "#ff0000",
        "fillOpacity": 1.0,
        "weight": 1
      }
    },
    {
      "type": "Feature",
      "geometry": {
        "type": "Polygon",
        "coordinates": [
          [
            [
              115.586724,
              -2.1576131
            ],
            [
              115.5869677,
              -2.1574533
            ],
            [
              115.5871203,
              -2.1576926
            ],
            [
              115.5868766,
              -2.1578523
            ],
            [
              115.586724,
              -2.1576131
            ]
          ]
        ]
      },
      "properties": {
        "tipe": "Radius 300m (Bendera)",
        "color": "#ff0000",
        "fillColor": "#ff0000",
        "fillOpacity": 1.0,
        "weight": 1
      }
    },
    {
      "type": "Feature",
      "geometry": {
        "type": "Polygon",
        "coordinates": [
          [
            [
              115.586724,
              -2.1576131
            ],
            [
              115.5869677,
              -2.1574533
            ],
            [
              115.5871203,
              -2.1576926
            ],
            [
              115.5868766,
              -2.1578523
            ],
            [
              115.586724,
              -2.1576131
            ]
          ]
        ]
      },
      "properties": {
        "tipe": "Radius 300m (Bendera)",
        "color": "#ff0000",
        "fillColor": "#ff0000",
        "fillOpacity": 1.0,
        "weight": 1
      }
    },
    {
      "type": "Feature",
      "geometry": {
        "type": "Polygon",
        "coordinates": [
          [
            [
              115.5871935,
              -2.157583
            ],
            [
              115.5874372,
              -2.1574232
            ],
            [
              115.5875898,
              -2.1576625
            ],
            [
              115.5873461,
              -2.1578222
            ],
            [
              115.5871935,
              -2.157583
            ]
          ]
        ]
      },
      "properties": {
        "tipe": "Radius 300m (Bendera)",
        "color": "#ff0000",
        "fillColor": "#ff0000",
        "fillOpacity": 1.0,
        "weight": 1
      }
    },
    {
      "type": "Feature",
      "geometry": {
        "type": "Polygon",
        "coordinates": [
          [
            [
              115.5871935,
              -2.157583
            ],
            [
              115.5874372,
              -2.1574232
            ],
            [
              115.5875898,
              -2.1576625
            ],
            [
              115.5873461,
              -2.1578222
            ],
            [
              115.5871935,
              -2.157583
            ]
          ]
        ]
      },
      "properties": {
        "tipe": "Radius 300m (Bendera)",
        "color": "#ff0000",
        "fillColor": "#ff0000",
        "fillOpacity": 1.0,
        "weight": 1
      }
    },
    {
      "type": "Feature",
      "geometry": {
        "type": "Polygon",
        "coordinates": [
          [
            [
              115.5871935,
              -2.157583
            ],
            [
              115.5874372,
              -2.1574232
            ],
            [
              115.5875898,
              -2.1576625
            ],
            [
              115.5873461,
              -2.1578222
            ],
            [
              115.5871935,
              -2.157583
            ]
          ]
        ]
      },
      "properties": {
        "tipe": "Radius 300m (Bendera)",
        "color": "#ff0000",
        "fillColor": "#ff0000",
        "fillOpacity": 1.0,
        "weight": 1
      }
    },
    {
      "type": "Feature",
      "geometry": {
        "type": "Polygon",
        "coordinates": [
          [
            [
              115.5871935,
              -2.157583
            ],
            [
              115.5874372,
              -2.1574232
            ],
            [
              115.5875898,
              -2.1576625
            ],
            [
              115.5873461,
              -2.1578222
            ],
            [
              115.5871935,
              -2.157583
            ]
          ]
        ]
      },
      "properties": {
        "tipe": "Radius 300m (Bendera)",
        "color": "#ff0000",
        "fillColor": "#ff0000",
        "fillOpacity": 1.0,
        "weight": 1
      }
    },
    {
      "type": "Feature",
      "geometry": {
        "type": "Polygon",
        "coordinates": [
          [
            [
              115.5871935,
              -2.157583
            ],
            [
              115.5874372,
              -2.1574232
            ],
            [
              115.5875898,
              -2.1576625
            ],
            [
              115.5873461,
              -2.1578222
            ],
            [
              115.5871935,
              -2.157583
            ]
          ]
        ]
      },
      "properties": {
        "tipe": "Radius 300m (Bendera)",
        "color": "#ff0000",
        "fillColor": "#ff0000",
        "fillOpacity": 1.0,
        "weight": 1
      }
    },
    {
      "type": "Feature",
      "geometry": {
        "type": "Polygon",
        "coordinates": [
          [
            [
              115.5871935,
              -2.157583
            ],
            [
              115.5874372,
              -2.1574232
            ],
            [
              115.5875898,
              -2.1576625
            ],
            [
              115.5873461,
              -2.1578222
            ],
            [
              115.5871935,
              -2.157583
            ]
          ]
        ]
      },
      "properties": {
        "tipe": "Radius 300m (Bendera)",
        "color": "#ff0000",
        "fillColor": "#ff0000",
        "fillOpacity": 1.0,
        "weight": 1
      }
    },
    {
      "type": "Feature",
      "geometry": {
        "type": "Polygon",
        "coordinates": [
          [
            [
              115.5883976,
              -2.1571291
            ],
            [
              115.5886413,
              -2.1569693
            ],
            [
              115.5887939,
              -2.1572086
            ],
            [
              115.5885502,
              -2.1573683
            ],
            [
              115.5883976,
              -2.1571291
            ]
          ]
        ]
      },
      "properties": {
        "tipe": "Radius 300m (Bendera)",
        "color": "#ff0000",
        "fillColor": "#ff0000",
        "fillOpacity": 1.0,
        "weight": 1
      }
    },
    {
      "type": "Feature",
      "geometry": {
        "type": "Polygon",
        "coordinates": [
          [
            [
              115.5883976,
              -2.1571291
            ],
            [
              115.5886413,
              -2.1569693
            ],
            [
              115.5887939,
              -2.1572086
            ],
            [
              115.5885502,
              -2.1573683
            ],
            [
              115.5883976,
              -2.1571291
            ]
          ]
        ]
      },
      "properties": {
        "tipe": "Radius 300m (Bendera)",
        "color": "#ff0000",
        "fillColor": "#ff0000",
        "fillOpacity": 1.0,
        "weight": 1
      }
    },
    {
      "type": "Feature",
      "geometry": {
        "type": "Polygon",
        "coordinates": [
          [
            [
              115.5883976,
              -2.1571291
            ],
            [
              115.5886413,
              -2.1569693
            ],
            [
              115.5887939,
              -2.1572086
            ],
            [
              115.5885502,
              -2.1573683
            ],
            [
              115.5883976,
              -2.1571291
            ]
          ]
        ]
      },
      "properties": {
        "tipe": "Radius 300m (Bendera)",
        "color": "#ff0000",
        "fillColor": "#ff0000",
        "fillOpacity": 1.0,
        "weight": 1
      }
    },
    {
      "type": "Feature",
      "geometry": {
        "type": "Polygon",
        "coordinates": [
          [
            [
              115.5883976,
              -2.1571291
            ],
            [
              115.5886413,
              -2.1569693
            ],
            [
              115.5887939,
              -2.1572086
            ],
            [
              115.5885502,
              -2.1573683
            ],
            [
              115.5883976,
              -2.1571291
            ]
          ]
        ]
      },
      "properties": {
        "tipe": "Radius 300m (Bendera)",
        "color": "#ff0000",
        "fillColor": "#ff0000",
        "fillOpacity": 1.0,
        "weight": 1
      }
    },
    {
      "type": "Feature",
      "geometry": {
        "type": "Polygon",
        "coordinates": [
          [
            [
              115.5883976,
              -2.1571291
            ],
            [
              115.5886413,
              -2.1569693
            ],
            [
              115.5887939,
              -2.1572086
            ],
            [
              115.5885502,
              -2.1573683
            ],
            [
              115.5883976,
              -2.1571291
            ]
          ]
        ]
      },
      "properties": {
        "tipe": "Radius 300m (Bendera)",
        "color": "#ff0000",
        "fillColor": "#ff0000",
        "fillOpacity": 1.0,
        "weight": 1
      }
    },
    {
      "type": "Feature",
      "geometry": {
        "type": "Polygon",
        "coordinates": [
          [
            [
              115.5883976,
              -2.1571291
            ],
            [
              115.5886413,
              -2.1569693
            ],
            [
              115.5887939,
              -2.1572086
            ],
            [
              115.5885502,
              -2.1573683
            ],
            [
              115.5883976,
              -2.1571291
            ]
          ]
        ]
      },
      "properties": {
        "tipe": "Radius 300m (Bendera)",
        "color": "#ff0000",
        "fillColor": "#ff0000",
        "fillOpacity": 1.0,
        "weight": 1
      }
    },
    {
      "type": "Feature",
      "geometry": {
        "type": "Polygon",
        "coordinates": [
          [
            [
              115.5906033,
              -2.1536741
            ],
            [
              115.590847,
              -2.1535143
            ],
            [
              115.5909996,
              -2.1537536
            ],
            [
              115.5907559,
              -2.1539133
            ],
            [
              115.5906033,
              -2.1536741
            ]
          ]
        ]
      },
      "properties": {
        "tipe": "Radius 300m (Bendera)",
        "color": "#ff0000",
        "fillColor": "#ff0000",
        "fillOpacity": 1.0,
        "weight": 1
      }
    },
    {
      "type": "Feature",
      "geometry": {
        "type": "Polygon",
        "coordinates": [
          [
            [
              115.5906033,
              -2.1536741
            ],
            [
              115.590847,
              -2.1535143
            ],
            [
              115.5909996,
              -2.1537536
            ],
            [
              115.5907559,
              -2.1539133
            ],
            [
              115.5906033,
              -2.1536741
            ]
          ]
        ]
      },
      "properties": {
        "tipe": "Radius 300m (Bendera)",
        "color": "#ff0000",
        "fillColor": "#ff0000",
        "fillOpacity": 1.0,
        "weight": 1
      }
    },
    {
      "type": "Feature",
      "geometry": {
        "type": "Polygon",
        "coordinates": [
          [
            [
              115.5906033,
              -2.1536741
            ],
            [
              115.590847,
              -2.1535143
            ],
            [
              115.5909996,
              -2.1537536
            ],
            [
              115.5907559,
              -2.1539133
            ],
            [
              115.5906033,
              -2.1536741
            ]
          ]
        ]
      },
      "properties": {
        "tipe": "Radius 300m (Bendera)",
        "color": "#ff0000",
        "fillColor": "#ff0000",
        "fillOpacity": 1.0,
        "weight": 1
      }
    },
    {
      "type": "Feature",
      "geometry": {
        "type": "Polygon",
        "coordinates": [
          [
            [
              115.5906033,
              -2.1536741
            ],
            [
              115.590847,
              -2.1535143
            ],
            [
              115.5909996,
              -2.1537536
            ],
            [
              115.5907559,
              -2.1539133
            ],
            [
              115.5906033,
              -2.1536741
            ]
          ]
        ]
      },
      "properties": {
        "tipe": "Radius 300m (Bendera)",
        "color": "#ff0000",
        "fillColor": "#ff0000",
        "fillOpacity": 1.0,
        "weight": 1
      }
    },
    {
      "type": "Feature",
      "geometry": {
        "type": "Polygon",
        "coordinates": [
          [
            [
              115.5906033,
              -2.1536741
            ],
            [
              115.590847,
              -2.1535143
            ],
            [
              115.5909996,
              -2.1537536
            ],
            [
              115.5907559,
              -2.1539133
            ],
            [
              115.5906033,
              -2.1536741
            ]
          ]
        ]
      },
      "properties": {
        "tipe": "Radius 300m (Bendera)",
        "color": "#ff0000",
        "fillColor": "#ff0000",
        "fillOpacity": 1.0,
        "weight": 1
      }
    },
    {
      "type": "Feature",
      "geometry": {
        "type": "Polygon",
        "coordinates": [
          [
            [
              115.5906033,
              -2.1536741
            ],
            [
              115.590847,
              -2.1535143
            ],
            [
              115.5909996,
              -2.1537536
            ],
            [
              115.5907559,
              -2.1539133
            ],
            [
              115.5906033,
              -2.1536741
            ]
          ]
        ]
      },
      "properties": {
        "tipe": "Radius 300m (Bendera)",
        "color": "#ff0000",
        "fillColor": "#ff0000",
        "fillOpacity": 1.0,
        "weight": 1
      }
    },
    {
      "type": "Feature",
      "geometry": {
        "type": "Polygon",
        "coordinates": [
          [
            [
              115.5897421,
              -2.1507789
            ],
            [
              115.5899858,
              -2.1506192
            ],
            [
              115.5901384,
              -2.1508584
            ],
            [
              115.5898947,
              -2.1510182
            ],
            [
              115.5897421,
              -2.1507789
            ]
          ]
        ]
      },
      "properties": {
        "tipe": "Radius 300m (Bendera)",
        "color": "#ff0000",
        "fillColor": "#ff0000",
        "fillOpacity": 1.0,
        "weight": 1
      }
    },
    {
      "type": "Feature",
      "geometry": {
        "type": "Polygon",
        "coordinates": [
          [
            [
              115.5897421,
              -2.1507789
            ],
            [
              115.5899858,
              -2.1506192
            ],
            [
              115.5901384,
              -2.1508584
            ],
            [
              115.5898947,
              -2.1510182
            ],
            [
              115.5897421,
              -2.1507789
            ]
          ]
        ]
      },
      "properties": {
        "tipe": "Radius 300m (Bendera)",
        "color": "#ff0000",
        "fillColor": "#ff0000",
        "fillOpacity": 1.0,
        "weight": 1
      }
    },
    {
      "type": "Feature",
      "geometry": {
        "type": "Polygon",
        "coordinates": [
          [
            [
              115.5897421,
              -2.1507789
            ],
            [
              115.5899858,
              -2.1506192
            ],
            [
              115.5901384,
              -2.1508584
            ],
            [
              115.5898947,
              -2.1510182
            ],
            [
              115.5897421,
              -2.1507789
            ]
          ]
        ]
      },
      "properties": {
        "tipe": "Radius 300m (Bendera)",
        "color": "#ff0000",
        "fillColor": "#ff0000",
        "fillOpacity": 1.0,
        "weight": 1
      }
    },
    {
      "type": "Feature",
      "geometry": {
        "type": "Polygon",
        "coordinates": [
          [
            [
              115.5897421,
              -2.1507789
            ],
            [
              115.5899858,
              -2.1506192
            ],
            [
              115.5901384,
              -2.1508584
            ],
            [
              115.5898947,
              -2.1510182
            ],
            [
              115.5897421,
              -2.1507789
            ]
          ]
        ]
      },
      "properties": {
        "tipe": "Radius 300m (Bendera)",
        "color": "#ff0000",
        "fillColor": "#ff0000",
        "fillOpacity": 1.0,
        "weight": 1
      }
    },
    {
      "type": "Feature",
      "geometry": {
        "type": "Polygon",
        "coordinates": [
          [
            [
              115.5897421,
              -2.1507789
            ],
            [
              115.5899858,
              -2.1506192
            ],
            [
              115.5901384,
              -2.1508584
            ],
            [
              115.5898947,
              -2.1510182
            ],
            [
              115.5897421,
              -2.1507789
            ]
          ]
        ]
      },
      "properties": {
        "tipe": "Radius 300m (Bendera)",
        "color": "#ff0000",
        "fillColor": "#ff0000",
        "fillOpacity": 1.0,
        "weight": 1
      }
    },
    {
      "type": "Feature",
      "geometry": {
        "type": "Polygon",
        "coordinates": [
          [
            [
              115.5897421,
              -2.1507789
            ],
            [
              115.5899858,
              -2.1506192
            ],
            [
              115.5901384,
              -2.1508584
            ],
            [
              115.5898947,
              -2.1510182
            ],
            [
              115.5897421,
              -2.1507789
            ]
          ]
        ]
      },
      "properties": {
        "tipe": "Radius 300m (Bendera)",
        "color": "#ff0000",
        "fillColor": "#ff0000",
        "fillOpacity": 1.0,
        "weight": 1
      }
    },
    {
      "type": "Feature",
      "geometry": {
        "type": "Polygon",
        "coordinates": [
          [
            [
              115.5899511,
              -2.1509865
            ],
            [
              115.5901948,
              -2.1508268
            ],
            [
              115.5903474,
              -2.1510661
            ],
            [
              115.5901037,
              -2.1512258
            ],
            [
              115.5899511,
              -2.1509865
            ]
          ]
        ]
      },
      "properties": {
        "tipe": "Radius 300m (Bendera)",
        "color": "#ff0000",
        "fillColor": "#ff0000",
        "fillOpacity": 1.0,
        "weight": 1
      }
    },
    {
      "type": "Feature",
      "geometry": {
        "type": "Polygon",
        "coordinates": [
          [
            [
              115.5899511,
              -2.1509865
            ],
            [
              115.5901948,
              -2.1508268
            ],
            [
              115.5903474,
              -2.1510661
            ],
            [
              115.5901037,
              -2.1512258
            ],
            [
              115.5899511,
              -2.1509865
            ]
          ]
        ]
      },
      "properties": {
        "tipe": "Radius 300m (Bendera)",
        "color": "#ff0000",
        "fillColor": "#ff0000",
        "fillOpacity": 1.0,
        "weight": 1
      }
    },
    {
      "type": "Feature",
      "geometry": {
        "type": "Polygon",
        "coordinates": [
          [
            [
              115.5899511,
              -2.1509865
            ],
            [
              115.5901948,
              -2.1508268
            ],
            [
              115.5903474,
              -2.1510661
            ],
            [
              115.5901037,
              -2.1512258
            ],
            [
              115.5899511,
              -2.1509865
            ]
          ]
        ]
      },
      "properties": {
        "tipe": "Radius 300m (Bendera)",
        "color": "#ff0000",
        "fillColor": "#ff0000",
        "fillOpacity": 1.0,
        "weight": 1
      }
    },
    {
      "type": "Feature",
      "geometry": {
        "type": "Polygon",
        "coordinates": [
          [
            [
              115.5899511,
              -2.1509865
            ],
            [
              115.5901948,
              -2.1508268
            ],
            [
              115.5903474,
              -2.1510661
            ],
            [
              115.5901037,
              -2.1512258
            ],
            [
              115.5899511,
              -2.1509865
            ]
          ]
        ]
      },
      "properties": {
        "tipe": "Radius 300m (Bendera)",
        "color": "#ff0000",
        "fillColor": "#ff0000",
        "fillOpacity": 1.0,
        "weight": 1
      }
    },
    {
      "type": "Feature",
      "geometry": {
        "type": "Polygon",
        "coordinates": [
          [
            [
              115.5899511,
              -2.1509865
            ],
            [
              115.5901948,
              -2.1508268
            ],
            [
              115.5903474,
              -2.1510661
            ],
            [
              115.5901037,
              -2.1512258
            ],
            [
              115.5899511,
              -2.1509865
            ]
          ]
        ]
      },
      "properties": {
        "tipe": "Radius 300m (Bendera)",
        "color": "#ff0000",
        "fillColor": "#ff0000",
        "fillOpacity": 1.0,
        "weight": 1
      }
    },
    {
      "type": "Feature",
      "geometry": {
        "type": "Polygon",
        "coordinates": [
          [
            [
              115.5899511,
              -2.1509865
            ],
            [
              115.5901948,
              -2.1508268
            ],
            [
              115.5903474,
              -2.1510661
            ],
            [
              115.5901037,
              -2.1512258
            ],
            [
              115.5899511,
              -2.1509865
            ]
          ]
        ]
      },
      "properties": {
        "tipe": "Radius 300m (Bendera)",
        "color": "#ff0000",
        "fillColor": "#ff0000",
        "fillOpacity": 1.0,
        "weight": 1
      }
    },
    {
      "type": "Feature",
      "geometry": {
        "type": "Polygon",
        "coordinates": [
          [
            [
              115.5905646,
              -2.1521316
            ],
            [
              115.5908083,
              -2.1519719
            ],
            [
              115.5909609,
              -2.1522112
            ],
            [
              115.5907172,
              -2.1523709
            ],
            [
              115.5905646,
              -2.1521316
            ]
          ]
        ]
      },
      "properties": {
        "tipe": "Radius 300m (Bendera)",
        "color": "#ff0000",
        "fillColor": "#ff0000",
        "fillOpacity": 1.0,
        "weight": 1
      }
    },
    {
      "type": "Feature",
      "geometry": {
        "type": "Polygon",
        "coordinates": [
          [
            [
              115.5905646,
              -2.1521316
            ],
            [
              115.5908083,
              -2.1519719
            ],
            [
              115.5909609,
              -2.1522112
            ],
            [
              115.5907172,
              -2.1523709
            ],
            [
              115.5905646,
              -2.1521316
            ]
          ]
        ]
      },
      "properties": {
        "tipe": "Radius 300m (Bendera)",
        "color": "#ff0000",
        "fillColor": "#ff0000",
        "fillOpacity": 1.0,
        "weight": 1
      }
    },
    {
      "type": "Feature",
      "geometry": {
        "type": "Polygon",
        "coordinates": [
          [
            [
              115.5905646,
              -2.1521316
            ],
            [
              115.5908083,
              -2.1519719
            ],
            [
              115.5909609,
              -2.1522112
            ],
            [
              115.5907172,
              -2.1523709
            ],
            [
              115.5905646,
              -2.1521316
            ]
          ]
        ]
      },
      "properties": {
        "tipe": "Radius 300m (Bendera)",
        "color": "#ff0000",
        "fillColor": "#ff0000",
        "fillOpacity": 1.0,
        "weight": 1
      }
    },
    {
      "type": "Feature",
      "geometry": {
        "type": "Polygon",
        "coordinates": [
          [
            [
              115.5905646,
              -2.1521316
            ],
            [
              115.5908083,
              -2.1519719
            ],
            [
              115.5909609,
              -2.1522112
            ],
            [
              115.5907172,
              -2.1523709
            ],
            [
              115.5905646,
              -2.1521316
            ]
          ]
        ]
      },
      "properties": {
        "tipe": "Radius 300m (Bendera)",
        "color": "#ff0000",
        "fillColor": "#ff0000",
        "fillOpacity": 1.0,
        "weight": 1
      }
    },
    {
      "type": "Feature",
      "geometry": {
        "type": "Polygon",
        "coordinates": [
          [
            [
              115.5905646,
              -2.1521316
            ],
            [
              115.5908083,
              -2.1519719
            ],
            [
              115.5909609,
              -2.1522112
            ],
            [
              115.5907172,
              -2.1523709
            ],
            [
              115.5905646,
              -2.1521316
            ]
          ]
        ]
      },
      "properties": {
        "tipe": "Radius 300m (Bendera)",
        "color": "#ff0000",
        "fillColor": "#ff0000",
        "fillOpacity": 1.0,
        "weight": 1
      }
    },
    {
      "type": "Feature",
      "geometry": {
        "type": "Polygon",
        "coordinates": [
          [
            [
              115.5905646,
              -2.1521316
            ],
            [
              115.5908083,
              -2.1519719
            ],
            [
              115.5909609,
              -2.1522112
            ],
            [
              115.5907172,
              -2.1523709
            ],
            [
              115.5905646,
              -2.1521316
            ]
          ]
        ]
      },
      "properties": {
        "tipe": "Radius 300m (Bendera)",
        "color": "#ff0000",
        "fillColor": "#ff0000",
        "fillOpacity": 1.0,
        "weight": 1
      }
    },
    {
      "type": "Feature",
      "geometry": {
        "type": "LineString",
        "coordinates": [
          [
            115.5838517,
            -2.1547189
          ],
          [
            115.5842395,
            -2.1553269
          ]
        ]
      },
      "properties": {
        "tipe": "Radius 300m",
        "color": "#ff0000",
        "weight": 2.5,
        "fill": false
      }
    },
    {
      "type": "Feature",
      "geometry": {
        "type": "LineString",
        "coordinates": [
          [
            115.5839873,
            -2.1556043
          ],
          [
            115.584375,
            -2.1562123
          ]
        ]
      },
      "properties": {
        "tipe": "Radius 300m",
        "color": "#ff0000",
        "weight": 2.5,
        "fill": false
      }
    },
    {
      "type": "Feature",
      "geometry": {
        "type": "LineString",
        "coordinates": [
          [
            115.5851839,
            -2.1570966
          ],
          [
            115.5855716,
            -2.1577045
          ]
        ]
      },
      "properties": {
        "tipe": "Radius 300m",
        "color": "#ff0000",
        "weight": 2.5,
        "fill": false
      }
    },
    {
      "type": "Feature",
      "geometry": {
        "type": "LineString",
        "coordinates": [
          [
            115.5858802,
            -2.1574492
          ],
          [
            115.5862679,
            -2.1580571
          ]
        ]
      },
      "properties": {
        "tipe": "Radius 300m",
        "color": "#ff0000",
        "weight": 2.5,
        "fill": false
      }
    },
    {
      "type": "Feature",
      "geometry": {
        "type": "LineString",
        "coordinates": [
          [
            115.586724,
            -2.1576131
          ],
          [
            115.5871118,
            -2.158221
          ]
        ]
      },
      "properties": {
        "tipe": "Radius 300m",
        "color": "#ff0000",
        "weight": 2.5,
        "fill": false
      }
    },
    {
      "type": "Feature",
      "geometry": {
        "type": "LineString",
        "coordinates": [
          [
            115.5871935,
            -2.157583
          ],
          [
            115.5875812,
            -2.1581909
          ]
        ]
      },
      "properties": {
        "tipe": "Radius 300m",
        "color": "#ff0000",
        "weight": 2.5,
        "fill": false
      }
    },
    {
      "type": "Feature",
      "geometry": {
        "type": "LineString",
        "coordinates": [
          [
            115.5883976,
            -2.1571291
          ],
          [
            115.5887853,
            -2.157737
          ]
        ]
      },
      "properties": {
        "tipe": "Radius 300m",
        "color": "#ff0000",
        "weight": 2.5,
        "fill": false
      }
    },
    {
      "type": "Feature",
      "geometry": {
        "type": "LineString",
        "coordinates": [
          [
            115.5906033,
            -2.1536741
          ],
          [
            115.5909911,
            -2.154282
          ]
        ]
      },
      "properties": {
        "tipe": "Radius 300m",
        "color": "#ff0000",
        "weight": 2.5,
        "fill": false
      }
    },
    {
      "type": "Feature",
      "geometry": {
        "type": "LineString",
        "coordinates": [
          [
            115.5905646,
            -2.1521316
          ],
          [
            115.5909524,
            -2.1527396
          ]
        ]
      },
      "properties": {
        "tipe": "Radius 300m",
        "color": "#ff0000",
        "weight": 2.5,
        "fill": false
      }
    },
    {
      "type": "Feature",
      "geometry": {
        "type": "LineString",
        "coordinates": [
          [
            115.5899511,
            -2.1509865
          ],
          [
            115.5903388,
            -2.1515945
          ]
        ]
      },
      "properties": {
        "tipe": "Radius 300m",
        "color": "#ff0000",
        "weight": 2.5,
        "fill": false
      }
    },
    {
      "type": "Feature",
      "geometry": {
        "type": "LineString",
        "coordinates": [
          [
            115.5897421,
            -2.1507789
          ],
          [
            115.5901298,
            -2.1513869
          ]
        ]
      },
      "properties": {
        "tipe": "Radius 300m",
        "color": "#ff0000",
        "weight": 2.5,
        "fill": false
      }
    },
    {
      "type": "Feature",
      "geometry": {
        "type": "LineString",
        "coordinates": [
          [
            115.5812707,
            -2.1773449
          ],
          [
            115.5813728,
            -2.1772859
          ],
          [
            115.5814774,
            -2.1772315
          ],
          [
            115.5815843,
            -2.1771817
          ],
          [
            115.5816932,
            -2.1771367
          ],
          [
            115.5818039,
            -2.1770966
          ],
          [
            115.5819163,
            -2.1770613
          ],
          [
            115.5820302,
            -2.177031
          ],
          [
            115.5821452,
            -2.1770057
          ],
          [
            115.5822612,
            -2.1769855
          ],
          [
            115.582378,
            -2.1769704
          ],
          [
            115.5824952,
            -2.1769605
          ],
          [
            115.5826129,
            -2.1769558
          ],
          [
            115.5827305,
            -2.1769562
          ],
          [
            115.5828481,
            -2.1769618
          ],
          [
            115.5829653,
            -2.1769725
          ],
          [
            115.5830819,
            -2.1769883
          ],
          [
            115.5831977,
            -2.1770093
          ],
          [
            115.5833124,
            -2.1770353
          ],
          [
            115.583426,
            -2.1770664
          ],
          [
            115.583538,
            -2.1771023
          ],
          [
            115.5836484,
            -2.1771432
          ],
          [
            115.5837569,
            -2.1771889
          ],
          [
            115.5838633,
            -2.1772392
          ],
          [
            115.5839674,
            -2.1772942
          ],
          [
            115.584069,
            -2.1773537
          ],
          [
            115.584168,
            -2.1774176
          ],
          [
            115.5842641,
            -2.1774857
          ],
          [
            115.5843371,
            -2.1775424
          ],
          [
            115.5844054,
            -2.1775972
          ],
          [
            115.5844565,
            -2.1776369
          ],
          [
            115.5845463,
            -2.1777132
          ],
          [
            115.5846327,
            -2.1777934
          ],
          [
            115.5847156,
            -2.1778772
          ],
          [
            115.5847947,
            -2.1779646
          ],
          [
            115.58487,
            -2.1780554
          ],
          [
            115.5849413,
            -2.1781494
          ],
          [
            115.5850085,
            -2.1782464
          ],
          [
            115.5850714,
            -2.1783463
          ],
          [
            115.5851299,
            -2.1784489
          ],
          [
            115.5851839,
            -2.1785539
          ],
          [
            115.5852333,
            -2.1786612
          ],
          [
            115.5852781,
            -2.1787705
          ],
          [
            115.585318,
            -2.1788817
          ],
          [
            115.5853531,
            -2.1789946
          ],
          [
            115.5853833,
            -2.1791089
          ],
          [
            115.5854086,
            -2.1792244
          ],
          [
            115.5854288,
            -2.1793409
          ],
          [
            115.5854439,
            -2.1794582
          ],
          [
            115.5854539,
            -2.179576
          ],
          [
            115.5854589,
            -2.1796942
          ],
          [
            115.5854587,
            -2.1798125
          ],
          [
            115.5854534,
            -2.1799307
          ],
          [
            115.5854429,
            -2.1800486
          ],
          [
            115.5854274,
            -2.1801659
          ],
          [
            115.5854068,
            -2.1802824
          ],
          [
            115.5853811,
            -2.1803979
          ],
          [
            115.5853505,
            -2.1805122
          ],
          [
            115.5853149,
            -2.180625
          ],
          [
            115.5852745,
            -2.1807362
          ],
          [
            115.5852597,
            -2.180772
          ],
          [
            115.5852163,
            -2.1808915
          ],
          [
            115.5852043,
            -2.1809296
          ],
          [
            115.5851638,
            -2.1810408
          ],
          [
            115.5851186,
            -2.1811501
          ],
          [
            115.585111,
            -2.1811666
          ],
          [
            115.5850929,
            -2.1812104
          ],
          [
            115.5850429,
            -2.1813176
          ],
          [
            115.5849884,
            -2.1814225
          ],
          [
            115.5849822,
            -2.1814332
          ],
          [
            115.5849787,
            -2.1814399
          ],
          [
            115.5849447,
            -2.181499
          ],
          [
            115.5849392,
            -2.1815089
          ],
          [
            115.5848946,
            -2.1815863
          ],
          [
            115.5848689,
            -2.1816266
          ],
          [
            115.5848444,
            -2.1817043
          ],
          [
            115.584804,
            -2.1818155
          ],
          [
            115.5847588,
            -2.1819248
          ],
          [
            115.5847089,
            -2.1820321
          ],
          [
            115.5846543,
            -2.182137
          ],
          [
            115.5845953,
            -2.1822394
          ],
          [
            115.5845319,
            -2.1823392
          ],
          [
            115.5844642,
            -2.1824361
          ],
          [
            115.5843923,
            -2.1825299
          ],
          [
            115.5843164,
            -2.1826205
          ],
          [
            115.5842659,
            -2.1826757
          ],
          [
            115.584239,
            -2.1827054
          ],
          [
            115.5842385,
            -2.1827059
          ],
          [
            115.584177,
            -2.1827794
          ],
          [
            115.5840973,
            -2.1828666
          ],
          [
            115.5840138,
            -2.1829502
          ],
          [
            115.5839268,
            -2.18303
          ],
          [
            115.5838365,
            -2.1831059
          ],
          [
            115.5837429,
            -2.1831778
          ],
          [
            115.5836462,
            -2.1832455
          ],
          [
            115.5835467,
            -2.1833089
          ],
          [
            115.5834446,
            -2.1833679
          ],
          [
            115.58334,
            -2.1834223
          ],
          [
            115.5832331,
            -2.1834721
          ],
          [
            115.5831242,
            -2.1835171
          ],
          [
            115.5830135,
            -2.1835573
          ],
          [
            115.5829011,
            -2.1835925
          ],
          [
            115.5827872,
            -2.1836228
          ],
          [
            115.5826722,
            -2.1836481
          ],
          [
            115.5825562,
            -2.1836683
          ],
          [
            115.5824394,
            -2.1836834
          ],
          [
            115.5823221,
            -2.1836933
          ],
          [
            115.5822045,
            -2.183698
          ],
          [
            115.5820868,
            -2.1836976
          ],
          [
            115.5819693,
            -2.183692
          ],
          [
            115.5819555,
            -2.1836908
          ],
          [
            115.5819314,
            -2.1836896
          ],
          [
            115.58193,
            -2.1836895
          ],
          [
            115.5819277,
            -2.1836894
          ],
          [
            115.5819145,
            -2.1836882
          ],
          [
            115.5818917,
            -2.1836871
          ],
          [
            115.5817745,
            -2.1836764
          ],
          [
            115.5816579,
            -2.1836605
          ],
          [
            115.5815421,
            -2.1836396
          ],
          [
            115.5814273,
            -2.1836135
          ],
          [
            115.5813138,
            -2.1835825
          ],
          [
            115.5812018,
            -2.1835465
          ],
          [
            115.5810914,
            -2.1835057
          ],
          [
            115.5809829,
            -2.18346
          ],
          [
            115.5808765,
            -2.1834096
          ],
          [
            115.5807724,
            -2.1833547
          ],
          [
            115.5806707,
            -2.1832952
          ],
          [
            115.5805718,
            -2.1832313
          ],
          [
            115.5804757,
            -2.1831631
          ],
          [
            115.5803827,
            -2.1830909
          ],
          [
            115.5802928,
            -2.1830146
          ],
          [
            115.5802064,
            -2.1829344
          ],
          [
            115.5801727,
            -2.1829003
          ],
          [
            115.580098,
            -2.1828297
          ],
          [
            115.5800467,
            -2.1827821
          ],
          [
            115.5799638,
            -2.1826982
          ],
          [
            115.5798847,
            -2.1826108
          ],
          [
            115.5798094,
            -2.18252
          ],
          [
            115.5797381,
            -2.182426
          ],
          [
            115.5796709,
            -2.182329
          ],
          [
            115.579608,
            -2.1822291
          ],
          [
            115.5795495,
            -2.1821266
          ],
          [
            115.5794955,
            -2.1820216
          ],
          [
            115.5794461,
            -2.1819143
          ],
          [
            115.5794013,
            -2.1818049
          ],
          [
            115.5793614,
            -2.1816937
          ],
          [
            115.5793263,
            -2.1815809
          ],
          [
            115.5792961,
            -2.1814666
          ],
          [
            115.5792708,
            -2.1813511
          ],
          [
            115.5792506,
            -2.1812346
          ],
          [
            115.5792355,
            -2.1811173
          ],
          [
            115.5792255,
            -2.1809994
          ],
          [
            115.579223,
            -2.1809413
          ],
          [
            115.5792224,
            -2.1809318
          ],
          [
            115.5792183,
            -2.1808324
          ],
          [
            115.5792185,
            -2.1807141
          ],
          [
            115.5792238,
            -2.1805959
          ],
          [
            115.5792342,
            -2.180478
          ],
          [
            115.5792498,
            -2.1803607
          ],
          [
            115.5792704,
            -2.1802442
          ],
          [
            115.579296,
            -2.1801287
          ],
          [
            115.5793267,
            -2.1800144
          ],
          [
            115.5793622,
            -2.1799016
          ],
          [
            115.5794027,
            -2.1797904
          ],
          [
            115.5794479,
            -2.1796811
          ],
          [
            115.5794978,
            -2.1795739
          ],
          [
            115.5795523,
            -2.1794689
          ],
          [
            115.5796114,
            -2.1793665
          ],
          [
            115.5796748,
            -2.1792667
          ],
          [
            115.5797425,
            -2.1791698
          ],
          [
            115.5798143,
            -2.179076
          ],
          [
            115.5798902,
            -2.1789854
          ],
          [
            115.5799699,
            -2.1788982
          ],
          [
            115.5800534,
            -2.1788147
          ],
          [
            115.5801085,
            -2.1787641
          ],
          [
            115.5801164,
            -2.1787451
          ],
          [
            115.5801503,
            -2.1786722
          ],
          [
            115.5801583,
            -2.178655
          ],
          [
            115.5801651,
            -2.1786404
          ],
          [
            115.5801767,
            -2.1786125
          ],
          [
            115.5802266,
            -2.1785052
          ],
          [
            115.5802422,
            -2.1784753
          ],
          [
            115.580248,
            -2.1784628
          ],
          [
            115.5803025,
            -2.1783579
          ],
          [
            115.5803615,
            -2.1782554
          ],
          [
            115.580425,
            -2.1781557
          ],
          [
            115.5804927,
            -2.1780588
          ],
          [
            115.5805645,
            -2.177965
          ],
          [
            115.5806404,
            -2.1778744
          ],
          [
            115.5807201,
            -2.1777872
          ],
          [
            115.5808036,
            -2.1777036
          ],
          [
            115.5808906,
            -2.1776238
          ],
          [
            115.5809809,
            -2.1775479
          ],
          [
            115.5810745,
            -2.177476
          ],
          [
            115.5811712,
            -2.1774083
          ],
          [
            115.5812707,
            -2.1773449
          ]
        ]
      },
      "properties": {
        "tipe": "Radius 300m",
        "color": "#ff0000",
        "weight": 2.5,
        "fill": false
      }
    },
    {
      "type": "Feature",
      "geometry": {
        "type": "LineString",
        "coordinates": [
          [
            115.5871141,
            -2.1816647
          ],
          [
            115.587216,
            -2.1816053
          ],
          [
            115.5873203,
            -2.1815504
          ],
          [
            115.587427,
            -2.1815001
          ],
          [
            115.5875357,
            -2.1814546
          ],
          [
            115.5876463,
            -2.1814139
          ],
          [
            115.5877585,
            -2.1813781
          ],
          [
            115.5878722,
            -2.1813473
          ],
          [
            115.5879872,
            -2.1813215
          ],
          [
            115.5881031,
            -2.1813008
          ],
          [
            115.5882198,
            -2.1812852
          ],
          [
            115.5883371,
            -2.1812747
          ],
          [
            115.5884547,
            -2.1812694
          ],
          [
            115.5885489,
            -2.1812693
          ],
          [
            115.5886258,
            -2.1812705
          ],
          [
            115.5886885,
            -2.1812705
          ],
          [
            115.588696,
            -2.1812708
          ],
          [
            115.5887166,
            -2.1812708
          ],
          [
            115.5887204,
            -2.1812709
          ],
          [
            115.5887306,
            -2.1812709
          ],
          [
            115.5888482,
            -2.181276
          ],
          [
            115.5889655,
            -2.1812862
          ],
          [
            115.5890822,
            -2.1813015
          ],
          [
            115.5891981,
            -2.1813219
          ],
          [
            115.5893129,
            -2.1813474
          ],
          [
            115.5894266,
            -2.1813779
          ],
          [
            115.5895389,
            -2.1814134
          ],
          [
            115.5896494,
            -2.1814538
          ],
          [
            115.5897582,
            -2.1814989
          ],
          [
            115.5898648,
            -2.1815488
          ],
          [
            115.5899692,
            -2.1816033
          ],
          [
            115.5900711,
            -2.1816623
          ],
          [
            115.5901703,
            -2.1817258
          ],
          [
            115.5902668,
            -2.1817935
          ],
          [
            115.5903601,
            -2.1818653
          ],
          [
            115.5904503,
            -2.1819412
          ],
          [
            115.5905371,
            -2.182021
          ],
          [
            115.5906203,
            -2.1821045
          ],
          [
            115.5906999,
            -2.1821916
          ],
          [
            115.5907756,
            -2.182282
          ],
          [
            115.5908002,
            -2.1823141
          ],
          [
            115.5908724,
            -2.1824006
          ],
          [
            115.5908983,
            -2.1824288
          ],
          [
            115.590974,
            -2.1825193
          ],
          [
            115.5910457,
            -2.182613
          ],
          [
            115.5911133,
            -2.1827097
          ],
          [
            115.5911767,
            -2.1828093
          ],
          [
            115.5912357,
            -2.1829116
          ],
          [
            115.5912902,
            -2.1830164
          ],
          [
            115.5913401,
            -2.1831234
          ],
          [
            115.5913853,
            -2.1832326
          ],
          [
            115.5914258,
            -2.1833436
          ],
          [
            115.5914614,
            -2.1834563
          ],
          [
            115.5914921,
            -2.1835705
          ],
          [
            115.5915179,
            -2.1836859
          ],
          [
            115.5915386,
            -2.1838023
          ],
          [
            115.5915543,
            -2.1839196
          ],
          [
            115.5915649,
            -2.1840374
          ],
          [
            115.5915703,
            -2.1841556
          ],
          [
            115.5915707,
            -2.1842739
          ],
          [
            115.5915659,
            -2.1843921
          ],
          [
            115.591556,
            -2.18451
          ],
          [
            115.591541,
            -2.1846274
          ],
          [
            115.5915209,
            -2.184744
          ],
          [
            115.5914958,
            -2.1848596
          ],
          [
            115.5914657,
            -2.1849741
          ],
          [
            115.5914306,
            -2.1850871
          ],
          [
            115.5913907,
            -2.1851985
          ],
          [
            115.5913459,
            -2.185308
          ],
          [
            115.5912965,
            -2.1854155
          ],
          [
            115.5912425,
            -2.1855206
          ],
          [
            115.5911839,
            -2.1856234
          ],
          [
            115.591134,
            -2.1857026
          ],
          [
            115.5911256,
            -2.1857154
          ],
          [
            115.591106,
            -2.1857467
          ],
          [
            115.5910951,
            -2.1857634
          ],
          [
            115.5910597,
            -2.1858196
          ],
          [
            115.5910572,
            -2.1858233
          ],
          [
            115.5910547,
            -2.1858272
          ],
          [
            115.5910034,
            -2.1859076
          ],
          [
            115.5909803,
            -2.1859443
          ],
          [
            115.590965,
            -2.1859681
          ],
          [
            115.5909461,
            -2.1859981
          ],
          [
            115.5908987,
            -2.1860723
          ],
          [
            115.5908719,
            -2.1861148
          ],
          [
            115.5908649,
            -2.1861254
          ],
          [
            115.5908496,
            -2.1861498
          ],
          [
            115.5908106,
            -2.1862108
          ],
          [
            115.5907722,
            -2.1862719
          ],
          [
            115.59077,
            -2.186275
          ],
          [
            115.5907524,
            -2.1863029
          ],
          [
            115.5907353,
            -2.1863277
          ],
          [
            115.5907076,
            -2.1863727
          ],
          [
            115.5906786,
            -2.1864188
          ],
          [
            115.59063,
            -2.1864949
          ],
          [
            115.5905912,
            -2.1865565
          ],
          [
            115.5905239,
            -2.1866536
          ],
          [
            115.5904525,
            -2.1867478
          ],
          [
            115.590377,
            -2.1868388
          ],
          [
            115.5902977,
            -2.1869263
          ],
          [
            115.5902146,
            -2.1870103
          ],
          [
            115.590128,
            -2.1870905
          ],
          [
            115.5900379,
            -2.1871669
          ],
          [
            115.5899447,
            -2.1872392
          ],
          [
            115.5898483,
            -2.1873074
          ],
          [
            115.5897491,
            -2.1873712
          ],
          [
            115.5896472,
            -2.1874307
          ],
          [
            115.5895429,
            -2.1874856
          ],
          [
            115.5894363,
            -2.1875358
          ],
          [
            115.5893275,
            -2.1875814
          ],
          [
            115.5892169,
            -2.1876221
          ],
          [
            115.5891046,
            -2.1876579
          ],
          [
            115.5889909,
            -2.1876887
          ],
          [
            115.588876,
            -2.1877145
          ],
          [
            115.5887601,
            -2.1877352
          ],
          [
            115.5886434,
            -2.1877508
          ],
          [
            115.5885261,
            -2.1877613
          ],
          [
            115.5884086,
            -2.1877666
          ],
          [
            115.5882907,
            -2.1877667
          ],
          [
            115.5882847,
            -2.1877665
          ],
          [
            115.588268,
            -2.1877665
          ],
          [
            115.588175,
            -2.1877625
          ],
          [
            115.5881453,
            -2.1877638
          ],
          [
            115.5880275,
            -2.1877639
          ],
          [
            115.5880229,
            -2.1877638
          ],
          [
            115.5880111,
            -2.1877638
          ],
          [
            115.587915,
            -2.1877596
          ],
          [
            115.5878149,
            -2.1877534
          ],
          [
            115.5877153,
            -2.1877447
          ],
          [
            115.5875986,
            -2.1877294
          ],
          [
            115.5874827,
            -2.187709
          ],
          [
            115.5873678,
            -2.1876835
          ],
          [
            115.5872541,
            -2.1876529
          ],
          [
            115.587205,
            -2.1876374
          ],
          [
            115.5871026,
            -2.1876084
          ],
          [
            115.5870764,
            -2.1876026
          ],
          [
            115.5869627,
            -2.1875721
          ],
          [
            115.5868505,
            -2.1875366
          ],
          [
            115.5867399,
            -2.1874963
          ],
          [
            115.5866312,
            -2.1874511
          ],
          [
            115.5865246,
            -2.1874012
          ],
          [
            115.5864202,
            -2.1873467
          ],
          [
            115.5863183,
            -2.1872877
          ],
          [
            115.586219,
            -2.1872242
          ],
          [
            115.5861226,
            -2.1871565
          ],
          [
            115.5860292,
            -2.1870847
          ],
          [
            115.5859391,
            -2.1870088
          ],
          [
            115.5858523,
            -2.186929
          ],
          [
            115.585769,
            -2.1868455
          ],
          [
            115.5856894,
            -2.1867585
          ],
          [
            115.5856137,
            -2.186668
          ],
          [
            115.585542,
            -2.1865743
          ],
          [
            115.5854744,
            -2.1864776
          ],
          [
            115.585411,
            -2.186378
          ],
          [
            115.5853521,
            -2.1862757
          ],
          [
            115.5852975,
            -2.1861709
          ],
          [
            115.5852578,
            -2.1860858
          ],
          [
            115.5852408,
            -2.1860476
          ],
          [
            115.585214,
            -2.18599
          ],
          [
            115.5851687,
            -2.1858809
          ],
          [
            115.5851282,
            -2.1857698
          ],
          [
            115.5850926,
            -2.1856571
          ],
          [
            115.5850619,
            -2.1855429
          ],
          [
            115.5850361,
            -2.1854275
          ],
          [
            115.5850154,
            -2.1853111
          ],
          [
            115.5849997,
            -2.1851939
          ],
          [
            115.5849892,
            -2.1850761
          ],
          [
            115.5849837,
            -2.1849579
          ],
          [
            115.5849834,
            -2.1848396
          ],
          [
            115.5849882,
            -2.1847213
          ],
          [
            115.584998,
            -2.1846034
          ],
          [
            115.5850131,
            -2.184486
          ],
          [
            115.5850332,
            -2.1843694
          ],
          [
            115.5850583,
            -2.1842538
          ],
          [
            115.5850884,
            -2.1841393
          ],
          [
            115.5851234,
            -2.1840263
          ],
          [
            115.5851634,
            -2.183915
          ],
          [
            115.5852081,
            -2.1838054
          ],
          [
            115.5852575,
            -2.183698
          ],
          [
            115.5853116,
            -2.1835928
          ],
          [
            115.5853702,
            -2.18349
          ],
          [
            115.5854181,
            -2.183414
          ],
          [
            115.5854309,
            -2.1833941
          ],
          [
            115.5854536,
            -2.183358
          ],
          [
            115.5854625,
            -2.1833444
          ],
          [
            115.5854967,
            -2.18329
          ],
          [
            115.5854974,
            -2.183289
          ],
          [
            115.5855029,
            -2.1832804
          ],
          [
            115.5855588,
            -2.1831996
          ],
          [
            115.5856121,
            -2.183126
          ],
          [
            115.5856717,
            -2.1830473
          ],
          [
            115.5857472,
            -2.1829564
          ],
          [
            115.5858265,
            -2.1828688
          ],
          [
            115.5859096,
            -2.1827849
          ],
          [
            115.5859963,
            -2.1827046
          ],
          [
            115.5860081,
            -2.1826946
          ],
          [
            115.5860143,
            -2.1826885
          ],
          [
            115.5860572,
            -2.1826412
          ],
          [
            115.5861204,
            -2.1825773
          ],
          [
            115.5861629,
            -2.1825287
          ],
          [
            115.5861727,
            -2.1825158
          ],
          [
            115.5862481,
            -2.1824248
          ],
          [
            115.5863275,
            -2.1823373
          ],
          [
            115.5864105,
            -2.1822533
          ],
          [
            115.5864972,
            -2.1821731
          ],
          [
            115.5865197,
            -2.182154
          ],
          [
            115.5865591,
            -2.1821167
          ],
          [
            115.5865655,
            -2.1821097
          ],
          [
            115.5866486,
            -2.1820257
          ],
          [
            115.5867352,
            -2.1819454
          ],
          [
            115.5868253,
            -2.1818691
          ],
          [
            115.5869186,
            -2.1817967
          ],
          [
            115.5870149,
            -2.1817286
          ],
          [
            115.5871141,
            -2.1816647
          ]
        ]
      },
      "properties": {
        "tipe": "Radius 300m",
        "color": "#ff0000",
        "weight": 2.5,
        "fill": false
      }
    },
    {
      "type": "Feature",
      "geometry": {
        "type": "Polygon",
        "coordinates": [
          [
            [
              115.5875671,
              -2.1871509
            ],
            [
              115.5878108,
              -2.1869912
            ],
            [
              115.5879634,
              -2.1872304
            ],
            [
              115.5877197,
              -2.1873902
            ],
            [
              115.5875671,
              -2.1871509
            ]
          ]
        ]
      },
      "properties": {
        "tipe": "Radius 300m (Bendera)",
        "color": "#ff0000",
        "fillColor": "#ff0000",
        "fillOpacity": 1.0,
        "weight": 1
      }
    },
    {
      "type": "Feature",
      "geometry": {
        "type": "Polygon",
        "coordinates": [
          [
            [
              115.5875671,
              -2.1871509
            ],
            [
              115.5878108,
              -2.1869912
            ],
            [
              115.5879634,
              -2.1872304
            ],
            [
              115.5877197,
              -2.1873902
            ],
            [
              115.5875671,
              -2.1871509
            ]
          ]
        ]
      },
      "properties": {
        "tipe": "Radius 300m (Bendera)",
        "color": "#ff0000",
        "fillColor": "#ff0000",
        "fillOpacity": 1.0,
        "weight": 1
      }
    },
    {
      "type": "Feature",
      "geometry": {
        "type": "Polygon",
        "coordinates": [
          [
            [
              115.5875671,
              -2.1871509
            ],
            [
              115.5878108,
              -2.1869912
            ],
            [
              115.5879634,
              -2.1872304
            ],
            [
              115.5877197,
              -2.1873902
            ],
            [
              115.5875671,
              -2.1871509
            ]
          ]
        ]
      },
      "properties": {
        "tipe": "Radius 300m (Bendera)",
        "color": "#ff0000",
        "fillColor": "#ff0000",
        "fillOpacity": 1.0,
        "weight": 1
      }
    },
    {
      "type": "Feature",
      "geometry": {
        "type": "Polygon",
        "coordinates": [
          [
            [
              115.5875671,
              -2.1871509
            ],
            [
              115.5878108,
              -2.1869912
            ],
            [
              115.5879634,
              -2.1872304
            ],
            [
              115.5877197,
              -2.1873902
            ],
            [
              115.5875671,
              -2.1871509
            ]
          ]
        ]
      },
      "properties": {
        "tipe": "Radius 300m (Bendera)",
        "color": "#ff0000",
        "fillColor": "#ff0000",
        "fillOpacity": 1.0,
        "weight": 1
      }
    },
    {
      "type": "Feature",
      "geometry": {
        "type": "Polygon",
        "coordinates": [
          [
            [
              115.5875671,
              -2.1871509
            ],
            [
              115.5878108,
              -2.1869912
            ],
            [
              115.5879634,
              -2.1872304
            ],
            [
              115.5877197,
              -2.1873902
            ],
            [
              115.5875671,
              -2.1871509
            ]
          ]
        ]
      },
      "properties": {
        "tipe": "Radius 300m (Bendera)",
        "color": "#ff0000",
        "fillColor": "#ff0000",
        "fillOpacity": 1.0,
        "weight": 1
      }
    },
    {
      "type": "Feature",
      "geometry": {
        "type": "Polygon",
        "coordinates": [
          [
            [
              115.5875671,
              -2.1871509
            ],
            [
              115.5878108,
              -2.1869912
            ],
            [
              115.5879634,
              -2.1872304
            ],
            [
              115.5877197,
              -2.1873902
            ],
            [
              115.5875671,
              -2.1871509
            ]
          ]
        ]
      },
      "properties": {
        "tipe": "Radius 300m (Bendera)",
        "color": "#ff0000",
        "fillColor": "#ff0000",
        "fillOpacity": 1.0,
        "weight": 1
      }
    },
    {
      "type": "Feature",
      "geometry": {
        "type": "Polygon",
        "coordinates": [
          [
            [
              115.5911715,
              -2.1838406
            ],
            [
              115.5914152,
              -2.1836808
            ],
            [
              115.5915679,
              -2.1839201
            ],
            [
              115.5913242,
              -2.1840798
            ],
            [
              115.5911715,
              -2.1838406
            ]
          ]
        ]
      },
      "properties": {
        "tipe": "Radius 300m (Bendera)",
        "color": "#ff0000",
        "fillColor": "#ff0000",
        "fillOpacity": 1.0,
        "weight": 1
      }
    },
    {
      "type": "Feature",
      "geometry": {
        "type": "Polygon",
        "coordinates": [
          [
            [
              115.5911715,
              -2.1838406
            ],
            [
              115.5914152,
              -2.1836808
            ],
            [
              115.5915679,
              -2.1839201
            ],
            [
              115.5913242,
              -2.1840798
            ],
            [
              115.5911715,
              -2.1838406
            ]
          ]
        ]
      },
      "properties": {
        "tipe": "Radius 300m (Bendera)",
        "color": "#ff0000",
        "fillColor": "#ff0000",
        "fillOpacity": 1.0,
        "weight": 1
      }
    },
    {
      "type": "Feature",
      "geometry": {
        "type": "Polygon",
        "coordinates": [
          [
            [
              115.5911715,
              -2.1838406
            ],
            [
              115.5914152,
              -2.1836808
            ],
            [
              115.5915679,
              -2.1839201
            ],
            [
              115.5913242,
              -2.1840798
            ],
            [
              115.5911715,
              -2.1838406
            ]
          ]
        ]
      },
      "properties": {
        "tipe": "Radius 300m (Bendera)",
        "color": "#ff0000",
        "fillColor": "#ff0000",
        "fillOpacity": 1.0,
        "weight": 1
      }
    },
    {
      "type": "Feature",
      "geometry": {
        "type": "Polygon",
        "coordinates": [
          [
            [
              115.5911715,
              -2.1838406
            ],
            [
              115.5914152,
              -2.1836808
            ],
            [
              115.5915679,
              -2.1839201
            ],
            [
              115.5913242,
              -2.1840798
            ],
            [
              115.5911715,
              -2.1838406
            ]
          ]
        ]
      },
      "properties": {
        "tipe": "Radius 300m (Bendera)",
        "color": "#ff0000",
        "fillColor": "#ff0000",
        "fillOpacity": 1.0,
        "weight": 1
      }
    },
    {
      "type": "Feature",
      "geometry": {
        "type": "Polygon",
        "coordinates": [
          [
            [
              115.5911715,
              -2.1838406
            ],
            [
              115.5914152,
              -2.1836808
            ],
            [
              115.5915679,
              -2.1839201
            ],
            [
              115.5913242,
              -2.1840798
            ],
            [
              115.5911715,
              -2.1838406
            ]
          ]
        ]
      },
      "properties": {
        "tipe": "Radius 300m (Bendera)",
        "color": "#ff0000",
        "fillColor": "#ff0000",
        "fillOpacity": 1.0,
        "weight": 1
      }
    },
    {
      "type": "Feature",
      "geometry": {
        "type": "Polygon",
        "coordinates": [
          [
            [
              115.5911715,
              -2.1838406
            ],
            [
              115.5914152,
              -2.1836808
            ],
            [
              115.5915679,
              -2.1839201
            ],
            [
              115.5913242,
              -2.1840798
            ],
            [
              115.5911715,
              -2.1838406
            ]
          ]
        ]
      },
      "properties": {
        "tipe": "Radius 300m (Bendera)",
        "color": "#ff0000",
        "fillColor": "#ff0000",
        "fillOpacity": 1.0,
        "weight": 1
      }
    },
    {
      "type": "Feature",
      "geometry": {
        "type": "Polygon",
        "coordinates": [
          [
            [
              115.5892598,
              -2.1808432
            ],
            [
              115.5895035,
              -2.1806834
            ],
            [
              115.5896561,
              -2.1809227
            ],
            [
              115.5894124,
              -2.1810824
            ],
            [
              115.5892598,
              -2.1808432
            ]
          ]
        ]
      },
      "properties": {
        "tipe": "Radius 300m (Bendera)",
        "color": "#ff0000",
        "fillColor": "#ff0000",
        "fillOpacity": 1.0,
        "weight": 1
      }
    },
    {
      "type": "Feature",
      "geometry": {
        "type": "Polygon",
        "coordinates": [
          [
            [
              115.5892598,
              -2.1808432
            ],
            [
              115.5895035,
              -2.1806834
            ],
            [
              115.5896561,
              -2.1809227
            ],
            [
              115.5894124,
              -2.1810824
            ],
            [
              115.5892598,
              -2.1808432
            ]
          ]
        ]
      },
      "properties": {
        "tipe": "Radius 300m (Bendera)",
        "color": "#ff0000",
        "fillColor": "#ff0000",
        "fillOpacity": 1.0,
        "weight": 1
      }
    },
    {
      "type": "Feature",
      "geometry": {
        "type": "Polygon",
        "coordinates": [
          [
            [
              115.5892598,
              -2.1808432
            ],
            [
              115.5895035,
              -2.1806834
            ],
            [
              115.5896561,
              -2.1809227
            ],
            [
              115.5894124,
              -2.1810824
            ],
            [
              115.5892598,
              -2.1808432
            ]
          ]
        ]
      },
      "properties": {
        "tipe": "Radius 300m (Bendera)",
        "color": "#ff0000",
        "fillColor": "#ff0000",
        "fillOpacity": 1.0,
        "weight": 1
      }
    },
    {
      "type": "Feature",
      "geometry": {
        "type": "Polygon",
        "coordinates": [
          [
            [
              115.5892598,
              -2.1808432
            ],
            [
              115.5895035,
              -2.1806834
            ],
            [
              115.5896561,
              -2.1809227
            ],
            [
              115.5894124,
              -2.1810824
            ],
            [
              115.5892598,
              -2.1808432
            ]
          ]
        ]
      },
      "properties": {
        "tipe": "Radius 300m (Bendera)",
        "color": "#ff0000",
        "fillColor": "#ff0000",
        "fillOpacity": 1.0,
        "weight": 1
      }
    },
    {
      "type": "Feature",
      "geometry": {
        "type": "Polygon",
        "coordinates": [
          [
            [
              115.5892598,
              -2.1808432
            ],
            [
              115.5895035,
              -2.1806834
            ],
            [
              115.5896561,
              -2.1809227
            ],
            [
              115.5894124,
              -2.1810824
            ],
            [
              115.5892598,
              -2.1808432
            ]
          ]
        ]
      },
      "properties": {
        "tipe": "Radius 300m (Bendera)",
        "color": "#ff0000",
        "fillColor": "#ff0000",
        "fillOpacity": 1.0,
        "weight": 1
      }
    },
    {
      "type": "Feature",
      "geometry": {
        "type": "Polygon",
        "coordinates": [
          [
            [
              115.5892598,
              -2.1808432
            ],
            [
              115.5895035,
              -2.1806834
            ],
            [
              115.5896561,
              -2.1809227
            ],
            [
              115.5894124,
              -2.1810824
            ],
            [
              115.5892598,
              -2.1808432
            ]
          ]
        ]
      },
      "properties": {
        "tipe": "Radius 300m (Bendera)",
        "color": "#ff0000",
        "fillColor": "#ff0000",
        "fillOpacity": 1.0,
        "weight": 1
      }
    },
    {
      "type": "Feature",
      "geometry": {
        "type": "Polygon",
        "coordinates": [
          [
            [
              115.5878304,
              -2.1806746
            ],
            [
              115.5880741,
              -2.1805149
            ],
            [
              115.5882267,
              -2.1807542
            ],
            [
              115.587983,
              -2.1809139
            ],
            [
              115.5878304,
              -2.1806746
            ]
          ]
        ]
      },
      "properties": {
        "tipe": "Radius 300m (Bendera)",
        "color": "#ff0000",
        "fillColor": "#ff0000",
        "fillOpacity": 1.0,
        "weight": 1
      }
    },
    {
      "type": "Feature",
      "geometry": {
        "type": "Polygon",
        "coordinates": [
          [
            [
              115.5878304,
              -2.1806746
            ],
            [
              115.5880741,
              -2.1805149
            ],
            [
              115.5882267,
              -2.1807542
            ],
            [
              115.587983,
              -2.1809139
            ],
            [
              115.5878304,
              -2.1806746
            ]
          ]
        ]
      },
      "properties": {
        "tipe": "Radius 300m (Bendera)",
        "color": "#ff0000",
        "fillColor": "#ff0000",
        "fillOpacity": 1.0,
        "weight": 1
      }
    },
    {
      "type": "Feature",
      "geometry": {
        "type": "Polygon",
        "coordinates": [
          [
            [
              115.5878304,
              -2.1806746
            ],
            [
              115.5880741,
              -2.1805149
            ],
            [
              115.5882267,
              -2.1807542
            ],
            [
              115.587983,
              -2.1809139
            ],
            [
              115.5878304,
              -2.1806746
            ]
          ]
        ]
      },
      "properties": {
        "tipe": "Radius 300m (Bendera)",
        "color": "#ff0000",
        "fillColor": "#ff0000",
        "fillOpacity": 1.0,
        "weight": 1
      }
    },
    {
      "type": "Feature",
      "geometry": {
        "type": "Polygon",
        "coordinates": [
          [
            [
              115.5878304,
              -2.1806746
            ],
            [
              115.5880741,
              -2.1805149
            ],
            [
              115.5882267,
              -2.1807542
            ],
            [
              115.587983,
              -2.1809139
            ],
            [
              115.5878304,
              -2.1806746
            ]
          ]
        ]
      },
      "properties": {
        "tipe": "Radius 300m (Bendera)",
        "color": "#ff0000",
        "fillColor": "#ff0000",
        "fillOpacity": 1.0,
        "weight": 1
      }
    },
    {
      "type": "Feature",
      "geometry": {
        "type": "Polygon",
        "coordinates": [
          [
            [
              115.5878304,
              -2.1806746
            ],
            [
              115.5880741,
              -2.1805149
            ],
            [
              115.5882267,
              -2.1807542
            ],
            [
              115.587983,
              -2.1809139
            ],
            [
              115.5878304,
              -2.1806746
            ]
          ]
        ]
      },
      "properties": {
        "tipe": "Radius 300m (Bendera)",
        "color": "#ff0000",
        "fillColor": "#ff0000",
        "fillOpacity": 1.0,
        "weight": 1
      }
    },
    {
      "type": "Feature",
      "geometry": {
        "type": "Polygon",
        "coordinates": [
          [
            [
              115.5878304,
              -2.1806746
            ],
            [
              115.5880741,
              -2.1805149
            ],
            [
              115.5882267,
              -2.1807542
            ],
            [
              115.587983,
              -2.1809139
            ],
            [
              115.5878304,
              -2.1806746
            ]
          ]
        ]
      },
      "properties": {
        "tipe": "Radius 300m (Bendera)",
        "color": "#ff0000",
        "fillColor": "#ff0000",
        "fillOpacity": 1.0,
        "weight": 1
      }
    },
    {
      "type": "Feature",
      "geometry": {
        "type": "Polygon",
        "coordinates": [
          [
            [
              115.5845988,
              -2.1841108
            ],
            [
              115.5848425,
              -2.1839511
            ],
            [
              115.5849951,
              -2.1841904
            ],
            [
              115.5847514,
              -2.1843501
            ],
            [
              115.5845988,
              -2.1841108
            ]
          ]
        ]
      },
      "properties": {
        "tipe": "Radius 300m (Bendera)",
        "color": "#ff0000",
        "fillColor": "#ff0000",
        "fillOpacity": 1.0,
        "weight": 1
      }
    },
    {
      "type": "Feature",
      "geometry": {
        "type": "Polygon",
        "coordinates": [
          [
            [
              115.5845988,
              -2.1841108
            ],
            [
              115.5848425,
              -2.1839511
            ],
            [
              115.5849951,
              -2.1841904
            ],
            [
              115.5847514,
              -2.1843501
            ],
            [
              115.5845988,
              -2.1841108
            ]
          ]
        ]
      },
      "properties": {
        "tipe": "Radius 300m (Bendera)",
        "color": "#ff0000",
        "fillColor": "#ff0000",
        "fillOpacity": 1.0,
        "weight": 1
      }
    },
    {
      "type": "Feature",
      "geometry": {
        "type": "Polygon",
        "coordinates": [
          [
            [
              115.5845988,
              -2.1841108
            ],
            [
              115.5848425,
              -2.1839511
            ],
            [
              115.5849951,
              -2.1841904
            ],
            [
              115.5847514,
              -2.1843501
            ],
            [
              115.5845988,
              -2.1841108
            ]
          ]
        ]
      },
      "properties": {
        "tipe": "Radius 300m (Bendera)",
        "color": "#ff0000",
        "fillColor": "#ff0000",
        "fillOpacity": 1.0,
        "weight": 1
      }
    },
    {
      "type": "Feature",
      "geometry": {
        "type": "Polygon",
        "coordinates": [
          [
            [
              115.5845988,
              -2.1841108
            ],
            [
              115.5848425,
              -2.1839511
            ],
            [
              115.5849951,
              -2.1841904
            ],
            [
              115.5847514,
              -2.1843501
            ],
            [
              115.5845988,
              -2.1841108
            ]
          ]
        ]
      },
      "properties": {
        "tipe": "Radius 300m (Bendera)",
        "color": "#ff0000",
        "fillColor": "#ff0000",
        "fillOpacity": 1.0,
        "weight": 1
      }
    },
    {
      "type": "Feature",
      "geometry": {
        "type": "Polygon",
        "coordinates": [
          [
            [
              115.5845988,
              -2.1841108
            ],
            [
              115.5848425,
              -2.1839511
            ],
            [
              115.5849951,
              -2.1841904
            ],
            [
              115.5847514,
              -2.1843501
            ],
            [
              115.5845988,
              -2.1841108
            ]
          ]
        ]
      },
      "properties": {
        "tipe": "Radius 300m (Bendera)",
        "color": "#ff0000",
        "fillColor": "#ff0000",
        "fillOpacity": 1.0,
        "weight": 1
      }
    },
    {
      "type": "Feature",
      "geometry": {
        "type": "Polygon",
        "coordinates": [
          [
            [
              115.5845988,
              -2.1841108
            ],
            [
              115.5848425,
              -2.1839511
            ],
            [
              115.5849951,
              -2.1841904
            ],
            [
              115.5847514,
              -2.1843501
            ],
            [
              115.5845988,
              -2.1841108
            ]
          ]
        ]
      },
      "properties": {
        "tipe": "Radius 300m (Bendera)",
        "color": "#ff0000",
        "fillColor": "#ff0000",
        "fillOpacity": 1.0,
        "weight": 1
      }
    },
    {
      "type": "Feature",
      "geometry": {
        "type": "Polygon",
        "coordinates": [
          [
            [
              115.5850837,
              -2.1858651
            ],
            [
              115.5853274,
              -2.1857053
            ],
            [
              115.58548,
              -2.1859446
            ],
            [
              115.5852363,
              -2.1861043
            ],
            [
              115.5850837,
              -2.1858651
            ]
          ]
        ]
      },
      "properties": {
        "tipe": "Radius 300m (Bendera)",
        "color": "#ff0000",
        "fillColor": "#ff0000",
        "fillOpacity": 1.0,
        "weight": 1
      }
    },
    {
      "type": "Feature",
      "geometry": {
        "type": "Polygon",
        "coordinates": [
          [
            [
              115.5850837,
              -2.1858651
            ],
            [
              115.5853274,
              -2.1857053
            ],
            [
              115.58548,
              -2.1859446
            ],
            [
              115.5852363,
              -2.1861043
            ],
            [
              115.5850837,
              -2.1858651
            ]
          ]
        ]
      },
      "properties": {
        "tipe": "Radius 300m (Bendera)",
        "color": "#ff0000",
        "fillColor": "#ff0000",
        "fillOpacity": 1.0,
        "weight": 1
      }
    },
    {
      "type": "Feature",
      "geometry": {
        "type": "Polygon",
        "coordinates": [
          [
            [
              115.5850837,
              -2.1858651
            ],
            [
              115.5853274,
              -2.1857053
            ],
            [
              115.58548,
              -2.1859446
            ],
            [
              115.5852363,
              -2.1861043
            ],
            [
              115.5850837,
              -2.1858651
            ]
          ]
        ]
      },
      "properties": {
        "tipe": "Radius 300m (Bendera)",
        "color": "#ff0000",
        "fillColor": "#ff0000",
        "fillOpacity": 1.0,
        "weight": 1
      }
    },
    {
      "type": "Feature",
      "geometry": {
        "type": "Polygon",
        "coordinates": [
          [
            [
              115.5850837,
              -2.1858651
            ],
            [
              115.5853274,
              -2.1857053
            ],
            [
              115.58548,
              -2.1859446
            ],
            [
              115.5852363,
              -2.1861043
            ],
            [
              115.5850837,
              -2.1858651
            ]
          ]
        ]
      },
      "properties": {
        "tipe": "Radius 300m (Bendera)",
        "color": "#ff0000",
        "fillColor": "#ff0000",
        "fillOpacity": 1.0,
        "weight": 1
      }
    },
    {
      "type": "Feature",
      "geometry": {
        "type": "Polygon",
        "coordinates": [
          [
            [
              115.5850837,
              -2.1858651
            ],
            [
              115.5853274,
              -2.1857053
            ],
            [
              115.58548,
              -2.1859446
            ],
            [
              115.5852363,
              -2.1861043
            ],
            [
              115.5850837,
              -2.1858651
            ]
          ]
        ]
      },
      "properties": {
        "tipe": "Radius 300m (Bendera)",
        "color": "#ff0000",
        "fillColor": "#ff0000",
        "fillOpacity": 1.0,
        "weight": 1
      }
    },
    {
      "type": "Feature",
      "geometry": {
        "type": "Polygon",
        "coordinates": [
          [
            [
              115.5850837,
              -2.1858651
            ],
            [
              115.5853274,
              -2.1857053
            ],
            [
              115.58548,
              -2.1859446
            ],
            [
              115.5852363,
              -2.1861043
            ],
            [
              115.5850837,
              -2.1858651
            ]
          ]
        ]
      },
      "properties": {
        "tipe": "Radius 300m (Bendera)",
        "color": "#ff0000",
        "fillColor": "#ff0000",
        "fillOpacity": 1.0,
        "weight": 1
      }
    },
    {
      "type": "Feature",
      "geometry": {
        "type": "Polygon",
        "coordinates": [
          [
            [
              115.5809244,
              -2.182972
            ],
            [
              115.5811681,
              -2.1828123
            ],
            [
              115.5813207,
              -2.1830515
            ],
            [
              115.581077,
              -2.1832113
            ],
            [
              115.5809244,
              -2.182972
            ]
          ]
        ]
      },
      "properties": {
        "tipe": "Radius 300m (Bendera)",
        "color": "#ff0000",
        "fillColor": "#ff0000",
        "fillOpacity": 1.0,
        "weight": 1
      }
    },
    {
      "type": "Feature",
      "geometry": {
        "type": "Polygon",
        "coordinates": [
          [
            [
              115.5809244,
              -2.182972
            ],
            [
              115.5811681,
              -2.1828123
            ],
            [
              115.5813207,
              -2.1830515
            ],
            [
              115.581077,
              -2.1832113
            ],
            [
              115.5809244,
              -2.182972
            ]
          ]
        ]
      },
      "properties": {
        "tipe": "Radius 300m (Bendera)",
        "color": "#ff0000",
        "fillColor": "#ff0000",
        "fillOpacity": 1.0,
        "weight": 1
      }
    },
    {
      "type": "Feature",
      "geometry": {
        "type": "Polygon",
        "coordinates": [
          [
            [
              115.5809244,
              -2.182972
            ],
            [
              115.5811681,
              -2.1828123
            ],
            [
              115.5813207,
              -2.1830515
            ],
            [
              115.581077,
              -2.1832113
            ],
            [
              115.5809244,
              -2.182972
            ]
          ]
        ]
      },
      "properties": {
        "tipe": "Radius 300m (Bendera)",
        "color": "#ff0000",
        "fillColor": "#ff0000",
        "fillOpacity": 1.0,
        "weight": 1
      }
    },
    {
      "type": "Feature",
      "geometry": {
        "type": "Polygon",
        "coordinates": [
          [
            [
              115.5809244,
              -2.182972
            ],
            [
              115.5811681,
              -2.1828123
            ],
            [
              115.5813207,
              -2.1830515
            ],
            [
              115.581077,
              -2.1832113
            ],
            [
              115.5809244,
              -2.182972
            ]
          ]
        ]
      },
      "properties": {
        "tipe": "Radius 300m (Bendera)",
        "color": "#ff0000",
        "fillColor": "#ff0000",
        "fillOpacity": 1.0,
        "weight": 1
      }
    },
    {
      "type": "Feature",
      "geometry": {
        "type": "Polygon",
        "coordinates": [
          [
            [
              115.5809244,
              -2.182972
            ],
            [
              115.5811681,
              -2.1828123
            ],
            [
              115.5813207,
              -2.1830515
            ],
            [
              115.581077,
              -2.1832113
            ],
            [
              115.5809244,
              -2.182972
            ]
          ]
        ]
      },
      "properties": {
        "tipe": "Radius 300m (Bendera)",
        "color": "#ff0000",
        "fillColor": "#ff0000",
        "fillOpacity": 1.0,
        "weight": 1
      }
    },
    {
      "type": "Feature",
      "geometry": {
        "type": "Polygon",
        "coordinates": [
          [
            [
              115.5809244,
              -2.182972
            ],
            [
              115.5811681,
              -2.1828123
            ],
            [
              115.5813207,
              -2.1830515
            ],
            [
              115.581077,
              -2.1832113
            ],
            [
              115.5809244,
              -2.182972
            ]
          ]
        ]
      },
      "properties": {
        "tipe": "Radius 300m (Bendera)",
        "color": "#ff0000",
        "fillColor": "#ff0000",
        "fillOpacity": 1.0,
        "weight": 1
      }
    },
    {
      "type": "Feature",
      "geometry": {
        "type": "Polygon",
        "coordinates": [
          [
            [
              115.5814926,
              -2.1830757
            ],
            [
              115.5817363,
              -2.182916
            ],
            [
              115.5818889,
              -2.1831552
            ],
            [
              115.5816452,
              -2.183315
            ],
            [
              115.5814926,
              -2.1830757
            ]
          ]
        ]
      },
      "properties": {
        "tipe": "Radius 300m (Bendera)",
        "color": "#ff0000",
        "fillColor": "#ff0000",
        "fillOpacity": 1.0,
        "weight": 1
      }
    },
    {
      "type": "Feature",
      "geometry": {
        "type": "Polygon",
        "coordinates": [
          [
            [
              115.5814926,
              -2.1830757
            ],
            [
              115.5817363,
              -2.182916
            ],
            [
              115.5818889,
              -2.1831552
            ],
            [
              115.5816452,
              -2.183315
            ],
            [
              115.5814926,
              -2.1830757
            ]
          ]
        ]
      },
      "properties": {
        "tipe": "Radius 300m (Bendera)",
        "color": "#ff0000",
        "fillColor": "#ff0000",
        "fillOpacity": 1.0,
        "weight": 1
      }
    },
    {
      "type": "Feature",
      "geometry": {
        "type": "Polygon",
        "coordinates": [
          [
            [
              115.5814926,
              -2.1830757
            ],
            [
              115.5817363,
              -2.182916
            ],
            [
              115.5818889,
              -2.1831552
            ],
            [
              115.5816452,
              -2.183315
            ],
            [
              115.5814926,
              -2.1830757
            ]
          ]
        ]
      },
      "properties": {
        "tipe": "Radius 300m (Bendera)",
        "color": "#ff0000",
        "fillColor": "#ff0000",
        "fillOpacity": 1.0,
        "weight": 1
      }
    },
    {
      "type": "Feature",
      "geometry": {
        "type": "Polygon",
        "coordinates": [
          [
            [
              115.5814926,
              -2.1830757
            ],
            [
              115.5817363,
              -2.182916
            ],
            [
              115.5818889,
              -2.1831552
            ],
            [
              115.5816452,
              -2.183315
            ],
            [
              115.5814926,
              -2.1830757
            ]
          ]
        ]
      },
      "properties": {
        "tipe": "Radius 300m (Bendera)",
        "color": "#ff0000",
        "fillColor": "#ff0000",
        "fillOpacity": 1.0,
        "weight": 1
      }
    },
    {
      "type": "Feature",
      "geometry": {
        "type": "Polygon",
        "coordinates": [
          [
            [
              115.5814926,
              -2.1830757
            ],
            [
              115.5817363,
              -2.182916
            ],
            [
              115.5818889,
              -2.1831552
            ],
            [
              115.5816452,
              -2.183315
            ],
            [
              115.5814926,
              -2.1830757
            ]
          ]
        ]
      },
      "properties": {
        "tipe": "Radius 300m (Bendera)",
        "color": "#ff0000",
        "fillColor": "#ff0000",
        "fillOpacity": 1.0,
        "weight": 1
      }
    },
    {
      "type": "Feature",
      "geometry": {
        "type": "Polygon",
        "coordinates": [
          [
            [
              115.5814926,
              -2.1830757
            ],
            [
              115.5817363,
              -2.182916
            ],
            [
              115.5818889,
              -2.1831552
            ],
            [
              115.5816452,
              -2.183315
            ],
            [
              115.5814926,
              -2.1830757
            ]
          ]
        ]
      },
      "properties": {
        "tipe": "Radius 300m (Bendera)",
        "color": "#ff0000",
        "fillColor": "#ff0000",
        "fillOpacity": 1.0,
        "weight": 1
      }
    },
    {
      "type": "Feature",
      "geometry": {
        "type": "Polygon",
        "coordinates": [
          [
            [
              115.5824548,
              -2.1829972
            ],
            [
              115.5826985,
              -2.1828374
            ],
            [
              115.5828511,
              -2.1830767
            ],
            [
              115.5826074,
              -2.1832364
            ],
            [
              115.5824548,
              -2.1829972
            ]
          ]
        ]
      },
      "properties": {
        "tipe": "Radius 300m (Bendera)",
        "color": "#ff0000",
        "fillColor": "#ff0000",
        "fillOpacity": 1.0,
        "weight": 1
      }
    },
    {
      "type": "Feature",
      "geometry": {
        "type": "Polygon",
        "coordinates": [
          [
            [
              115.5824548,
              -2.1829972
            ],
            [
              115.5826985,
              -2.1828374
            ],
            [
              115.5828511,
              -2.1830767
            ],
            [
              115.5826074,
              -2.1832364
            ],
            [
              115.5824548,
              -2.1829972
            ]
          ]
        ]
      },
      "properties": {
        "tipe": "Radius 300m (Bendera)",
        "color": "#ff0000",
        "fillColor": "#ff0000",
        "fillOpacity": 1.0,
        "weight": 1
      }
    },
    {
      "type": "Feature",
      "geometry": {
        "type": "Polygon",
        "coordinates": [
          [
            [
              115.5824548,
              -2.1829972
            ],
            [
              115.5826985,
              -2.1828374
            ],
            [
              115.5828511,
              -2.1830767
            ],
            [
              115.5826074,
              -2.1832364
            ],
            [
              115.5824548,
              -2.1829972
            ]
          ]
        ]
      },
      "properties": {
        "tipe": "Radius 300m (Bendera)",
        "color": "#ff0000",
        "fillColor": "#ff0000",
        "fillOpacity": 1.0,
        "weight": 1
      }
    },
    {
      "type": "Feature",
      "geometry": {
        "type": "Polygon",
        "coordinates": [
          [
            [
              115.5824548,
              -2.1829972
            ],
            [
              115.5826985,
              -2.1828374
            ],
            [
              115.5828511,
              -2.1830767
            ],
            [
              115.5826074,
              -2.1832364
            ],
            [
              115.5824548,
              -2.1829972
            ]
          ]
        ]
      },
      "properties": {
        "tipe": "Radius 300m (Bendera)",
        "color": "#ff0000",
        "fillColor": "#ff0000",
        "fillOpacity": 1.0,
        "weight": 1
      }
    },
    {
      "type": "Feature",
      "geometry": {
        "type": "Polygon",
        "coordinates": [
          [
            [
              115.5824548,
              -2.1829972
            ],
            [
              115.5826985,
              -2.1828374
            ],
            [
              115.5828511,
              -2.1830767
            ],
            [
              115.5826074,
              -2.1832364
            ],
            [
              115.5824548,
              -2.1829972
            ]
          ]
        ]
      },
      "properties": {
        "tipe": "Radius 300m (Bendera)",
        "color": "#ff0000",
        "fillColor": "#ff0000",
        "fillOpacity": 1.0,
        "weight": 1
      }
    },
    {
      "type": "Feature",
      "geometry": {
        "type": "Polygon",
        "coordinates": [
          [
            [
              115.5824548,
              -2.1829972
            ],
            [
              115.5826985,
              -2.1828374
            ],
            [
              115.5828511,
              -2.1830767
            ],
            [
              115.5826074,
              -2.1832364
            ],
            [
              115.5824548,
              -2.1829972
            ]
          ]
        ]
      },
      "properties": {
        "tipe": "Radius 300m (Bendera)",
        "color": "#ff0000",
        "fillColor": "#ff0000",
        "fillOpacity": 1.0,
        "weight": 1
      }
    },
    {
      "type": "Feature",
      "geometry": {
        "type": "Polygon",
        "coordinates": [
          [
            [
              115.5829506,
              -2.1828118
            ],
            [
              115.5831943,
              -2.1826521
            ],
            [
              115.5833469,
              -2.1828913
            ],
            [
              115.5831032,
              -2.1830511
            ],
            [
              115.5829506,
              -2.1828118
            ]
          ]
        ]
      },
      "properties": {
        "tipe": "Radius 300m (Bendera)",
        "color": "#ff0000",
        "fillColor": "#ff0000",
        "fillOpacity": 1.0,
        "weight": 1
      }
    },
    {
      "type": "Feature",
      "geometry": {
        "type": "Polygon",
        "coordinates": [
          [
            [
              115.5829506,
              -2.1828118
            ],
            [
              115.5831943,
              -2.1826521
            ],
            [
              115.5833469,
              -2.1828913
            ],
            [
              115.5831032,
              -2.1830511
            ],
            [
              115.5829506,
              -2.1828118
            ]
          ]
        ]
      },
      "properties": {
        "tipe": "Radius 300m (Bendera)",
        "color": "#ff0000",
        "fillColor": "#ff0000",
        "fillOpacity": 1.0,
        "weight": 1
      }
    },
    {
      "type": "Feature",
      "geometry": {
        "type": "Polygon",
        "coordinates": [
          [
            [
              115.5829506,
              -2.1828118
            ],
            [
              115.5831943,
              -2.1826521
            ],
            [
              115.5833469,
              -2.1828913
            ],
            [
              115.5831032,
              -2.1830511
            ],
            [
              115.5829506,
              -2.1828118
            ]
          ]
        ]
      },
      "properties": {
        "tipe": "Radius 300m (Bendera)",
        "color": "#ff0000",
        "fillColor": "#ff0000",
        "fillOpacity": 1.0,
        "weight": 1
      }
    },
    {
      "type": "Feature",
      "geometry": {
        "type": "Polygon",
        "coordinates": [
          [
            [
              115.5829506,
              -2.1828118
            ],
            [
              115.5831943,
              -2.1826521
            ],
            [
              115.5833469,
              -2.1828913
            ],
            [
              115.5831032,
              -2.1830511
            ],
            [
              115.5829506,
              -2.1828118
            ]
          ]
        ]
      },
      "properties": {
        "tipe": "Radius 300m (Bendera)",
        "color": "#ff0000",
        "fillColor": "#ff0000",
        "fillOpacity": 1.0,
        "weight": 1
      }
    },
    {
      "type": "Feature",
      "geometry": {
        "type": "Polygon",
        "coordinates": [
          [
            [
              115.5829506,
              -2.1828118
            ],
            [
              115.5831943,
              -2.1826521
            ],
            [
              115.5833469,
              -2.1828913
            ],
            [
              115.5831032,
              -2.1830511
            ],
            [
              115.5829506,
              -2.1828118
            ]
          ]
        ]
      },
      "properties": {
        "tipe": "Radius 300m (Bendera)",
        "color": "#ff0000",
        "fillColor": "#ff0000",
        "fillOpacity": 1.0,
        "weight": 1
      }
    },
    {
      "type": "Feature",
      "geometry": {
        "type": "Polygon",
        "coordinates": [
          [
            [
              115.5829506,
              -2.1828118
            ],
            [
              115.5831943,
              -2.1826521
            ],
            [
              115.5833469,
              -2.1828913
            ],
            [
              115.5831032,
              -2.1830511
            ],
            [
              115.5829506,
              -2.1828118
            ]
          ]
        ]
      },
      "properties": {
        "tipe": "Radius 300m (Bendera)",
        "color": "#ff0000",
        "fillColor": "#ff0000",
        "fillOpacity": 1.0,
        "weight": 1
      }
    },
    {
      "type": "Feature",
      "geometry": {
        "type": "Polygon",
        "coordinates": [
          [
            [
              115.5849868,
              -2.1784647
            ],
            [
              115.5852305,
              -2.178305
            ],
            [
              115.5853831,
              -2.1785443
            ],
            [
              115.5851394,
              -2.178704
            ],
            [
              115.5849868,
              -2.1784647
            ]
          ]
        ]
      },
      "properties": {
        "tipe": "Radius 300m (Bendera)",
        "color": "#ff0000",
        "fillColor": "#ff0000",
        "fillOpacity": 1.0,
        "weight": 1
      }
    },
    {
      "type": "Feature",
      "geometry": {
        "type": "Polygon",
        "coordinates": [
          [
            [
              115.5849868,
              -2.1784647
            ],
            [
              115.5852305,
              -2.178305
            ],
            [
              115.5853831,
              -2.1785443
            ],
            [
              115.5851394,
              -2.178704
            ],
            [
              115.5849868,
              -2.1784647
            ]
          ]
        ]
      },
      "properties": {
        "tipe": "Radius 300m (Bendera)",
        "color": "#ff0000",
        "fillColor": "#ff0000",
        "fillOpacity": 1.0,
        "weight": 1
      }
    },
    {
      "type": "Feature",
      "geometry": {
        "type": "Polygon",
        "coordinates": [
          [
            [
              115.5849868,
              -2.1784647
            ],
            [
              115.5852305,
              -2.178305
            ],
            [
              115.5853831,
              -2.1785443
            ],
            [
              115.5851394,
              -2.178704
            ],
            [
              115.5849868,
              -2.1784647
            ]
          ]
        ]
      },
      "properties": {
        "tipe": "Radius 300m (Bendera)",
        "color": "#ff0000",
        "fillColor": "#ff0000",
        "fillOpacity": 1.0,
        "weight": 1
      }
    },
    {
      "type": "Feature",
      "geometry": {
        "type": "Polygon",
        "coordinates": [
          [
            [
              115.5849868,
              -2.1784647
            ],
            [
              115.5852305,
              -2.178305
            ],
            [
              115.5853831,
              -2.1785443
            ],
            [
              115.5851394,
              -2.178704
            ],
            [
              115.5849868,
              -2.1784647
            ]
          ]
        ]
      },
      "properties": {
        "tipe": "Radius 300m (Bendera)",
        "color": "#ff0000",
        "fillColor": "#ff0000",
        "fillOpacity": 1.0,
        "weight": 1
      }
    },
    {
      "type": "Feature",
      "geometry": {
        "type": "Polygon",
        "coordinates": [
          [
            [
              115.5849868,
              -2.1784647
            ],
            [
              115.5852305,
              -2.178305
            ],
            [
              115.5853831,
              -2.1785443
            ],
            [
              115.5851394,
              -2.178704
            ],
            [
              115.5849868,
              -2.1784647
            ]
          ]
        ]
      },
      "properties": {
        "tipe": "Radius 300m (Bendera)",
        "color": "#ff0000",
        "fillColor": "#ff0000",
        "fillOpacity": 1.0,
        "weight": 1
      }
    },
    {
      "type": "Feature",
      "geometry": {
        "type": "Polygon",
        "coordinates": [
          [
            [
              115.5849868,
              -2.1784647
            ],
            [
              115.5852305,
              -2.178305
            ],
            [
              115.5853831,
              -2.1785443
            ],
            [
              115.5851394,
              -2.178704
            ],
            [
              115.5849868,
              -2.1784647
            ]
          ]
        ]
      },
      "properties": {
        "tipe": "Radius 300m (Bendera)",
        "color": "#ff0000",
        "fillColor": "#ff0000",
        "fillOpacity": 1.0,
        "weight": 1
      }
    },
    {
      "type": "Feature",
      "geometry": {
        "type": "LineString",
        "coordinates": [
          [
            115.5849868,
            -2.1784647
          ],
          [
            115.5853756,
            -2.1790744
          ]
        ]
      },
      "properties": {
        "tipe": "Radius 300m",
        "color": "#ff0000",
        "weight": 2.5,
        "fill": false
      }
    },
    {
      "type": "Feature",
      "geometry": {
        "type": "LineString",
        "coordinates": [
          [
            115.5829506,
            -2.1828118
          ],
          [
            115.5833395,
            -2.1834215
          ]
        ]
      },
      "properties": {
        "tipe": "Radius 300m",
        "color": "#ff0000",
        "weight": 2.5,
        "fill": false
      }
    },
    {
      "type": "Feature",
      "geometry": {
        "type": "LineString",
        "coordinates": [
          [
            115.5824548,
            -2.1829972
          ],
          [
            115.5828436,
            -2.1836069
          ]
        ]
      },
      "properties": {
        "tipe": "Radius 300m",
        "color": "#ff0000",
        "weight": 2.5,
        "fill": false
      }
    },
    {
      "type": "Feature",
      "geometry": {
        "type": "LineString",
        "coordinates": [
          [
            115.5814926,
            -2.1830757
          ],
          [
            115.5818815,
            -2.1836854
          ]
        ]
      },
      "properties": {
        "tipe": "Radius 300m",
        "color": "#ff0000",
        "weight": 2.5,
        "fill": false
      }
    },
    {
      "type": "Feature",
      "geometry": {
        "type": "LineString",
        "coordinates": [
          [
            115.5809244,
            -2.182972
          ],
          [
            115.5813133,
            -2.1835817
          ]
        ]
      },
      "properties": {
        "tipe": "Radius 300m",
        "color": "#ff0000",
        "weight": 2.5,
        "fill": false
      }
    },
    {
      "type": "Feature",
      "geometry": {
        "type": "LineString",
        "coordinates": [
          [
            115.5875671,
            -2.1871509
          ],
          [
            115.5879559,
            -2.1877606
          ]
        ]
      },
      "properties": {
        "tipe": "Radius 300m",
        "color": "#ff0000",
        "weight": 2.5,
        "fill": false
      }
    },
    {
      "type": "Feature",
      "geometry": {
        "type": "LineString",
        "coordinates": [
          [
            115.5850837,
            -2.1858651
          ],
          [
            115.5854726,
            -2.1864748
          ]
        ]
      },
      "properties": {
        "tipe": "Radius 300m",
        "color": "#ff0000",
        "weight": 2.5,
        "fill": false
      }
    },
    {
      "type": "Feature",
      "geometry": {
        "type": "LineString",
        "coordinates": [
          [
            115.5845988,
            -2.1841108
          ],
          [
            115.5849876,
            -2.1847205
          ]
        ]
      },
      "properties": {
        "tipe": "Radius 300m",
        "color": "#ff0000",
        "weight": 2.5,
        "fill": false
      }
    },
    {
      "type": "Feature",
      "geometry": {
        "type": "LineString",
        "coordinates": [
          [
            115.5878304,
            -2.1806746
          ],
          [
            115.5882193,
            -2.1812844
          ]
        ]
      },
      "properties": {
        "tipe": "Radius 300m",
        "color": "#ff0000",
        "weight": 2.5,
        "fill": false
      }
    },
    {
      "type": "Feature",
      "geometry": {
        "type": "LineString",
        "coordinates": [
          [
            115.5892598,
            -2.1808432
          ],
          [
            115.5896487,
            -2.1814529
          ]
        ]
      },
      "properties": {
        "tipe": "Radius 300m",
        "color": "#ff0000",
        "weight": 2.5,
        "fill": false
      }
    },
    {
      "type": "Feature",
      "geometry": {
        "type": "LineString",
        "coordinates": [
          [
            115.5911715,
            -2.1838406
          ],
          [
            115.5915604,
            -2.1844503
          ]
        ]
      },
      "properties": {
        "tipe": "Radius 300m",
        "color": "#ff0000",
        "weight": 2.5,
        "fill": false
      }
    },
    {
      "type": "Feature",
      "geometry": {
        "type": "Polygon",
        "coordinates": [
          [
            [
              115.5819886,
              -2.1763599
            ],
            [
              115.5822323,
              -2.1762002
            ],
            [
              115.5823849,
              -2.1764395
            ],
            [
              115.5821412,
              -2.1765992
            ],
            [
              115.5819886,
              -2.1763599
            ]
          ]
        ]
      },
      "properties": {
        "tipe": "Radius 300m (Bendera)",
        "color": "#ff0000",
        "fillColor": "#ff0000",
        "fillOpacity": 1.0,
        "weight": 1
      }
    },
    {
      "type": "Feature",
      "geometry": {
        "type": "Polygon",
        "coordinates": [
          [
            [
              115.5819886,
              -2.1763599
            ],
            [
              115.5822323,
              -2.1762002
            ],
            [
              115.5823849,
              -2.1764395
            ],
            [
              115.5821412,
              -2.1765992
            ],
            [
              115.5819886,
              -2.1763599
            ]
          ]
        ]
      },
      "properties": {
        "tipe": "Radius 300m (Bendera)",
        "color": "#ff0000",
        "fillColor": "#ff0000",
        "fillOpacity": 1.0,
        "weight": 1
      }
    },
    {
      "type": "Feature",
      "geometry": {
        "type": "Polygon",
        "coordinates": [
          [
            [
              115.5819886,
              -2.1763599
            ],
            [
              115.5822323,
              -2.1762002
            ],
            [
              115.5823849,
              -2.1764395
            ],
            [
              115.5821412,
              -2.1765992
            ],
            [
              115.5819886,
              -2.1763599
            ]
          ]
        ]
      },
      "properties": {
        "tipe": "Radius 300m (Bendera)",
        "color": "#ff0000",
        "fillColor": "#ff0000",
        "fillOpacity": 1.0,
        "weight": 1
      }
    },
    {
      "type": "Feature",
      "geometry": {
        "type": "Polygon",
        "coordinates": [
          [
            [
              115.5819886,
              -2.1763599
            ],
            [
              115.5822323,
              -2.1762002
            ],
            [
              115.5823849,
              -2.1764395
            ],
            [
              115.5821412,
              -2.1765992
            ],
            [
              115.5819886,
              -2.1763599
            ]
          ]
        ]
      },
      "properties": {
        "tipe": "Radius 300m (Bendera)",
        "color": "#ff0000",
        "fillColor": "#ff0000",
        "fillOpacity": 1.0,
        "weight": 1
      }
    },
    {
      "type": "Feature",
      "geometry": {
        "type": "Polygon",
        "coordinates": [
          [
            [
              115.5819886,
              -2.1763599
            ],
            [
              115.5822323,
              -2.1762002
            ],
            [
              115.5823849,
              -2.1764395
            ],
            [
              115.5821412,
              -2.1765992
            ],
            [
              115.5819886,
              -2.1763599
            ]
          ]
        ]
      },
      "properties": {
        "tipe": "Radius 300m (Bendera)",
        "color": "#ff0000",
        "fillColor": "#ff0000",
        "fillOpacity": 1.0,
        "weight": 1
      }
    },
    {
      "type": "Feature",
      "geometry": {
        "type": "Polygon",
        "coordinates": [
          [
            [
              115.5819886,
              -2.1763599
            ],
            [
              115.5822323,
              -2.1762002
            ],
            [
              115.5823849,
              -2.1764395
            ],
            [
              115.5821412,
              -2.1765992
            ],
            [
              115.5819886,
              -2.1763599
            ]
          ]
        ]
      },
      "properties": {
        "tipe": "Radius 300m (Bendera)",
        "color": "#ff0000",
        "fillColor": "#ff0000",
        "fillOpacity": 1.0,
        "weight": 1
      }
    },
    {
      "type": "Feature",
      "geometry": {
        "type": "Polygon",
        "coordinates": [
          [
            [
              115.5793317,
              -2.1785876
            ],
            [
              115.5795754,
              -2.1784278
            ],
            [
              115.579728,
              -2.1786671
            ],
            [
              115.5794843,
              -2.1788269
            ],
            [
              115.5793317,
              -2.1785876
            ]
          ]
        ]
      },
      "properties": {
        "tipe": "Radius 300m (Bendera)",
        "color": "#ff0000",
        "fillColor": "#ff0000",
        "fillOpacity": 1.0,
        "weight": 1
      }
    },
    {
      "type": "Feature",
      "geometry": {
        "type": "Polygon",
        "coordinates": [
          [
            [
              115.5793317,
              -2.1785876
            ],
            [
              115.5795754,
              -2.1784278
            ],
            [
              115.579728,
              -2.1786671
            ],
            [
              115.5794843,
              -2.1788269
            ],
            [
              115.5793317,
              -2.1785876
            ]
          ]
        ]
      },
      "properties": {
        "tipe": "Radius 300m (Bendera)",
        "color": "#ff0000",
        "fillColor": "#ff0000",
        "fillOpacity": 1.0,
        "weight": 1
      }
    },
    {
      "type": "Feature",
      "geometry": {
        "type": "Polygon",
        "coordinates": [
          [
            [
              115.5793317,
              -2.1785876
            ],
            [
              115.5795754,
              -2.1784278
            ],
            [
              115.579728,
              -2.1786671
            ],
            [
              115.5794843,
              -2.1788269
            ],
            [
              115.5793317,
              -2.1785876
            ]
          ]
        ]
      },
      "properties": {
        "tipe": "Radius 300m (Bendera)",
        "color": "#ff0000",
        "fillColor": "#ff0000",
        "fillOpacity": 1.0,
        "weight": 1
      }
    },
    {
      "type": "Feature",
      "geometry": {
        "type": "Polygon",
        "coordinates": [
          [
            [
              115.5793317,
              -2.1785876
            ],
            [
              115.5795754,
              -2.1784278
            ],
            [
              115.579728,
              -2.1786671
            ],
            [
              115.5794843,
              -2.1788269
            ],
            [
              115.5793317,
              -2.1785876
            ]
          ]
        ]
      },
      "properties": {
        "tipe": "Radius 300m (Bendera)",
        "color": "#ff0000",
        "fillColor": "#ff0000",
        "fillOpacity": 1.0,
        "weight": 1
      }
    },
    {
      "type": "Feature",
      "geometry": {
        "type": "Polygon",
        "coordinates": [
          [
            [
              115.5793317,
              -2.1785876
            ],
            [
              115.5795754,
              -2.1784278
            ],
            [
              115.579728,
              -2.1786671
            ],
            [
              115.5794843,
              -2.1788269
            ],
            [
              115.5793317,
              -2.1785876
            ]
          ]
        ]
      },
      "properties": {
        "tipe": "Radius 300m (Bendera)",
        "color": "#ff0000",
        "fillColor": "#ff0000",
        "fillOpacity": 1.0,
        "weight": 1
      }
    },
    {
      "type": "Feature",
      "geometry": {
        "type": "Polygon",
        "coordinates": [
          [
            [
              115.5793317,
              -2.1785876
            ],
            [
              115.5795754,
              -2.1784278
            ],
            [
              115.579728,
              -2.1786671
            ],
            [
              115.5794843,
              -2.1788269
            ],
            [
              115.5793317,
              -2.1785876
            ]
          ]
        ]
      },
      "properties": {
        "tipe": "Radius 300m (Bendera)",
        "color": "#ff0000",
        "fillColor": "#ff0000",
        "fillOpacity": 1.0,
        "weight": 1
      }
    },
    {
      "type": "Feature",
      "geometry": {
        "type": "Polygon",
        "coordinates": [
          [
            [
              115.5803322,
              -2.1771752
            ],
            [
              115.5805759,
              -2.1770155
            ],
            [
              115.5807285,
              -2.1772548
            ],
            [
              115.5804848,
              -2.1774145
            ],
            [
              115.5803322,
              -2.1771752
            ]
          ]
        ]
      },
      "properties": {
        "tipe": "Radius 300m (Bendera)",
        "color": "#ff0000",
        "fillColor": "#ff0000",
        "fillOpacity": 1.0,
        "weight": 1
      }
    },
    {
      "type": "Feature",
      "geometry": {
        "type": "Polygon",
        "coordinates": [
          [
            [
              115.5803322,
              -2.1771752
            ],
            [
              115.5805759,
              -2.1770155
            ],
            [
              115.5807285,
              -2.1772548
            ],
            [
              115.5804848,
              -2.1774145
            ],
            [
              115.5803322,
              -2.1771752
            ]
          ]
        ]
      },
      "properties": {
        "tipe": "Radius 300m (Bendera)",
        "color": "#ff0000",
        "fillColor": "#ff0000",
        "fillOpacity": 1.0,
        "weight": 1
      }
    },
    {
      "type": "Feature",
      "geometry": {
        "type": "Polygon",
        "coordinates": [
          [
            [
              115.5803322,
              -2.1771752
            ],
            [
              115.5805759,
              -2.1770155
            ],
            [
              115.5807285,
              -2.1772548
            ],
            [
              115.5804848,
              -2.1774145
            ],
            [
              115.5803322,
              -2.1771752
            ]
          ]
        ]
      },
      "properties": {
        "tipe": "Radius 300m (Bendera)",
        "color": "#ff0000",
        "fillColor": "#ff0000",
        "fillOpacity": 1.0,
        "weight": 1
      }
    },
    {
      "type": "Feature",
      "geometry": {
        "type": "Polygon",
        "coordinates": [
          [
            [
              115.5803322,
              -2.1771752
            ],
            [
              115.5805759,
              -2.1770155
            ],
            [
              115.5807285,
              -2.1772548
            ],
            [
              115.5804848,
              -2.1774145
            ],
            [
              115.5803322,
              -2.1771752
            ]
          ]
        ]
      },
      "properties": {
        "tipe": "Radius 300m (Bendera)",
        "color": "#ff0000",
        "fillColor": "#ff0000",
        "fillOpacity": 1.0,
        "weight": 1
      }
    },
    {
      "type": "Feature",
      "geometry": {
        "type": "Polygon",
        "coordinates": [
          [
            [
              115.5803322,
              -2.1771752
            ],
            [
              115.5805759,
              -2.1770155
            ],
            [
              115.5807285,
              -2.1772548
            ],
            [
              115.5804848,
              -2.1774145
            ],
            [
              115.5803322,
              -2.1771752
            ]
          ]
        ]
      },
      "properties": {
        "tipe": "Radius 300m (Bendera)",
        "color": "#ff0000",
        "fillColor": "#ff0000",
        "fillOpacity": 1.0,
        "weight": 1
      }
    },
    {
      "type": "Feature",
      "geometry": {
        "type": "Polygon",
        "coordinates": [
          [
            [
              115.5803322,
              -2.1771752
            ],
            [
              115.5805759,
              -2.1770155
            ],
            [
              115.5807285,
              -2.1772548
            ],
            [
              115.5804848,
              -2.1774145
            ],
            [
              115.5803322,
              -2.1771752
            ]
          ]
        ]
      },
      "properties": {
        "tipe": "Radius 300m (Bendera)",
        "color": "#ff0000",
        "fillColor": "#ff0000",
        "fillOpacity": 1.0,
        "weight": 1
      }
    },
    {
      "type": "Feature",
      "geometry": {
        "type": "Polygon",
        "coordinates": [
          [
            [
              115.5840664,
              -2.1770025
            ],
            [
              115.5843101,
              -2.1768427
            ],
            [
              115.5844627,
              -2.177082
            ],
            [
              115.584219,
              -2.1772417
            ],
            [
              115.5840664,
              -2.1770025
            ]
          ]
        ]
      },
      "properties": {
        "tipe": "Radius 300m (Bendera)",
        "color": "#ff0000",
        "fillColor": "#ff0000",
        "fillOpacity": 1.0,
        "weight": 1
      }
    },
    {
      "type": "Feature",
      "geometry": {
        "type": "Polygon",
        "coordinates": [
          [
            [
              115.5840664,
              -2.1770025
            ],
            [
              115.5843101,
              -2.1768427
            ],
            [
              115.5844627,
              -2.177082
            ],
            [
              115.584219,
              -2.1772417
            ],
            [
              115.5840664,
              -2.1770025
            ]
          ]
        ]
      },
      "properties": {
        "tipe": "Radius 300m (Bendera)",
        "color": "#ff0000",
        "fillColor": "#ff0000",
        "fillOpacity": 1.0,
        "weight": 1
      }
    },
    {
      "type": "Feature",
      "geometry": {
        "type": "Polygon",
        "coordinates": [
          [
            [
              115.5840664,
              -2.1770025
            ],
            [
              115.5843101,
              -2.1768427
            ],
            [
              115.5844627,
              -2.177082
            ],
            [
              115.584219,
              -2.1772417
            ],
            [
              115.5840664,
              -2.1770025
            ]
          ]
        ]
      },
      "properties": {
        "tipe": "Radius 300m (Bendera)",
        "color": "#ff0000",
        "fillColor": "#ff0000",
        "fillOpacity": 1.0,
        "weight": 1
      }
    },
    {
      "type": "Feature",
      "geometry": {
        "type": "Polygon",
        "coordinates": [
          [
            [
              115.5840664,
              -2.1770025
            ],
            [
              115.5843101,
              -2.1768427
            ],
            [
              115.5844627,
              -2.177082
            ],
            [
              115.584219,
              -2.1772417
            ],
            [
              115.5840664,
              -2.1770025
            ]
          ]
        ]
      },
      "properties": {
        "tipe": "Radius 300m (Bendera)",
        "color": "#ff0000",
        "fillColor": "#ff0000",
        "fillOpacity": 1.0,
        "weight": 1
      }
    },
    {
      "type": "Feature",
      "geometry": {
        "type": "Polygon",
        "coordinates": [
          [
            [
              115.5840664,
              -2.1770025
            ],
            [
              115.5843101,
              -2.1768427
            ],
            [
              115.5844627,
              -2.177082
            ],
            [
              115.584219,
              -2.1772417
            ],
            [
              115.5840664,
              -2.1770025
            ]
          ]
        ]
      },
      "properties": {
        "tipe": "Radius 300m (Bendera)",
        "color": "#ff0000",
        "fillColor": "#ff0000",
        "fillOpacity": 1.0,
        "weight": 1
      }
    },
    {
      "type": "Feature",
      "geometry": {
        "type": "Polygon",
        "coordinates": [
          [
            [
              115.5840664,
              -2.1770025
            ],
            [
              115.5843101,
              -2.1768427
            ],
            [
              115.5844627,
              -2.177082
            ],
            [
              115.584219,
              -2.1772417
            ],
            [
              115.5840664,
              -2.1770025
            ]
          ]
        ]
      },
      "properties": {
        "tipe": "Radius 300m (Bendera)",
        "color": "#ff0000",
        "fillColor": "#ff0000",
        "fillOpacity": 1.0,
        "weight": 1
      }
    },
    {
      "type": "Feature",
      "geometry": {
        "type": "Polygon",
        "coordinates": [
          [
            [
              115.5842433,
              -2.1771828
            ],
            [
              115.584487,
              -2.1770231
            ],
            [
              115.5846396,
              -2.1772624
            ],
            [
              115.5843959,
              -2.1774221
            ],
            [
              115.5842433,
              -2.1771828
            ]
          ]
        ]
      },
      "properties": {
        "tipe": "Radius 300m (Bendera)",
        "color": "#ff0000",
        "fillColor": "#ff0000",
        "fillOpacity": 1.0,
        "weight": 1
      }
    },
    {
      "type": "Feature",
      "geometry": {
        "type": "Polygon",
        "coordinates": [
          [
            [
              115.5842433,
              -2.1771828
            ],
            [
              115.584487,
              -2.1770231
            ],
            [
              115.5846396,
              -2.1772624
            ],
            [
              115.5843959,
              -2.1774221
            ],
            [
              115.5842433,
              -2.1771828
            ]
          ]
        ]
      },
      "properties": {
        "tipe": "Radius 300m (Bendera)",
        "color": "#ff0000",
        "fillColor": "#ff0000",
        "fillOpacity": 1.0,
        "weight": 1
      }
    },
    {
      "type": "Feature",
      "geometry": {
        "type": "Polygon",
        "coordinates": [
          [
            [
              115.5842433,
              -2.1771828
            ],
            [
              115.584487,
              -2.1770231
            ],
            [
              115.5846396,
              -2.1772624
            ],
            [
              115.5843959,
              -2.1774221
            ],
            [
              115.5842433,
              -2.1771828
            ]
          ]
        ]
      },
      "properties": {
        "tipe": "Radius 300m (Bendera)",
        "color": "#ff0000",
        "fillColor": "#ff0000",
        "fillOpacity": 1.0,
        "weight": 1
      }
    },
    {
      "type": "Feature",
      "geometry": {
        "type": "Polygon",
        "coordinates": [
          [
            [
              115.5842433,
              -2.1771828
            ],
            [
              115.584487,
              -2.1770231
            ],
            [
              115.5846396,
              -2.1772624
            ],
            [
              115.5843959,
              -2.1774221
            ],
            [
              115.5842433,
              -2.1771828
            ]
          ]
        ]
      },
      "properties": {
        "tipe": "Radius 300m (Bendera)",
        "color": "#ff0000",
        "fillColor": "#ff0000",
        "fillOpacity": 1.0,
        "weight": 1
      }
    },
    {
      "type": "Feature",
      "geometry": {
        "type": "Polygon",
        "coordinates": [
          [
            [
              115.5842433,
              -2.1771828
            ],
            [
              115.584487,
              -2.1770231
            ],
            [
              115.5846396,
              -2.1772624
            ],
            [
              115.5843959,
              -2.1774221
            ],
            [
              115.5842433,
              -2.1771828
            ]
          ]
        ]
      },
      "properties": {
        "tipe": "Radius 300m (Bendera)",
        "color": "#ff0000",
        "fillColor": "#ff0000",
        "fillOpacity": 1.0,
        "weight": 1
      }
    },
    {
      "type": "Feature",
      "geometry": {
        "type": "LineString",
        "coordinates": [
          [
            115.5793317,
            -2.1785876
          ],
          [
            115.5797205,
            -2.1791973
          ]
        ]
      },
      "properties": {
        "tipe": "Radius 300m",
        "color": "#ff0000",
        "weight": 2.5,
        "fill": false
      }
    },
    {
      "type": "Feature",
      "geometry": {
        "type": "LineString",
        "coordinates": [
          [
            115.5803322,
            -2.1771752
          ],
          [
            115.5807211,
            -2.1777849
          ]
        ]
      },
      "properties": {
        "tipe": "Radius 300m",
        "color": "#ff0000",
        "weight": 2.5,
        "fill": false
      }
    },
    {
      "type": "Feature",
      "geometry": {
        "type": "LineString",
        "coordinates": [
          [
            115.5819886,
            -2.1763599
          ],
          [
            115.5823774,
            -2.1769696
          ]
        ]
      },
      "properties": {
        "tipe": "Radius 300m",
        "color": "#ff0000",
        "weight": 2.5,
        "fill": false
      }
    },
    {
      "type": "Feature",
      "geometry": {
        "type": "LineString",
        "coordinates": [
          [
            115.5840664,
            -2.1770025
          ],
          [
            115.5844553,
            -2.1776122
          ]
        ]
      },
      "properties": {
        "tipe": "Radius 300m",
        "color": "#ff0000",
        "weight": 2.5,
        "fill": false
      }
    },
    {
      "type": "Feature",
      "geometry": {
        "type": "LineString",
        "coordinates": [
          [
            115.5842433,
            -2.1771828
          ],
          [
            115.5846322,
            -2.1777925
          ]
        ]
      },
      "properties": {
        "tipe": "Radius 300m",
        "color": "#ff0000",
        "weight": 2.5,
        "fill": false
      }
    },
    {
      "type": "Feature",
      "geometry": {
        "type": "Polygon",
        "coordinates": [
          [
            [
              115.5766272,
              -2.1699778
            ],
            [
              115.5768709,
              -2.1698181
            ],
            [
              115.5770235,
              -2.1700573
            ],
            [
              115.5767798,
              -2.1702171
            ],
            [
              115.5766272,
              -2.1699778
            ]
          ]
        ]
      },
      "properties": {
        "tipe": "Radius 300m (Bendera)",
        "color": "#ff0000",
        "fillColor": "#ff0000",
        "fillOpacity": 1.0,
        "weight": 1
      }
    },
    {
      "type": "Feature",
      "geometry": {
        "type": "LineString",
        "coordinates": [
          [
            115.5788758,
            -2.1622176
          ],
          [
            115.5787778,
            -2.1622829
          ],
          [
            115.5786827,
            -2.1623524
          ],
          [
            115.5785907,
            -2.1624261
          ],
          [
            115.578502,
            -2.1625037
          ],
          [
            115.5784167,
            -2.1625851
          ],
          [
            115.5783351,
            -2.1626703
          ],
          [
            115.5782818,
            -2.162731
          ],
          [
            115.5782577,
            -2.1627586
          ],
          [
            115.5782074,
            -2.1628158
          ],
          [
            115.5781335,
            -2.1629078
          ],
          [
            115.5780636,
            -2.1630029
          ],
          [
            115.577998,
            -2.163101
          ],
          [
            115.5779366,
            -2.1632018
          ],
          [
            115.5778798,
            -2.1633053
          ],
          [
            115.5778274,
            -2.1634111
          ],
          [
            115.5777797,
            -2.1635192
          ],
          [
            115.5777368,
            -2.1636292
          ],
          [
            115.5776987,
            -2.163741
          ],
          [
            115.5776654,
            -2.1638543
          ],
          [
            115.5776371,
            -2.163969
          ],
          [
            115.5774816,
            -2.164077
          ],
          [
            115.5773683,
            -2.1641093
          ],
          [
            115.5772566,
            -2.1641466
          ],
          [
            115.5771467,
            -2.1641887
          ],
          [
            115.5770386,
            -2.1642357
          ],
          [
            115.5769327,
            -2.1642873
          ],
          [
            115.5768291,
            -2.1643436
          ],
          [
            115.5767281,
            -2.1644043
          ],
          [
            115.5766298,
            -2.1644695
          ],
          [
            115.5765345,
            -2.1645389
          ],
          [
            115.5764422,
            -2.1646124
          ],
          [
            115.5763532,
            -2.1646899
          ],
          [
            115.5762851,
            -2.1647547
          ],
          [
            115.5762738,
            -2.1647658
          ],
          [
            115.576228,
            -2.1648094
          ],
          [
            115.5761461,
            -2.1648944
          ],
          [
            115.576068,
            -2.1649829
          ],
          [
            115.5760672,
            -2.164984
          ],
          [
            115.576053,
            -2.165
          ],
          [
            115.5760517,
            -2.1650016
          ],
          [
            115.5760422,
            -2.1650124
          ],
          [
            115.5760392,
            -2.1650159
          ],
          [
            115.5760019,
            -2.1650583
          ],
          [
            115.5759276,
            -2.1651501
          ],
          [
            115.5758575,
            -2.1652452
          ],
          [
            115.5757916,
            -2.1653432
          ],
          [
            115.57573,
            -2.1654441
          ],
          [
            115.5756129,
            -2.1656299
          ],
          [
            115.575547,
            -2.1657279
          ],
          [
            115.5754854,
            -2.1658287
          ],
          [
            115.5753907,
            -2.1659803
          ],
          [
            115.5753205,
            -2.1660754
          ],
          [
            115.5752546,
            -2.1661734
          ],
          [
            115.575193,
            -2.1662742
          ],
          [
            115.5751358,
            -2.1663777
          ],
          [
            115.5751033,
            -2.1664431
          ],
          [
            115.5750792,
            -2.1664908
          ],
          [
            115.5750574,
            -2.1665302
          ],
          [
            115.5750291,
            -2.1665872
          ],
          [
            115.5749927,
            -2.1666573
          ],
          [
            115.5749509,
            -2.1667413
          ],
          [
            115.574903,
            -2.1668494
          ],
          [
            115.5748597,
            -2.1669594
          ],
          [
            115.5748213,
            -2.1670712
          ],
          [
            115.5747878,
            -2.1671846
          ],
          [
            115.5747592,
            -2.1672994
          ],
          [
            115.5747356,
            -2.1674153
          ],
          [
            115.5747171,
            -2.1675321
          ],
          [
            115.5747036,
            -2.1676496
          ],
          [
            115.5746953,
            -2.1677675
          ],
          [
            115.574692,
            -2.1678857
          ],
          [
            115.5746939,
            -2.1680039
          ],
          [
            115.574701,
            -2.168122
          ],
          [
            115.5747131,
            -2.1682395
          ],
          [
            115.5747303,
            -2.1683565
          ],
          [
            115.5747525,
            -2.1684726
          ],
          [
            115.5747798,
            -2.1685875
          ],
          [
            115.574812,
            -2.1687012
          ],
          [
            115.574849,
            -2.1688133
          ],
          [
            115.574891,
            -2.1689238
          ],
          [
            115.5749376,
            -2.1690322
          ],
          [
            115.5749889,
            -2.1691385
          ],
          [
            115.5750447,
            -2.1692425
          ],
          [
            115.575105,
            -2.1693439
          ],
          [
            115.5751696,
            -2.1694426
          ],
          [
            115.5752385,
            -2.1695384
          ],
          [
            115.5753114,
            -2.1696311
          ],
          [
            115.5753882,
            -2.1697204
          ],
          [
            115.5754689,
            -2.1698064
          ],
          [
            115.5755532,
            -2.1698887
          ],
          [
            115.5756409,
            -2.1699672
          ],
          [
            115.5757321,
            -2.1700419
          ],
          [
            115.5758263,
            -2.1701125
          ],
          [
            115.5759235,
            -2.1701788
          ],
          [
            115.5760235,
            -2.1702409
          ],
          [
            115.5761262,
            -2.1702985
          ],
          [
            115.5762312,
            -2.1703516
          ],
          [
            115.5763384,
            -2.1704
          ],
          [
            115.5764477,
            -2.1704437
          ],
          [
            115.5765587,
            -2.1704826
          ],
          [
            115.5766713,
            -2.1705165
          ],
          [
            115.5767853,
            -2.1705455
          ],
          [
            115.5769005,
            -2.1705694
          ],
          [
            115.5770165,
            -2.1705883
          ],
          [
            115.5771334,
            -2.1706021
          ],
          [
            115.5772507,
            -2.1706107
          ],
          [
            115.5773682,
            -2.1706142
          ],
          [
            115.5774858,
            -2.1706125
          ],
          [
            115.5776033,
            -2.1706056
          ],
          [
            115.5777203,
            -2.1705936
          ],
          [
            115.5778368,
            -2.1705764
          ],
          [
            115.5779523,
            -2.1705542
          ],
          [
            115.5780668,
            -2.1705268
          ],
          [
            115.57818,
            -2.1704945
          ],
          [
            115.5782917,
            -2.1704573
          ],
          [
            115.5784017,
            -2.1704151
          ],
          [
            115.5785098,
            -2.1703682
          ],
          [
            115.5786157,
            -2.1703165
          ],
          [
            115.5787192,
            -2.1702603
          ],
          [
            115.5788203,
            -2.1701995
          ],
          [
            115.5789185,
            -2.1701344
          ],
          [
            115.5790139,
            -2.170065
          ],
          [
            115.5791062,
            -2.1699915
          ],
          [
            115.5791951,
            -2.1699139
          ],
          [
            115.5792807,
            -2.1698326
          ],
          [
            115.5793626,
            -2.1697476
          ],
          [
            115.5794407,
            -2.169659
          ],
          [
            115.5794619,
            -2.1696328
          ],
          [
            115.5794907,
            -2.1696005
          ],
          [
            115.5795217,
            -2.1695683
          ],
          [
            115.5795999,
            -2.1694798
          ],
          [
            115.5796011,
            -2.1694782
          ],
          [
            115.5796234,
            -2.1694529
          ],
          [
            115.5796248,
            -2.1694512
          ],
          [
            115.5796506,
            -2.169422
          ],
          [
            115.5796775,
            -2.1693887
          ],
          [
            115.5797446,
            -2.169312
          ],
          [
            115.5797693,
            -2.1692864
          ],
          [
            115.5798474,
            -2.1691978
          ],
          [
            115.5798499,
            -2.1691947
          ],
          [
            115.5798704,
            -2.1691716
          ],
          [
            115.5798813,
            -2.1691591
          ],
          [
            115.5798724,
            -2.1692534
          ],
          [
            115.5798665,
            -2.1693716
          ],
          [
            115.5798657,
            -2.1694899
          ],
          [
            115.57987,
            -2.1696081
          ],
          [
            115.5798794,
            -2.1697261
          ],
          [
            115.5798939,
            -2.1698435
          ],
          [
            115.5799135,
            -2.1699601
          ],
          [
            115.5799381,
            -2.1700757
          ],
          [
            115.5799677,
            -2.1701902
          ],
          [
            115.5800023,
            -2.1703034
          ],
          [
            115.5800033,
            -2.1703067
          ],
          [
            115.5800427,
            -2.1704181
          ],
          [
            115.5800869,
            -2.1705277
          ],
          [
            115.5801202,
            -2.170601
          ],
          [
            115.5801375,
            -2.170639
          ],
          [
            115.5801694,
            -2.1707092
          ],
          [
            115.5802229,
            -2.1708145
          ],
          [
            115.5802809,
            -2.1709173
          ],
          [
            115.5803432,
            -2.1710176
          ],
          [
            115.5804099,
            -2.171115
          ],
          [
            115.5804807,
            -2.1712093
          ],
          [
            115.5805555,
            -2.1713005
          ],
          [
            115.5806342,
            -2.1713884
          ],
          [
            115.5807166,
            -2.1714727
          ],
          [
            115.5808027,
            -2.1715533
          ],
          [
            115.5808921,
            -2.1716301
          ],
          [
            115.5809847,
            -2.1717028
          ],
          [
            115.5810805,
            -2.1717715
          ],
          [
            115.5811791,
            -2.1718359
          ],
          [
            115.5812804,
            -2.1718959
          ],
          [
            115.5813842,
            -2.1719515
          ],
          [
            115.5814904,
            -2.1720024
          ],
          [
            115.5815986,
            -2.1720486
          ],
          [
            115.5817088,
            -2.1720901
          ],
          [
            115.5818207,
            -2.1721267
          ],
          [
            115.581934,
            -2.1721583
          ],
          [
            115.5820486,
            -2.1721849
          ],
          [
            115.5820605,
            -2.1721872
          ],
          [
            115.5820814,
            -2.172192
          ],
          [
            115.5820975,
            -2.172195
          ],
          [
            115.5821257,
            -2.1722016
          ],
          [
            115.5821417,
            -2.1722046
          ],
          [
            115.5821699,
            -2.1722111
          ],
          [
            115.582182,
            -2.1722134
          ],
          [
            115.5822031,
            -2.1722183
          ],
          [
            115.5822487,
            -2.1722268
          ],
          [
            115.5822699,
            -2.1722315
          ],
          [
            115.5823394,
            -2.1722477
          ],
          [
            115.5824551,
            -2.1722692
          ],
          [
            115.5825716,
            -2.1722857
          ],
          [
            115.5826887,
            -2.1722971
          ],
          [
            115.5828063,
            -2.1723033
          ],
          [
            115.582924,
            -2.1723043
          ],
          [
            115.5830416,
            -2.1723002
          ],
          [
            115.5831589,
            -2.1722909
          ],
          [
            115.5832758,
            -2.1722765
          ],
          [
            115.5833919,
            -2.1722569
          ],
          [
            115.5835071,
            -2.1722322
          ],
          [
            115.5835284,
            -2.1722267
          ],
          [
            115.5836323,
            -2.1722065
          ],
          [
            115.5836491,
            -2.1722044
          ],
          [
            115.5837652,
            -2.1721848
          ],
          [
            115.5838804,
            -2.1721602
          ],
          [
            115.5839943,
            -2.1721305
          ],
          [
            115.5841069,
            -2.1720958
          ],
          [
            115.5842179,
            -2.1720562
          ],
          [
            115.5843271,
            -2.1720118
          ],
          [
            115.5844342,
            -2.1719626
          ],
          [
            115.5845391,
            -2.1719088
          ],
          [
            115.5846415,
            -2.1718503
          ],
          [
            115.5847414,
            -2.1717875
          ],
          [
            115.5848383,
            -2.1717203
          ],
          [
            115.5849323,
            -2.1716489
          ],
          [
            115.5850231,
            -2.1715734
          ],
          [
            115.5851105,
            -2.171494
          ],
          [
            115.5851944,
            -2.1714109
          ],
          [
            115.5852746,
            -2.1713242
          ],
          [
            115.5853509,
            -2.171234
          ],
          [
            115.5854233,
            -2.1711405
          ],
          [
            115.5854915,
            -2.171044
          ],
          [
            115.5855555,
            -2.1709446
          ],
          [
            115.5856151,
            -2.1708424
          ],
          [
            115.5856701,
            -2.1707378
          ],
          [
            115.5857206,
            -2.1706308
          ],
          [
            115.5857664,
            -2.1705218
          ],
          [
            115.5858074,
            -2.1704108
          ],
          [
            115.5858436,
            -2.1702982
          ],
          [
            115.5858748,
            -2.170184
          ],
          [
            115.5858848,
            -2.1701402
          ],
          [
            115.5858897,
            -2.1701217
          ],
          [
            115.5859091,
            -2.170051
          ],
          [
            115.5859354,
            -2.1699356
          ],
          [
            115.585945,
            -2.169883
          ],
          [
            115.5859513,
            -2.169853
          ],
          [
            115.5859657,
            -2.1697898
          ],
          [
            115.5859869,
            -2.1696734
          ],
          [
            115.586003,
            -2.1695562
          ],
          [
            115.5860141,
            -2.1694384
          ],
          [
            115.5860181,
            -2.1693583
          ],
          [
            115.5860224,
            -2.1692708
          ],
          [
            115.586026,
            -2.1692329
          ],
          [
            115.5860319,
            -2.1691147
          ],
          [
            115.5860322,
            -2.1690711
          ],
          [
            115.5860367,
            -2.168973
          ],
          [
            115.5860405,
            -2.1688984
          ],
          [
            115.5860413,
            -2.1687801
          ],
          [
            115.586037,
            -2.1686618
          ],
          [
            115.5860275,
            -2.1685439
          ],
          [
            115.5860246,
            -2.1684822
          ],
          [
            115.5860203,
            -2.1683639
          ],
          [
            115.5860108,
            -2.168246
          ],
          [
            115.5859963,
            -2.1681286
          ],
          [
            115.5859909,
            -2.1680965
          ],
          [
            115.5859787,
            -2.1679914
          ],
          [
            115.5859785,
            -2.1679846
          ],
          [
            115.585969,
            -2.1678667
          ],
          [
            115.5859545,
            -2.1677493
          ],
          [
            115.5859514,
            -2.1677303
          ],
          [
            115.5859423,
            -2.1676409
          ],
          [
            115.5859416,
            -2.1676207
          ],
          [
            115.5859321,
            -2.1675028
          ],
          [
            115.5859176,
            -2.1673854
          ],
          [
            115.585898,
            -2.1672688
          ],
          [
            115.5858734,
            -2.1671532
          ],
          [
            115.5858438,
            -2.1670387
          ],
          [
            115.5858093,
            -2.1669257
          ],
          [
            115.5857946,
            -2.166884
          ],
          [
            115.5857707,
            -2.1668071
          ],
          [
            115.585762,
            -2.1667735
          ],
          [
            115.5857375,
            -2.1666936
          ],
          [
            115.5857221,
            -2.1666438
          ],
          [
            115.5857101,
            -2.1666045
          ],
          [
            115.5857015,
            -2.1665772
          ],
          [
            115.5856894,
            -2.1665375
          ],
          [
            115.5856839,
            -2.1665202
          ],
          [
            115.5856634,
            -2.166453
          ],
          [
            115.585663,
            -2.1664518
          ],
          [
            115.5856576,
            -2.1664344
          ],
          [
            115.5856567,
            -2.1664316
          ],
          [
            115.5856534,
            -2.1664209
          ],
          [
            115.5856493,
            -2.166408
          ],
          [
            115.5856294,
            -2.1663427
          ],
          [
            115.5856287,
            -2.166341
          ],
          [
            115.5856215,
            -2.1663173
          ],
          [
            115.5856205,
            -2.1663145
          ],
          [
            115.5856177,
            -2.1663052
          ],
          [
            115.5856131,
            -2.1662906
          ],
          [
            115.5855929,
            -2.1662247
          ],
          [
            115.5855923,
            -2.1662229
          ],
          [
            115.585585,
            -2.166199
          ],
          [
            115.585584,
            -2.1661961
          ],
          [
            115.5855719,
            -2.1661566
          ],
          [
            115.5855713,
            -2.1661548
          ],
          [
            115.5855709,
            -2.1661535
          ],
          [
            115.5855681,
            -2.1661448
          ],
          [
            115.5855493,
            -2.1660834
          ],
          [
            115.5855477,
            -2.1660789
          ],
          [
            115.5855449,
            -2.1660699
          ],
          [
            115.5855235,
            -2.1659998
          ],
          [
            115.5854841,
            -2.1658884
          ],
          [
            115.58544,
            -2.1657788
          ],
          [
            115.5853911,
            -2.1656712
          ],
          [
            115.5853376,
            -2.1655659
          ],
          [
            115.5852796,
            -2.1654631
          ],
          [
            115.5852173,
            -2.1653629
          ],
          [
            115.5851506,
            -2.1652655
          ],
          [
            115.5850798,
            -2.1651711
          ],
          [
            115.585005,
            -2.1650799
          ],
          [
            115.5849263,
            -2.1649921
          ],
          [
            115.5848438,
            -2.1649077
          ],
          [
            115.5847578,
            -2.1648271
          ],
          [
            115.5846684,
            -2.1647504
          ],
          [
            115.5845758,
            -2.1646776
          ],
          [
            115.58448,
            -2.1646089
          ],
          [
            115.5843814,
            -2.1645445
          ],
          [
            115.5842801,
            -2.1644845
          ],
          [
            115.5841763,
            -2.1644289
          ],
          [
            115.5840701,
            -2.164378
          ],
          [
            115.5839619,
            -2.1643318
          ],
          [
            115.5838517,
            -2.1642903
          ],
          [
            115.5837398,
            -2.1642538
          ],
          [
            115.5836265,
            -2.1642221
          ],
          [
            115.583539,
            -2.1642018
          ],
          [
            115.5834698,
            -2.1641866
          ],
          [
            115.5834045,
            -2.1641715
          ],
          [
            115.5832888,
            -2.1641499
          ],
          [
            115.5832297,
            -2.1641415
          ],
          [
            115.5832141,
            -2.1640613
          ],
          [
            115.5831867,
            -2.1639465
          ],
          [
            115.5831542,
            -2.163833
          ],
          [
            115.583123,
            -2.1637392
          ],
          [
            115.5831092,
            -2.1637007
          ],
          [
            115.5830908,
            -2.1636454
          ],
          [
            115.5830486,
            -2.1635352
          ],
          [
            115.5830018,
            -2.163427
          ],
          [
            115.5829503,
            -2.1633209
          ],
          [
            115.5828943,
            -2.1632172
          ],
          [
            115.5828339,
            -2.163116
          ],
          [
            115.5827691,
            -2.1630175
          ],
          [
            115.5827001,
            -2.162922
          ],
          [
            115.5826271,
            -2.1628296
          ],
          [
            115.5825501,
            -2.1627405
          ],
          [
            115.5824694,
            -2.1626549
          ],
          [
            115.582385,
            -2.1625728
          ],
          [
            115.5822971,
            -2.1624946
          ],
          [
            115.5822059,
            -2.1624202
          ],
          [
            115.5821116,
            -2.1623499
          ],
          [
            115.5820144,
            -2.1622838
          ],
          [
            115.5819143,
            -2.1622221
          ],
          [
            115.5818117,
            -2.1621647
          ],
          [
            115.5817067,
            -2.162112
          ],
          [
            115.5815994,
            -2.1620638
          ],
          [
            115.5814902,
            -2.1620204
          ],
          [
            115.5813792,
            -2.1619819
          ],
          [
            115.5812667,
            -2.1619482
          ],
          [
            115.5811527,
            -2.1619196
          ],
          [
            115.5811066,
            -2.1619101
          ],
          [
            115.5811001,
            -2.1619085
          ],
          [
            115.581032,
            -2.1618914
          ],
          [
            115.5809403,
            -2.1618725
          ],
          [
            115.5808542,
            -2.1618563
          ],
          [
            115.5807927,
            -2.1618437
          ],
          [
            115.5806767,
            -2.1618251
          ],
          [
            115.58056,
            -2.1618116
          ],
          [
            115.5804428,
            -2.1618033
          ],
          [
            115.5803253,
            -2.1618001
          ],
          [
            115.5802078,
            -2.161802
          ],
          [
            115.5800905,
            -2.1618092
          ],
          [
            115.5799736,
            -2.1618214
          ],
          [
            115.5798574,
            -2.1618389
          ],
          [
            115.579742,
            -2.1618613
          ],
          [
            115.5796277,
            -2.1618889
          ],
          [
            115.5795147,
            -2.1619214
          ],
          [
            115.5794032,
            -2.1619589
          ],
          [
            115.5792934,
            -2.1620013
          ],
          [
            115.5791856,
            -2.1620484
          ],
          [
            115.5790799,
            -2.1621002
          ],
          [
            115.5789766,
            -2.1621567
          ],
          [
            115.5788758,
            -2.1622176
          ]
        ]
      },
      "properties": {
        "tipe": "Radius 300m",
        "color": "#ff0000",
        "weight": 2.5,
        "fill": false
      }
    },
    {
      "type": "Feature",
      "geometry": {
        "type": "Polygon",
        "coordinates": [
          [
            [
              115.5804617,
              -2.1709844
            ],
            [
              115.5807054,
              -2.1708246
            ],
            [
              115.580858,
              -2.1710639
            ],
            [
              115.5806143,
              -2.1712236
            ],
            [
              115.5804617,
              -2.1709844
            ]
          ]
        ]
      },
      "properties": {
        "tipe": "Radius 300m (Bendera)",
        "color": "#ff0000",
        "fillColor": "#ff0000",
        "fillOpacity": 1.0,
        "weight": 1
      }
    },
    {
      "type": "Feature",
      "geometry": {
        "type": "Polygon",
        "coordinates": [
          [
            [
              115.5804617,
              -2.1709844
            ],
            [
              115.5807054,
              -2.1708246
            ],
            [
              115.580858,
              -2.1710639
            ],
            [
              115.5806143,
              -2.1712236
            ],
            [
              115.5804617,
              -2.1709844
            ]
          ]
        ]
      },
      "properties": {
        "tipe": "Radius 300m (Bendera)",
        "color": "#ff0000",
        "fillColor": "#ff0000",
        "fillOpacity": 1.0,
        "weight": 1
      }
    },
    {
      "type": "Feature",
      "geometry": {
        "type": "Polygon",
        "coordinates": [
          [
            [
              115.5804617,
              -2.1709844
            ],
            [
              115.5807054,
              -2.1708246
            ],
            [
              115.580858,
              -2.1710639
            ],
            [
              115.5806143,
              -2.1712236
            ],
            [
              115.5804617,
              -2.1709844
            ]
          ]
        ]
      },
      "properties": {
        "tipe": "Radius 300m (Bendera)",
        "color": "#ff0000",
        "fillColor": "#ff0000",
        "fillOpacity": 1.0,
        "weight": 1
      }
    },
    {
      "type": "Feature",
      "geometry": {
        "type": "Polygon",
        "coordinates": [
          [
            [
              115.5804617,
              -2.1709844
            ],
            [
              115.5807054,
              -2.1708246
            ],
            [
              115.580858,
              -2.1710639
            ],
            [
              115.5806143,
              -2.1712236
            ],
            [
              115.5804617,
              -2.1709844
            ]
          ]
        ]
      },
      "properties": {
        "tipe": "Radius 300m (Bendera)",
        "color": "#ff0000",
        "fillColor": "#ff0000",
        "fillOpacity": 1.0,
        "weight": 1
      }
    },
    {
      "type": "Feature",
      "geometry": {
        "type": "Polygon",
        "coordinates": [
          [
            [
              115.5804617,
              -2.1709844
            ],
            [
              115.5807054,
              -2.1708246
            ],
            [
              115.580858,
              -2.1710639
            ],
            [
              115.5806143,
              -2.1712236
            ],
            [
              115.5804617,
              -2.1709844
            ]
          ]
        ]
      },
      "properties": {
        "tipe": "Radius 300m (Bendera)",
        "color": "#ff0000",
        "fillColor": "#ff0000",
        "fillOpacity": 1.0,
        "weight": 1
      }
    },
    {
      "type": "Feature",
      "geometry": {
        "type": "Polygon",
        "coordinates": [
          [
            [
              115.5804617,
              -2.1709844
            ],
            [
              115.5807054,
              -2.1708246
            ],
            [
              115.580858,
              -2.1710639
            ],
            [
              115.5806143,
              -2.1712236
            ],
            [
              115.5804617,
              -2.1709844
            ]
          ]
        ]
      },
      "properties": {
        "tipe": "Radius 300m (Bendera)",
        "color": "#ff0000",
        "fillColor": "#ff0000",
        "fillOpacity": 1.0,
        "weight": 1
      }
    },
    {
      "type": "Feature",
      "geometry": {
        "type": "Polygon",
        "coordinates": [
          [
            [
              115.5808885,
              -2.1712839
            ],
            [
              115.5811322,
              -2.1711242
            ],
            [
              115.5812848,
              -2.1713635
            ],
            [
              115.5810411,
              -2.1715232
            ],
            [
              115.5808885,
              -2.1712839
            ]
          ]
        ]
      },
      "properties": {
        "tipe": "Radius 300m (Bendera)",
        "color": "#ff0000",
        "fillColor": "#ff0000",
        "fillOpacity": 1.0,
        "weight": 1
      }
    },
    {
      "type": "Feature",
      "geometry": {
        "type": "Polygon",
        "coordinates": [
          [
            [
              115.5808885,
              -2.1712839
            ],
            [
              115.5811322,
              -2.1711242
            ],
            [
              115.5812848,
              -2.1713635
            ],
            [
              115.5810411,
              -2.1715232
            ],
            [
              115.5808885,
              -2.1712839
            ]
          ]
        ]
      },
      "properties": {
        "tipe": "Radius 300m (Bendera)",
        "color": "#ff0000",
        "fillColor": "#ff0000",
        "fillOpacity": 1.0,
        "weight": 1
      }
    },
    {
      "type": "Feature",
      "geometry": {
        "type": "Polygon",
        "coordinates": [
          [
            [
              115.5808885,
              -2.1712839
            ],
            [
              115.5811322,
              -2.1711242
            ],
            [
              115.5812848,
              -2.1713635
            ],
            [
              115.5810411,
              -2.1715232
            ],
            [
              115.5808885,
              -2.1712839
            ]
          ]
        ]
      },
      "properties": {
        "tipe": "Radius 300m (Bendera)",
        "color": "#ff0000",
        "fillColor": "#ff0000",
        "fillOpacity": 1.0,
        "weight": 1
      }
    },
    {
      "type": "Feature",
      "geometry": {
        "type": "Polygon",
        "coordinates": [
          [
            [
              115.5808885,
              -2.1712839
            ],
            [
              115.5811322,
              -2.1711242
            ],
            [
              115.5812848,
              -2.1713635
            ],
            [
              115.5810411,
              -2.1715232
            ],
            [
              115.5808885,
              -2.1712839
            ]
          ]
        ]
      },
      "properties": {
        "tipe": "Radius 300m (Bendera)",
        "color": "#ff0000",
        "fillColor": "#ff0000",
        "fillOpacity": 1.0,
        "weight": 1
      }
    },
    {
      "type": "Feature",
      "geometry": {
        "type": "Polygon",
        "coordinates": [
          [
            [
              115.5808885,
              -2.1712839
            ],
            [
              115.5811322,
              -2.1711242
            ],
            [
              115.5812848,
              -2.1713635
            ],
            [
              115.5810411,
              -2.1715232
            ],
            [
              115.5808885,
              -2.1712839
            ]
          ]
        ]
      },
      "properties": {
        "tipe": "Radius 300m (Bendera)",
        "color": "#ff0000",
        "fillColor": "#ff0000",
        "fillOpacity": 1.0,
        "weight": 1
      }
    },
    {
      "type": "Feature",
      "geometry": {
        "type": "Polygon",
        "coordinates": [
          [
            [
              115.5808885,
              -2.1712839
            ],
            [
              115.5811322,
              -2.1711242
            ],
            [
              115.5812848,
              -2.1713635
            ],
            [
              115.5810411,
              -2.1715232
            ],
            [
              115.5808885,
              -2.1712839
            ]
          ]
        ]
      },
      "properties": {
        "tipe": "Radius 300m (Bendera)",
        "color": "#ff0000",
        "fillColor": "#ff0000",
        "fillOpacity": 1.0,
        "weight": 1
      }
    },
    {
      "type": "Feature",
      "geometry": {
        "type": "Polygon",
        "coordinates": [
          [
            [
              115.5820588,
              -2.1716819
            ],
            [
              115.5823025,
              -2.1715222
            ],
            [
              115.5824551,
              -2.1717615
            ],
            [
              115.5822114,
              -2.1719212
            ],
            [
              115.5820588,
              -2.1716819
            ]
          ]
        ]
      },
      "properties": {
        "tipe": "Radius 300m (Bendera)",
        "color": "#ff0000",
        "fillColor": "#ff0000",
        "fillOpacity": 1.0,
        "weight": 1
      }
    },
    {
      "type": "Feature",
      "geometry": {
        "type": "Polygon",
        "coordinates": [
          [
            [
              115.5820588,
              -2.1716819
            ],
            [
              115.5823025,
              -2.1715222
            ],
            [
              115.5824551,
              -2.1717615
            ],
            [
              115.5822114,
              -2.1719212
            ],
            [
              115.5820588,
              -2.1716819
            ]
          ]
        ]
      },
      "properties": {
        "tipe": "Radius 300m (Bendera)",
        "color": "#ff0000",
        "fillColor": "#ff0000",
        "fillOpacity": 1.0,
        "weight": 1
      }
    },
    {
      "type": "Feature",
      "geometry": {
        "type": "Polygon",
        "coordinates": [
          [
            [
              115.5820588,
              -2.1716819
            ],
            [
              115.5823025,
              -2.1715222
            ],
            [
              115.5824551,
              -2.1717615
            ],
            [
              115.5822114,
              -2.1719212
            ],
            [
              115.5820588,
              -2.1716819
            ]
          ]
        ]
      },
      "properties": {
        "tipe": "Radius 300m (Bendera)",
        "color": "#ff0000",
        "fillColor": "#ff0000",
        "fillOpacity": 1.0,
        "weight": 1
      }
    },
    {
      "type": "Feature",
      "geometry": {
        "type": "Polygon",
        "coordinates": [
          [
            [
              115.5820588,
              -2.1716819
            ],
            [
              115.5823025,
              -2.1715222
            ],
            [
              115.5824551,
              -2.1717615
            ],
            [
              115.5822114,
              -2.1719212
            ],
            [
              115.5820588,
              -2.1716819
            ]
          ]
        ]
      },
      "properties": {
        "tipe": "Radius 300m (Bendera)",
        "color": "#ff0000",
        "fillColor": "#ff0000",
        "fillOpacity": 1.0,
        "weight": 1
      }
    },
    {
      "type": "Feature",
      "geometry": {
        "type": "Polygon",
        "coordinates": [
          [
            [
              115.5820588,
              -2.1716819
            ],
            [
              115.5823025,
              -2.1715222
            ],
            [
              115.5824551,
              -2.1717615
            ],
            [
              115.5822114,
              -2.1719212
            ],
            [
              115.5820588,
              -2.1716819
            ]
          ]
        ]
      },
      "properties": {
        "tipe": "Radius 300m (Bendera)",
        "color": "#ff0000",
        "fillColor": "#ff0000",
        "fillOpacity": 1.0,
        "weight": 1
      }
    },
    {
      "type": "Feature",
      "geometry": {
        "type": "Polygon",
        "coordinates": [
          [
            [
              115.5820588,
              -2.1716819
            ],
            [
              115.5823025,
              -2.1715222
            ],
            [
              115.5824551,
              -2.1717615
            ],
            [
              115.5822114,
              -2.1719212
            ],
            [
              115.5820588,
              -2.1716819
            ]
          ]
        ]
      },
      "properties": {
        "tipe": "Radius 300m (Bendera)",
        "color": "#ff0000",
        "fillColor": "#ff0000",
        "fillOpacity": 1.0,
        "weight": 1
      }
    },
    {
      "type": "Feature",
      "geometry": {
        "type": "Polygon",
        "coordinates": [
          [
            [
              115.5845421,
              -2.1710768
            ],
            [
              115.5847858,
              -2.1709171
            ],
            [
              115.5849385,
              -2.1711563
            ],
            [
              115.5846947,
              -2.1713161
            ],
            [
              115.5845421,
              -2.1710768
            ]
          ]
        ]
      },
      "properties": {
        "tipe": "Radius 300m (Bendera)",
        "color": "#ff0000",
        "fillColor": "#ff0000",
        "fillOpacity": 1.0,
        "weight": 1
      }
    },
    {
      "type": "Feature",
      "geometry": {
        "type": "Polygon",
        "coordinates": [
          [
            [
              115.5845421,
              -2.1710768
            ],
            [
              115.5847858,
              -2.1709171
            ],
            [
              115.5849385,
              -2.1711563
            ],
            [
              115.5846947,
              -2.1713161
            ],
            [
              115.5845421,
              -2.1710768
            ]
          ]
        ]
      },
      "properties": {
        "tipe": "Radius 300m (Bendera)",
        "color": "#ff0000",
        "fillColor": "#ff0000",
        "fillOpacity": 1.0,
        "weight": 1
      }
    },
    {
      "type": "Feature",
      "geometry": {
        "type": "Polygon",
        "coordinates": [
          [
            [
              115.5845421,
              -2.1710768
            ],
            [
              115.5847858,
              -2.1709171
            ],
            [
              115.5849385,
              -2.1711563
            ],
            [
              115.5846947,
              -2.1713161
            ],
            [
              115.5845421,
              -2.1710768
            ]
          ]
        ]
      },
      "properties": {
        "tipe": "Radius 300m (Bendera)",
        "color": "#ff0000",
        "fillColor": "#ff0000",
        "fillOpacity": 1.0,
        "weight": 1
      }
    },
    {
      "type": "Feature",
      "geometry": {
        "type": "Polygon",
        "coordinates": [
          [
            [
              115.5845421,
              -2.1710768
            ],
            [
              115.5847858,
              -2.1709171
            ],
            [
              115.5849385,
              -2.1711563
            ],
            [
              115.5846947,
              -2.1713161
            ],
            [
              115.5845421,
              -2.1710768
            ]
          ]
        ]
      },
      "properties": {
        "tipe": "Radius 300m (Bendera)",
        "color": "#ff0000",
        "fillColor": "#ff0000",
        "fillOpacity": 1.0,
        "weight": 1
      }
    },
    {
      "type": "Feature",
      "geometry": {
        "type": "Polygon",
        "coordinates": [
          [
            [
              115.5845421,
              -2.1710768
            ],
            [
              115.5847858,
              -2.1709171
            ],
            [
              115.5849385,
              -2.1711563
            ],
            [
              115.5846947,
              -2.1713161
            ],
            [
              115.5845421,
              -2.1710768
            ]
          ]
        ]
      },
      "properties": {
        "tipe": "Radius 300m (Bendera)",
        "color": "#ff0000",
        "fillColor": "#ff0000",
        "fillOpacity": 1.0,
        "weight": 1
      }
    },
    {
      "type": "Feature",
      "geometry": {
        "type": "Polygon",
        "coordinates": [
          [
            [
              115.5845421,
              -2.1710768
            ],
            [
              115.5847858,
              -2.1709171
            ],
            [
              115.5849385,
              -2.1711563
            ],
            [
              115.5846947,
              -2.1713161
            ],
            [
              115.5845421,
              -2.1710768
            ]
          ]
        ]
      },
      "properties": {
        "tipe": "Radius 300m (Bendera)",
        "color": "#ff0000",
        "fillColor": "#ff0000",
        "fillOpacity": 1.0,
        "weight": 1
      }
    },
    {
      "type": "Feature",
      "geometry": {
        "type": "Polygon",
        "coordinates": [
          [
            [
              115.584653,
              -2.164515
            ],
            [
              115.5848967,
              -2.1643552
            ],
            [
              115.5850493,
              -2.1645945
            ],
            [
              115.5848056,
              -2.1647542
            ],
            [
              115.584653,
              -2.164515
            ]
          ]
        ]
      },
      "properties": {
        "tipe": "Radius 300m (Bendera)",
        "color": "#ff0000",
        "fillColor": "#ff0000",
        "fillOpacity": 1.0,
        "weight": 1
      }
    },
    {
      "type": "Feature",
      "geometry": {
        "type": "Polygon",
        "coordinates": [
          [
            [
              115.584653,
              -2.164515
            ],
            [
              115.5848967,
              -2.1643552
            ],
            [
              115.5850493,
              -2.1645945
            ],
            [
              115.5848056,
              -2.1647542
            ],
            [
              115.584653,
              -2.164515
            ]
          ]
        ]
      },
      "properties": {
        "tipe": "Radius 300m (Bendera)",
        "color": "#ff0000",
        "fillColor": "#ff0000",
        "fillOpacity": 1.0,
        "weight": 1
      }
    },
    {
      "type": "Feature",
      "geometry": {
        "type": "Polygon",
        "coordinates": [
          [
            [
              115.584653,
              -2.164515
            ],
            [
              115.5848967,
              -2.1643552
            ],
            [
              115.5850493,
              -2.1645945
            ],
            [
              115.5848056,
              -2.1647542
            ],
            [
              115.584653,
              -2.164515
            ]
          ]
        ]
      },
      "properties": {
        "tipe": "Radius 300m (Bendera)",
        "color": "#ff0000",
        "fillColor": "#ff0000",
        "fillOpacity": 1.0,
        "weight": 1
      }
    },
    {
      "type": "Feature",
      "geometry": {
        "type": "Polygon",
        "coordinates": [
          [
            [
              115.584653,
              -2.164515
            ],
            [
              115.5848967,
              -2.1643552
            ],
            [
              115.5850493,
              -2.1645945
            ],
            [
              115.5848056,
              -2.1647542
            ],
            [
              115.584653,
              -2.164515
            ]
          ]
        ]
      },
      "properties": {
        "tipe": "Radius 300m (Bendera)",
        "color": "#ff0000",
        "fillColor": "#ff0000",
        "fillOpacity": 1.0,
        "weight": 1
      }
    },
    {
      "type": "Feature",
      "geometry": {
        "type": "Polygon",
        "coordinates": [
          [
            [
              115.584653,
              -2.164515
            ],
            [
              115.5848967,
              -2.1643552
            ],
            [
              115.5850493,
              -2.1645945
            ],
            [
              115.5848056,
              -2.1647542
            ],
            [
              115.584653,
              -2.164515
            ]
          ]
        ]
      },
      "properties": {
        "tipe": "Radius 300m (Bendera)",
        "color": "#ff0000",
        "fillColor": "#ff0000",
        "fillOpacity": 1.0,
        "weight": 1
      }
    },
    {
      "type": "Feature",
      "geometry": {
        "type": "Polygon",
        "coordinates": [
          [
            [
              115.584653,
              -2.164515
            ],
            [
              115.5848967,
              -2.1643552
            ],
            [
              115.5850493,
              -2.1645945
            ],
            [
              115.5848056,
              -2.1647542
            ],
            [
              115.584653,
              -2.164515
            ]
          ]
        ]
      },
      "properties": {
        "tipe": "Radius 300m (Bendera)",
        "color": "#ff0000",
        "fillColor": "#ff0000",
        "fillOpacity": 1.0,
        "weight": 1
      }
    },
    {
      "type": "Feature",
      "geometry": {
        "type": "Polygon",
        "coordinates": [
          [
            [
              115.5839478,
              -2.1638979
            ],
            [
              115.5841915,
              -2.1637381
            ],
            [
              115.5843441,
              -2.1639774
            ],
            [
              115.5841004,
              -2.1641371
            ],
            [
              115.5839478,
              -2.1638979
            ]
          ]
        ]
      },
      "properties": {
        "tipe": "Radius 300m (Bendera)",
        "color": "#ff0000",
        "fillColor": "#ff0000",
        "fillOpacity": 1.0,
        "weight": 1
      }
    },
    {
      "type": "Feature",
      "geometry": {
        "type": "Polygon",
        "coordinates": [
          [
            [
              115.5839478,
              -2.1638979
            ],
            [
              115.5841915,
              -2.1637381
            ],
            [
              115.5843441,
              -2.1639774
            ],
            [
              115.5841004,
              -2.1641371
            ],
            [
              115.5839478,
              -2.1638979
            ]
          ]
        ]
      },
      "properties": {
        "tipe": "Radius 300m (Bendera)",
        "color": "#ff0000",
        "fillColor": "#ff0000",
        "fillOpacity": 1.0,
        "weight": 1
      }
    },
    {
      "type": "Feature",
      "geometry": {
        "type": "Polygon",
        "coordinates": [
          [
            [
              115.5839478,
              -2.1638979
            ],
            [
              115.5841915,
              -2.1637381
            ],
            [
              115.5843441,
              -2.1639774
            ],
            [
              115.5841004,
              -2.1641371
            ],
            [
              115.5839478,
              -2.1638979
            ]
          ]
        ]
      },
      "properties": {
        "tipe": "Radius 300m (Bendera)",
        "color": "#ff0000",
        "fillColor": "#ff0000",
        "fillOpacity": 1.0,
        "weight": 1
      }
    },
    {
      "type": "Feature",
      "geometry": {
        "type": "Polygon",
        "coordinates": [
          [
            [
              115.5839478,
              -2.1638979
            ],
            [
              115.5841915,
              -2.1637381
            ],
            [
              115.5843441,
              -2.1639774
            ],
            [
              115.5841004,
              -2.1641371
            ],
            [
              115.5839478,
              -2.1638979
            ]
          ]
        ]
      },
      "properties": {
        "tipe": "Radius 300m (Bendera)",
        "color": "#ff0000",
        "fillColor": "#ff0000",
        "fillOpacity": 1.0,
        "weight": 1
      }
    },
    {
      "type": "Feature",
      "geometry": {
        "type": "Polygon",
        "coordinates": [
          [
            [
              115.5839478,
              -2.1638979
            ],
            [
              115.5841915,
              -2.1637381
            ],
            [
              115.5843441,
              -2.1639774
            ],
            [
              115.5841004,
              -2.1641371
            ],
            [
              115.5839478,
              -2.1638979
            ]
          ]
        ]
      },
      "properties": {
        "tipe": "Radius 300m (Bendera)",
        "color": "#ff0000",
        "fillColor": "#ff0000",
        "fillOpacity": 1.0,
        "weight": 1
      }
    },
    {
      "type": "Feature",
      "geometry": {
        "type": "Polygon",
        "coordinates": [
          [
            [
              115.5839478,
              -2.1638979
            ],
            [
              115.5841915,
              -2.1637381
            ],
            [
              115.5843441,
              -2.1639774
            ],
            [
              115.5841004,
              -2.1641371
            ],
            [
              115.5839478,
              -2.1638979
            ]
          ]
        ]
      },
      "properties": {
        "tipe": "Radius 300m (Bendera)",
        "color": "#ff0000",
        "fillColor": "#ff0000",
        "fillOpacity": 1.0,
        "weight": 1
      }
    },
    {
      "type": "Feature",
      "geometry": {
        "type": "Polygon",
        "coordinates": [
          [
            [
              115.5832969,
              -2.1635783
            ],
            [
              115.5835406,
              -2.1634186
            ],
            [
              115.5836932,
              -2.1636579
            ],
            [
              115.5834495,
              -2.1638176
            ],
            [
              115.5832969,
              -2.1635783
            ]
          ]
        ]
      },
      "properties": {
        "tipe": "Radius 300m (Bendera)",
        "color": "#ff0000",
        "fillColor": "#ff0000",
        "fillOpacity": 1.0,
        "weight": 1
      }
    },
    {
      "type": "Feature",
      "geometry": {
        "type": "Polygon",
        "coordinates": [
          [
            [
              115.5832969,
              -2.1635783
            ],
            [
              115.5835406,
              -2.1634186
            ],
            [
              115.5836932,
              -2.1636579
            ],
            [
              115.5834495,
              -2.1638176
            ],
            [
              115.5832969,
              -2.1635783
            ]
          ]
        ]
      },
      "properties": {
        "tipe": "Radius 300m (Bendera)",
        "color": "#ff0000",
        "fillColor": "#ff0000",
        "fillOpacity": 1.0,
        "weight": 1
      }
    },
    {
      "type": "Feature",
      "geometry": {
        "type": "Polygon",
        "coordinates": [
          [
            [
              115.5832969,
              -2.1635783
            ],
            [
              115.5835406,
              -2.1634186
            ],
            [
              115.5836932,
              -2.1636579
            ],
            [
              115.5834495,
              -2.1638176
            ],
            [
              115.5832969,
              -2.1635783
            ]
          ]
        ]
      },
      "properties": {
        "tipe": "Radius 300m (Bendera)",
        "color": "#ff0000",
        "fillColor": "#ff0000",
        "fillOpacity": 1.0,
        "weight": 1
      }
    },
    {
      "type": "Feature",
      "geometry": {
        "type": "Polygon",
        "coordinates": [
          [
            [
              115.5832969,
              -2.1635783
            ],
            [
              115.5835406,
              -2.1634186
            ],
            [
              115.5836932,
              -2.1636579
            ],
            [
              115.5834495,
              -2.1638176
            ],
            [
              115.5832969,
              -2.1635783
            ]
          ]
        ]
      },
      "properties": {
        "tipe": "Radius 300m (Bendera)",
        "color": "#ff0000",
        "fillColor": "#ff0000",
        "fillOpacity": 1.0,
        "weight": 1
      }
    },
    {
      "type": "Feature",
      "geometry": {
        "type": "Polygon",
        "coordinates": [
          [
            [
              115.5832969,
              -2.1635783
            ],
            [
              115.5835406,
              -2.1634186
            ],
            [
              115.5836932,
              -2.1636579
            ],
            [
              115.5834495,
              -2.1638176
            ],
            [
              115.5832969,
              -2.1635783
            ]
          ]
        ]
      },
      "properties": {
        "tipe": "Radius 300m (Bendera)",
        "color": "#ff0000",
        "fillColor": "#ff0000",
        "fillOpacity": 1.0,
        "weight": 1
      }
    },
    {
      "type": "Feature",
      "geometry": {
        "type": "Polygon",
        "coordinates": [
          [
            [
              115.5832969,
              -2.1635783
            ],
            [
              115.5835406,
              -2.1634186
            ],
            [
              115.5836932,
              -2.1636579
            ],
            [
              115.5834495,
              -2.1638176
            ],
            [
              115.5832969,
              -2.1635783
            ]
          ]
        ]
      },
      "properties": {
        "tipe": "Radius 300m (Bendera)",
        "color": "#ff0000",
        "fillColor": "#ff0000",
        "fillOpacity": 1.0,
        "weight": 1
      }
    },
    {
      "type": "Feature",
      "geometry": {
        "type": "Polygon",
        "coordinates": [
          [
            [
              115.5826045,
              -2.1628913
            ],
            [
              115.5828482,
              -2.1627316
            ],
            [
              115.5830008,
              -2.1629708
            ],
            [
              115.5827571,
              -2.1631306
            ],
            [
              115.5826045,
              -2.1628913
            ]
          ]
        ]
      },
      "properties": {
        "tipe": "Radius 300m (Bendera)",
        "color": "#ff0000",
        "fillColor": "#ff0000",
        "fillOpacity": 1.0,
        "weight": 1
      }
    },
    {
      "type": "Feature",
      "geometry": {
        "type": "Polygon",
        "coordinates": [
          [
            [
              115.5826045,
              -2.1628913
            ],
            [
              115.5828482,
              -2.1627316
            ],
            [
              115.5830008,
              -2.1629708
            ],
            [
              115.5827571,
              -2.1631306
            ],
            [
              115.5826045,
              -2.1628913
            ]
          ]
        ]
      },
      "properties": {
        "tipe": "Radius 300m (Bendera)",
        "color": "#ff0000",
        "fillColor": "#ff0000",
        "fillOpacity": 1.0,
        "weight": 1
      }
    },
    {
      "type": "Feature",
      "geometry": {
        "type": "Polygon",
        "coordinates": [
          [
            [
              115.5826045,
              -2.1628913
            ],
            [
              115.5828482,
              -2.1627316
            ],
            [
              115.5830008,
              -2.1629708
            ],
            [
              115.5827571,
              -2.1631306
            ],
            [
              115.5826045,
              -2.1628913
            ]
          ]
        ]
      },
      "properties": {
        "tipe": "Radius 300m (Bendera)",
        "color": "#ff0000",
        "fillColor": "#ff0000",
        "fillOpacity": 1.0,
        "weight": 1
      }
    },
    {
      "type": "Feature",
      "geometry": {
        "type": "Polygon",
        "coordinates": [
          [
            [
              115.5826045,
              -2.1628913
            ],
            [
              115.5828482,
              -2.1627316
            ],
            [
              115.5830008,
              -2.1629708
            ],
            [
              115.5827571,
              -2.1631306
            ],
            [
              115.5826045,
              -2.1628913
            ]
          ]
        ]
      },
      "properties": {
        "tipe": "Radius 300m (Bendera)",
        "color": "#ff0000",
        "fillColor": "#ff0000",
        "fillOpacity": 1.0,
        "weight": 1
      }
    },
    {
      "type": "Feature",
      "geometry": {
        "type": "Polygon",
        "coordinates": [
          [
            [
              115.5826045,
              -2.1628913
            ],
            [
              115.5828482,
              -2.1627316
            ],
            [
              115.5830008,
              -2.1629708
            ],
            [
              115.5827571,
              -2.1631306
            ],
            [
              115.5826045,
              -2.1628913
            ]
          ]
        ]
      },
      "properties": {
        "tipe": "Radius 300m (Bendera)",
        "color": "#ff0000",
        "fillColor": "#ff0000",
        "fillOpacity": 1.0,
        "weight": 1
      }
    },
    {
      "type": "Feature",
      "geometry": {
        "type": "Polygon",
        "coordinates": [
          [
            [
              115.5826045,
              -2.1628913
            ],
            [
              115.5828482,
              -2.1627316
            ],
            [
              115.5830008,
              -2.1629708
            ],
            [
              115.5827571,
              -2.1631306
            ],
            [
              115.5826045,
              -2.1628913
            ]
          ]
        ]
      },
      "properties": {
        "tipe": "Radius 300m (Bendera)",
        "color": "#ff0000",
        "fillColor": "#ff0000",
        "fillOpacity": 1.0,
        "weight": 1
      }
    },
    {
      "type": "Feature",
      "geometry": {
        "type": "Polygon",
        "coordinates": [
          [
            [
              115.5818166,
              -2.1618097
            ],
            [
              115.5820603,
              -2.16165
            ],
            [
              115.5822129,
              -2.1618892
            ],
            [
              115.5819692,
              -2.162049
            ],
            [
              115.5818166,
              -2.1618097
            ]
          ]
        ]
      },
      "properties": {
        "tipe": "Radius 300m (Bendera)",
        "color": "#ff0000",
        "fillColor": "#ff0000",
        "fillOpacity": 1.0,
        "weight": 1
      }
    },
    {
      "type": "Feature",
      "geometry": {
        "type": "Polygon",
        "coordinates": [
          [
            [
              115.5818166,
              -2.1618097
            ],
            [
              115.5820603,
              -2.16165
            ],
            [
              115.5822129,
              -2.1618892
            ],
            [
              115.5819692,
              -2.162049
            ],
            [
              115.5818166,
              -2.1618097
            ]
          ]
        ]
      },
      "properties": {
        "tipe": "Radius 300m (Bendera)",
        "color": "#ff0000",
        "fillColor": "#ff0000",
        "fillOpacity": 1.0,
        "weight": 1
      }
    },
    {
      "type": "Feature",
      "geometry": {
        "type": "Polygon",
        "coordinates": [
          [
            [
              115.5818166,
              -2.1618097
            ],
            [
              115.5820603,
              -2.16165
            ],
            [
              115.5822129,
              -2.1618892
            ],
            [
              115.5819692,
              -2.162049
            ],
            [
              115.5818166,
              -2.1618097
            ]
          ]
        ]
      },
      "properties": {
        "tipe": "Radius 300m (Bendera)",
        "color": "#ff0000",
        "fillColor": "#ff0000",
        "fillOpacity": 1.0,
        "weight": 1
      }
    },
    {
      "type": "Feature",
      "geometry": {
        "type": "Polygon",
        "coordinates": [
          [
            [
              115.5818166,
              -2.1618097
            ],
            [
              115.5820603,
              -2.16165
            ],
            [
              115.5822129,
              -2.1618892
            ],
            [
              115.5819692,
              -2.162049
            ],
            [
              115.5818166,
              -2.1618097
            ]
          ]
        ]
      },
      "properties": {
        "tipe": "Radius 300m (Bendera)",
        "color": "#ff0000",
        "fillColor": "#ff0000",
        "fillOpacity": 1.0,
        "weight": 1
      }
    },
    {
      "type": "Feature",
      "geometry": {
        "type": "Polygon",
        "coordinates": [
          [
            [
              115.5818166,
              -2.1618097
            ],
            [
              115.5820603,
              -2.16165
            ],
            [
              115.5822129,
              -2.1618892
            ],
            [
              115.5819692,
              -2.162049
            ],
            [
              115.5818166,
              -2.1618097
            ]
          ]
        ]
      },
      "properties": {
        "tipe": "Radius 300m (Bendera)",
        "color": "#ff0000",
        "fillColor": "#ff0000",
        "fillOpacity": 1.0,
        "weight": 1
      }
    },
    {
      "type": "Feature",
      "geometry": {
        "type": "Polygon",
        "coordinates": [
          [
            [
              115.5818166,
              -2.1618097
            ],
            [
              115.5820603,
              -2.16165
            ],
            [
              115.5822129,
              -2.1618892
            ],
            [
              115.5819692,
              -2.162049
            ],
            [
              115.5818166,
              -2.1618097
            ]
          ]
        ]
      },
      "properties": {
        "tipe": "Radius 300m (Bendera)",
        "color": "#ff0000",
        "fillColor": "#ff0000",
        "fillOpacity": 1.0,
        "weight": 1
      }
    },
    {
      "type": "Feature",
      "geometry": {
        "type": "Polygon",
        "coordinates": [
          [
            [
              115.581078,
              -2.1614198
            ],
            [
              115.5813217,
              -2.1612601
            ],
            [
              115.5814743,
              -2.1614994
            ],
            [
              115.5812306,
              -2.1616591
            ],
            [
              115.581078,
              -2.1614198
            ]
          ]
        ]
      },
      "properties": {
        "tipe": "Radius 300m (Bendera)",
        "color": "#ff0000",
        "fillColor": "#ff0000",
        "fillOpacity": 1.0,
        "weight": 1
      }
    },
    {
      "type": "Feature",
      "geometry": {
        "type": "Polygon",
        "coordinates": [
          [
            [
              115.581078,
              -2.1614198
            ],
            [
              115.5813217,
              -2.1612601
            ],
            [
              115.5814743,
              -2.1614994
            ],
            [
              115.5812306,
              -2.1616591
            ],
            [
              115.581078,
              -2.1614198
            ]
          ]
        ]
      },
      "properties": {
        "tipe": "Radius 300m (Bendera)",
        "color": "#ff0000",
        "fillColor": "#ff0000",
        "fillOpacity": 1.0,
        "weight": 1
      }
    },
    {
      "type": "Feature",
      "geometry": {
        "type": "Polygon",
        "coordinates": [
          [
            [
              115.581078,
              -2.1614198
            ],
            [
              115.5813217,
              -2.1612601
            ],
            [
              115.5814743,
              -2.1614994
            ],
            [
              115.5812306,
              -2.1616591
            ],
            [
              115.581078,
              -2.1614198
            ]
          ]
        ]
      },
      "properties": {
        "tipe": "Radius 300m (Bendera)",
        "color": "#ff0000",
        "fillColor": "#ff0000",
        "fillOpacity": 1.0,
        "weight": 1
      }
    },
    {
      "type": "Feature",
      "geometry": {
        "type": "Polygon",
        "coordinates": [
          [
            [
              115.581078,
              -2.1614198
            ],
            [
              115.5813217,
              -2.1612601
            ],
            [
              115.5814743,
              -2.1614994
            ],
            [
              115.5812306,
              -2.1616591
            ],
            [
              115.581078,
              -2.1614198
            ]
          ]
        ]
      },
      "properties": {
        "tipe": "Radius 300m (Bendera)",
        "color": "#ff0000",
        "fillColor": "#ff0000",
        "fillOpacity": 1.0,
        "weight": 1
      }
    },
    {
      "type": "Feature",
      "geometry": {
        "type": "Polygon",
        "coordinates": [
          [
            [
              115.581078,
              -2.1614198
            ],
            [
              115.5813217,
              -2.1612601
            ],
            [
              115.5814743,
              -2.1614994
            ],
            [
              115.5812306,
              -2.1616591
            ],
            [
              115.581078,
              -2.1614198
            ]
          ]
        ]
      },
      "properties": {
        "tipe": "Radius 300m (Bendera)",
        "color": "#ff0000",
        "fillColor": "#ff0000",
        "fillOpacity": 1.0,
        "weight": 1
      }
    },
    {
      "type": "Feature",
      "geometry": {
        "type": "Polygon",
        "coordinates": [
          [
            [
              115.581078,
              -2.1614198
            ],
            [
              115.5813217,
              -2.1612601
            ],
            [
              115.5814743,
              -2.1614994
            ],
            [
              115.5812306,
              -2.1616591
            ],
            [
              115.581078,
              -2.1614198
            ]
          ]
        ]
      },
      "properties": {
        "tipe": "Radius 300m (Bendera)",
        "color": "#ff0000",
        "fillColor": "#ff0000",
        "fillOpacity": 1.0,
        "weight": 1
      }
    },
    {
      "type": "Feature",
      "geometry": {
        "type": "Polygon",
        "coordinates": [
          [
            [
              115.5772083,
              -2.1632936
            ],
            [
              115.577452,
              -2.1631338
            ],
            [
              115.5776046,
              -2.1633731
            ],
            [
              115.5773609,
              -2.1635329
            ],
            [
              115.5772083,
              -2.1632936
            ]
          ]
        ]
      },
      "properties": {
        "tipe": "Radius 300m (Bendera)",
        "color": "#ff0000",
        "fillColor": "#ff0000",
        "fillOpacity": 1.0,
        "weight": 1
      }
    },
    {
      "type": "Feature",
      "geometry": {
        "type": "Polygon",
        "coordinates": [
          [
            [
              115.5772083,
              -2.1632936
            ],
            [
              115.577452,
              -2.1631338
            ],
            [
              115.5776046,
              -2.1633731
            ],
            [
              115.5773609,
              -2.1635329
            ],
            [
              115.5772083,
              -2.1632936
            ]
          ]
        ]
      },
      "properties": {
        "tipe": "Radius 300m (Bendera)",
        "color": "#ff0000",
        "fillColor": "#ff0000",
        "fillOpacity": 1.0,
        "weight": 1
      }
    },
    {
      "type": "Feature",
      "geometry": {
        "type": "Polygon",
        "coordinates": [
          [
            [
              115.5772083,
              -2.1632936
            ],
            [
              115.577452,
              -2.1631338
            ],
            [
              115.5776046,
              -2.1633731
            ],
            [
              115.5773609,
              -2.1635329
            ],
            [
              115.5772083,
              -2.1632936
            ]
          ]
        ]
      },
      "properties": {
        "tipe": "Radius 300m (Bendera)",
        "color": "#ff0000",
        "fillColor": "#ff0000",
        "fillOpacity": 1.0,
        "weight": 1
      }
    },
    {
      "type": "Feature",
      "geometry": {
        "type": "Polygon",
        "coordinates": [
          [
            [
              115.5772083,
              -2.1632936
            ],
            [
              115.577452,
              -2.1631338
            ],
            [
              115.5776046,
              -2.1633731
            ],
            [
              115.5773609,
              -2.1635329
            ],
            [
              115.5772083,
              -2.1632936
            ]
          ]
        ]
      },
      "properties": {
        "tipe": "Radius 300m (Bendera)",
        "color": "#ff0000",
        "fillColor": "#ff0000",
        "fillOpacity": 1.0,
        "weight": 1
      }
    },
    {
      "type": "Feature",
      "geometry": {
        "type": "Polygon",
        "coordinates": [
          [
            [
              115.5772083,
              -2.1632936
            ],
            [
              115.577452,
              -2.1631338
            ],
            [
              115.5776046,
              -2.1633731
            ],
            [
              115.5773609,
              -2.1635329
            ],
            [
              115.5772083,
              -2.1632936
            ]
          ]
        ]
      },
      "properties": {
        "tipe": "Radius 300m (Bendera)",
        "color": "#ff0000",
        "fillColor": "#ff0000",
        "fillOpacity": 1.0,
        "weight": 1
      }
    },
    {
      "type": "Feature",
      "geometry": {
        "type": "Polygon",
        "coordinates": [
          [
            [
              115.5772083,
              -2.1632936
            ],
            [
              115.577452,
              -2.1631338
            ],
            [
              115.5776046,
              -2.1633731
            ],
            [
              115.5773609,
              -2.1635329
            ],
            [
              115.5772083,
              -2.1632936
            ]
          ]
        ]
      },
      "properties": {
        "tipe": "Radius 300m (Bendera)",
        "color": "#ff0000",
        "fillColor": "#ff0000",
        "fillOpacity": 1.0,
        "weight": 1
      }
    },
    {
      "type": "Feature",
      "geometry": {
        "type": "Polygon",
        "coordinates": [
          [
            [
              115.5751324,
              -2.1651586
            ],
            [
              115.5753761,
              -2.1649989
            ],
            [
              115.5755288,
              -2.1652381
            ],
            [
              115.575285,
              -2.1653979
            ],
            [
              115.5751324,
              -2.1651586
            ]
          ]
        ]
      },
      "properties": {
        "tipe": "Radius 300m (Bendera)",
        "color": "#ff0000",
        "fillColor": "#ff0000",
        "fillOpacity": 1.0,
        "weight": 1
      }
    },
    {
      "type": "Feature",
      "geometry": {
        "type": "Polygon",
        "coordinates": [
          [
            [
              115.5751324,
              -2.1651586
            ],
            [
              115.5753761,
              -2.1649989
            ],
            [
              115.5755288,
              -2.1652381
            ],
            [
              115.575285,
              -2.1653979
            ],
            [
              115.5751324,
              -2.1651586
            ]
          ]
        ]
      },
      "properties": {
        "tipe": "Radius 300m (Bendera)",
        "color": "#ff0000",
        "fillColor": "#ff0000",
        "fillOpacity": 1.0,
        "weight": 1
      }
    },
    {
      "type": "Feature",
      "geometry": {
        "type": "Polygon",
        "coordinates": [
          [
            [
              115.5751324,
              -2.1651586
            ],
            [
              115.5753761,
              -2.1649989
            ],
            [
              115.5755288,
              -2.1652381
            ],
            [
              115.575285,
              -2.1653979
            ],
            [
              115.5751324,
              -2.1651586
            ]
          ]
        ]
      },
      "properties": {
        "tipe": "Radius 300m (Bendera)",
        "color": "#ff0000",
        "fillColor": "#ff0000",
        "fillOpacity": 1.0,
        "weight": 1
      }
    },
    {
      "type": "Feature",
      "geometry": {
        "type": "Polygon",
        "coordinates": [
          [
            [
              115.5751324,
              -2.1651586
            ],
            [
              115.5753761,
              -2.1649989
            ],
            [
              115.5755288,
              -2.1652381
            ],
            [
              115.575285,
              -2.1653979
            ],
            [
              115.5751324,
              -2.1651586
            ]
          ]
        ]
      },
      "properties": {
        "tipe": "Radius 300m (Bendera)",
        "color": "#ff0000",
        "fillColor": "#ff0000",
        "fillOpacity": 1.0,
        "weight": 1
      }
    },
    {
      "type": "Feature",
      "geometry": {
        "type": "Polygon",
        "coordinates": [
          [
            [
              115.5751324,
              -2.1651586
            ],
            [
              115.5753761,
              -2.1649989
            ],
            [
              115.5755288,
              -2.1652381
            ],
            [
              115.575285,
              -2.1653979
            ],
            [
              115.5751324,
              -2.1651586
            ]
          ]
        ]
      },
      "properties": {
        "tipe": "Radius 300m (Bendera)",
        "color": "#ff0000",
        "fillColor": "#ff0000",
        "fillOpacity": 1.0,
        "weight": 1
      }
    },
    {
      "type": "Feature",
      "geometry": {
        "type": "Polygon",
        "coordinates": [
          [
            [
              115.5751324,
              -2.1651586
            ],
            [
              115.5753761,
              -2.1649989
            ],
            [
              115.5755288,
              -2.1652381
            ],
            [
              115.575285,
              -2.1653979
            ],
            [
              115.5751324,
              -2.1651586
            ]
          ]
        ]
      },
      "properties": {
        "tipe": "Radius 300m (Bendera)",
        "color": "#ff0000",
        "fillColor": "#ff0000",
        "fillOpacity": 1.0,
        "weight": 1
      }
    },
    {
      "type": "Feature",
      "geometry": {
        "type": "Polygon",
        "coordinates": [
          [
            [
              115.5766272,
              -2.1699778
            ],
            [
              115.5768709,
              -2.1698181
            ],
            [
              115.5770235,
              -2.1700573
            ],
            [
              115.5767798,
              -2.1702171
            ],
            [
              115.5766272,
              -2.1699778
            ]
          ]
        ]
      },
      "properties": {
        "tipe": "Radius 300m (Bendera)",
        "color": "#ff0000",
        "fillColor": "#ff0000",
        "fillOpacity": 1.0,
        "weight": 1
      }
    },
    {
      "type": "Feature",
      "geometry": {
        "type": "Polygon",
        "coordinates": [
          [
            [
              115.5766272,
              -2.1699778
            ],
            [
              115.5768709,
              -2.1698181
            ],
            [
              115.5770235,
              -2.1700573
            ],
            [
              115.5767798,
              -2.1702171
            ],
            [
              115.5766272,
              -2.1699778
            ]
          ]
        ]
      },
      "properties": {
        "tipe": "Radius 300m (Bendera)",
        "color": "#ff0000",
        "fillColor": "#ff0000",
        "fillOpacity": 1.0,
        "weight": 1
      }
    },
    {
      "type": "Feature",
      "geometry": {
        "type": "Polygon",
        "coordinates": [
          [
            [
              115.5766272,
              -2.1699778
            ],
            [
              115.5768709,
              -2.1698181
            ],
            [
              115.5770235,
              -2.1700573
            ],
            [
              115.5767798,
              -2.1702171
            ],
            [
              115.5766272,
              -2.1699778
            ]
          ]
        ]
      },
      "properties": {
        "tipe": "Radius 300m (Bendera)",
        "color": "#ff0000",
        "fillColor": "#ff0000",
        "fillOpacity": 1.0,
        "weight": 1
      }
    },
    {
      "type": "Feature",
      "geometry": {
        "type": "Polygon",
        "coordinates": [
          [
            [
              115.5766272,
              -2.1699778
            ],
            [
              115.5768709,
              -2.1698181
            ],
            [
              115.5770235,
              -2.1700573
            ],
            [
              115.5767798,
              -2.1702171
            ],
            [
              115.5766272,
              -2.1699778
            ]
          ]
        ]
      },
      "properties": {
        "tipe": "Radius 300m (Bendera)",
        "color": "#ff0000",
        "fillColor": "#ff0000",
        "fillOpacity": 1.0,
        "weight": 1
      }
    },
    {
      "type": "Feature",
      "geometry": {
        "type": "Polygon",
        "coordinates": [
          [
            [
              115.5766272,
              -2.1699778
            ],
            [
              115.5768709,
              -2.1698181
            ],
            [
              115.5770235,
              -2.1700573
            ],
            [
              115.5767798,
              -2.1702171
            ],
            [
              115.5766272,
              -2.1699778
            ]
          ]
        ]
      },
      "properties": {
        "tipe": "Radius 300m (Bendera)",
        "color": "#ff0000",
        "fillColor": "#ff0000",
        "fillOpacity": 1.0,
        "weight": 1
      }
    },
    {
      "type": "Feature",
      "geometry": {
        "type": "Polygon",
        "coordinates": [
          [
            [
              115.5790619,
              -2.1690354
            ],
            [
              115.5793056,
              -2.1688756
            ],
            [
              115.5794582,
              -2.1691149
            ],
            [
              115.5792145,
              -2.1692747
            ],
            [
              115.5790619,
              -2.1690354
            ]
          ]
        ]
      },
      "properties": {
        "tipe": "Radius 300m (Bendera)",
        "color": "#ff0000",
        "fillColor": "#ff0000",
        "fillOpacity": 1.0,
        "weight": 1
      }
    },
    {
      "type": "Feature",
      "geometry": {
        "type": "Polygon",
        "coordinates": [
          [
            [
              115.5790619,
              -2.1690354
            ],
            [
              115.5793056,
              -2.1688756
            ],
            [
              115.5794582,
              -2.1691149
            ],
            [
              115.5792145,
              -2.1692747
            ],
            [
              115.5790619,
              -2.1690354
            ]
          ]
        ]
      },
      "properties": {
        "tipe": "Radius 300m (Bendera)",
        "color": "#ff0000",
        "fillColor": "#ff0000",
        "fillOpacity": 1.0,
        "weight": 1
      }
    },
    {
      "type": "Feature",
      "geometry": {
        "type": "Polygon",
        "coordinates": [
          [
            [
              115.5790619,
              -2.1690354
            ],
            [
              115.5793056,
              -2.1688756
            ],
            [
              115.5794582,
              -2.1691149
            ],
            [
              115.5792145,
              -2.1692747
            ],
            [
              115.5790619,
              -2.1690354
            ]
          ]
        ]
      },
      "properties": {
        "tipe": "Radius 300m (Bendera)",
        "color": "#ff0000",
        "fillColor": "#ff0000",
        "fillOpacity": 1.0,
        "weight": 1
      }
    },
    {
      "type": "Feature",
      "geometry": {
        "type": "Polygon",
        "coordinates": [
          [
            [
              115.5790619,
              -2.1690354
            ],
            [
              115.5793056,
              -2.1688756
            ],
            [
              115.5794582,
              -2.1691149
            ],
            [
              115.5792145,
              -2.1692747
            ],
            [
              115.5790619,
              -2.1690354
            ]
          ]
        ]
      },
      "properties": {
        "tipe": "Radius 300m (Bendera)",
        "color": "#ff0000",
        "fillColor": "#ff0000",
        "fillOpacity": 1.0,
        "weight": 1
      }
    },
    {
      "type": "Feature",
      "geometry": {
        "type": "Polygon",
        "coordinates": [
          [
            [
              115.5790619,
              -2.1690354
            ],
            [
              115.5793056,
              -2.1688756
            ],
            [
              115.5794582,
              -2.1691149
            ],
            [
              115.5792145,
              -2.1692747
            ],
            [
              115.5790619,
              -2.1690354
            ]
          ]
        ]
      },
      "properties": {
        "tipe": "Radius 300m (Bendera)",
        "color": "#ff0000",
        "fillColor": "#ff0000",
        "fillOpacity": 1.0,
        "weight": 1
      }
    },
    {
      "type": "Feature",
      "geometry": {
        "type": "Polygon",
        "coordinates": [
          [
            [
              115.5790619,
              -2.1690354
            ],
            [
              115.5793056,
              -2.1688756
            ],
            [
              115.5794582,
              -2.1691149
            ],
            [
              115.5792145,
              -2.1692747
            ],
            [
              115.5790619,
              -2.1690354
            ]
          ]
        ]
      },
      "properties": {
        "tipe": "Radius 300m (Bendera)",
        "color": "#ff0000",
        "fillColor": "#ff0000",
        "fillOpacity": 1.0,
        "weight": 1
      }
    },
    {
      "type": "Feature",
      "geometry": {
        "type": "Polygon",
        "coordinates": [
          [
            [
              115.5848818,
              -2.1649193
            ],
            [
              115.5851255,
              -2.1647595
            ],
            [
              115.5852781,
              -2.1649988
            ],
            [
              115.5850344,
              -2.1651585
            ],
            [
              115.5848818,
              -2.1649193
            ]
          ]
        ]
      },
      "properties": {
        "tipe": "Radius 300m (Bendera)",
        "color": "#ff0000",
        "fillColor": "#ff0000",
        "fillOpacity": 1.0,
        "weight": 1
      }
    },
    {
      "type": "Feature",
      "geometry": {
        "type": "Polygon",
        "coordinates": [
          [
            [
              115.5848818,
              -2.1649193
            ],
            [
              115.5851255,
              -2.1647595
            ],
            [
              115.5852781,
              -2.1649988
            ],
            [
              115.5850344,
              -2.1651585
            ],
            [
              115.5848818,
              -2.1649193
            ]
          ]
        ]
      },
      "properties": {
        "tipe": "Radius 300m (Bendera)",
        "color": "#ff0000",
        "fillColor": "#ff0000",
        "fillOpacity": 1.0,
        "weight": 1
      }
    },
    {
      "type": "Feature",
      "geometry": {
        "type": "Polygon",
        "coordinates": [
          [
            [
              115.5848818,
              -2.1649193
            ],
            [
              115.5851255,
              -2.1647595
            ],
            [
              115.5852781,
              -2.1649988
            ],
            [
              115.5850344,
              -2.1651585
            ],
            [
              115.5848818,
              -2.1649193
            ]
          ]
        ]
      },
      "properties": {
        "tipe": "Radius 300m (Bendera)",
        "color": "#ff0000",
        "fillColor": "#ff0000",
        "fillOpacity": 1.0,
        "weight": 1
      }
    },
    {
      "type": "Feature",
      "geometry": {
        "type": "Polygon",
        "coordinates": [
          [
            [
              115.5848818,
              -2.1649193
            ],
            [
              115.5851255,
              -2.1647595
            ],
            [
              115.5852781,
              -2.1649988
            ],
            [
              115.5850344,
              -2.1651585
            ],
            [
              115.5848818,
              -2.1649193
            ]
          ]
        ]
      },
      "properties": {
        "tipe": "Radius 300m (Bendera)",
        "color": "#ff0000",
        "fillColor": "#ff0000",
        "fillOpacity": 1.0,
        "weight": 1
      }
    },
    {
      "type": "Feature",
      "geometry": {
        "type": "Polygon",
        "coordinates": [
          [
            [
              115.5848818,
              -2.1649193
            ],
            [
              115.5851255,
              -2.1647595
            ],
            [
              115.5852781,
              -2.1649988
            ],
            [
              115.5850344,
              -2.1651585
            ],
            [
              115.5848818,
              -2.1649193
            ]
          ]
        ]
      },
      "properties": {
        "tipe": "Radius 300m (Bendera)",
        "color": "#ff0000",
        "fillColor": "#ff0000",
        "fillOpacity": 1.0,
        "weight": 1
      }
    },
    {
      "type": "Feature",
      "geometry": {
        "type": "Polygon",
        "coordinates": [
          [
            [
              115.5848818,
              -2.1649193
            ],
            [
              115.5851255,
              -2.1647595
            ],
            [
              115.5852781,
              -2.1649988
            ],
            [
              115.5850344,
              -2.1651585
            ],
            [
              115.5848818,
              -2.1649193
            ]
          ]
        ]
      },
      "properties": {
        "tipe": "Radius 300m (Bendera)",
        "color": "#ff0000",
        "fillColor": "#ff0000",
        "fillOpacity": 1.0,
        "weight": 1
      }
    },
    {
      "type": "Feature",
      "geometry": {
        "type": "LineString",
        "coordinates": [
          [
            115.5820588,
            -2.1716819
          ],
          [
            115.5824477,
            -2.1722916
          ]
        ]
      },
      "properties": {
        "tipe": "Radius 300m",
        "color": "#ff0000",
        "weight": 2.5,
        "fill": false
      }
    },
    {
      "type": "Feature",
      "geometry": {
        "type": "LineString",
        "coordinates": [
          [
            115.5845421,
            -2.1710768
          ],
          [
            115.584931,
            -2.1716865
          ]
        ]
      },
      "properties": {
        "tipe": "Radius 300m",
        "color": "#ff0000",
        "weight": 2.5,
        "fill": false
      }
    },
    {
      "type": "Feature",
      "geometry": {
        "type": "LineString",
        "coordinates": [
          [
            115.5808885,
            -2.1712839
          ],
          [
            115.5812773,
            -2.1718936
          ]
        ]
      },
      "properties": {
        "tipe": "Radius 300m",
        "color": "#ff0000",
        "weight": 2.5,
        "fill": false
      }
    },
    {
      "type": "Feature",
      "geometry": {
        "type": "LineString",
        "coordinates": [
          [
            115.5804617,
            -2.1709844
          ],
          [
            115.5808506,
            -2.1715941
          ]
        ]
      },
      "properties": {
        "tipe": "Radius 300m",
        "color": "#ff0000",
        "weight": 2.5,
        "fill": false
      }
    },
    {
      "type": "Feature",
      "geometry": {
        "type": "LineString",
        "coordinates": [
          [
            115.5790619,
            -2.1690354
          ],
          [
            115.5794508,
            -2.1696451
          ]
        ]
      },
      "properties": {
        "tipe": "Radius 300m",
        "color": "#ff0000",
        "weight": 2.5,
        "fill": false
      }
    },
    {
      "type": "Feature",
      "geometry": {
        "type": "LineString",
        "coordinates": [
          [
            115.5766272,
            -2.1699778
          ],
          [
            115.577016,
            -2.1705875
          ]
        ]
      },
      "properties": {
        "tipe": "Radius 300m",
        "color": "#ff0000",
        "weight": 2.5,
        "fill": false
      }
    },
    {
      "type": "Feature",
      "geometry": {
        "type": "LineString",
        "coordinates": [
          [
            115.5751324,
            -2.1651586
          ],
          [
            115.5755213,
            -2.1657683
          ]
        ]
      },
      "properties": {
        "tipe": "Radius 300m",
        "color": "#ff0000",
        "weight": 2.5,
        "fill": false
      }
    },
    {
      "type": "Feature",
      "geometry": {
        "type": "LineString",
        "coordinates": [
          [
            115.5772083,
            -2.1632936
          ],
          [
            115.5775971,
            -2.1639033
          ]
        ]
      },
      "properties": {
        "tipe": "Radius 300m",
        "color": "#ff0000",
        "weight": 2.5,
        "fill": false
      }
    },
    {
      "type": "Feature",
      "geometry": {
        "type": "LineString",
        "coordinates": [
          [
            115.581078,
            -2.1614198
          ],
          [
            115.5814669,
            -2.1620295
          ]
        ]
      },
      "properties": {
        "tipe": "Radius 300m",
        "color": "#ff0000",
        "weight": 2.5,
        "fill": false
      }
    },
    {
      "type": "Feature",
      "geometry": {
        "type": "LineString",
        "coordinates": [
          [
            115.5818166,
            -2.1618097
          ],
          [
            115.5822054,
            -2.1624194
          ]
        ]
      },
      "properties": {
        "tipe": "Radius 300m",
        "color": "#ff0000",
        "weight": 2.5,
        "fill": false
      }
    },
    {
      "type": "Feature",
      "geometry": {
        "type": "LineString",
        "coordinates": [
          [
            115.5826045,
            -2.1628913
          ],
          [
            115.5829934,
            -2.163501
          ]
        ]
      },
      "properties": {
        "tipe": "Radius 300m",
        "color": "#ff0000",
        "weight": 2.5,
        "fill": false
      }
    },
    {
      "type": "Feature",
      "geometry": {
        "type": "LineString",
        "coordinates": [
          [
            115.5832969,
            -2.1635783
          ],
          [
            115.5836858,
            -2.164188
          ]
        ]
      },
      "properties": {
        "tipe": "Radius 300m",
        "color": "#ff0000",
        "weight": 2.5,
        "fill": false
      }
    },
    {
      "type": "Feature",
      "geometry": {
        "type": "LineString",
        "coordinates": [
          [
            115.5839478,
            -2.1638979
          ],
          [
            115.5843366,
            -2.1645076
          ]
        ]
      },
      "properties": {
        "tipe": "Radius 300m",
        "color": "#ff0000",
        "weight": 2.5,
        "fill": false
      }
    },
    {
      "type": "Feature",
      "geometry": {
        "type": "LineString",
        "coordinates": [
          [
            115.584653,
            -2.164515
          ],
          [
            115.5850419,
            -2.1651247
          ]
        ]
      },
      "properties": {
        "tipe": "Radius 300m",
        "color": "#ff0000",
        "weight": 2.5,
        "fill": false
      }
    },
    {
      "type": "Feature",
      "geometry": {
        "type": "LineString",
        "coordinates": [
          [
            115.5848818,
            -2.1649193
          ],
          [
            115.5852707,
            -2.165529
          ]
        ]
      },
      "properties": {
        "tipe": "Radius 300m",
        "color": "#ff0000",
        "weight": 2.5,
        "fill": false
      }
    },
    {
      "type": "Feature",
      "geometry": {
        "type": "Polygon",
        "coordinates": [
          [
            [
              115.585155,
              -2.1825595
            ],
            [
              115.5853987,
              -2.1823997
            ],
            [
              115.5855513,
              -2.182639
            ],
            [
              115.5853076,
              -2.1827987
            ],
            [
              115.585155,
              -2.1825595
            ]
          ]
        ]
      },
      "properties": {
        "tipe": "Radius 300m (Bendera)",
        "color": "#ff0000",
        "fillColor": "#ff0000",
        "fillOpacity": 1.0,
        "weight": 1
      }
    },
    {
      "type": "Feature",
      "geometry": {
        "type": "Polygon",
        "coordinates": [
          [
            [
              115.585155,
              -2.1825595
            ],
            [
              115.5853987,
              -2.1823997
            ],
            [
              115.5855513,
              -2.182639
            ],
            [
              115.5853076,
              -2.1827987
            ],
            [
              115.585155,
              -2.1825595
            ]
          ]
        ]
      },
      "properties": {
        "tipe": "Radius 300m (Bendera)",
        "color": "#ff0000",
        "fillColor": "#ff0000",
        "fillOpacity": 1.0,
        "weight": 1
      }
    },
    {
      "type": "Feature",
      "geometry": {
        "type": "Polygon",
        "coordinates": [
          [
            [
              115.585155,
              -2.1825595
            ],
            [
              115.5853987,
              -2.1823997
            ],
            [
              115.5855513,
              -2.182639
            ],
            [
              115.5853076,
              -2.1827987
            ],
            [
              115.585155,
              -2.1825595
            ]
          ]
        ]
      },
      "properties": {
        "tipe": "Radius 300m (Bendera)",
        "color": "#ff0000",
        "fillColor": "#ff0000",
        "fillOpacity": 1.0,
        "weight": 1
      }
    },
    {
      "type": "Feature",
      "geometry": {
        "type": "Polygon",
        "coordinates": [
          [
            [
              115.585155,
              -2.1825595
            ],
            [
              115.5853987,
              -2.1823997
            ],
            [
              115.5855513,
              -2.182639
            ],
            [
              115.5853076,
              -2.1827987
            ],
            [
              115.585155,
              -2.1825595
            ]
          ]
        ]
      },
      "properties": {
        "tipe": "Radius 300m (Bendera)",
        "color": "#ff0000",
        "fillColor": "#ff0000",
        "fillOpacity": 1.0,
        "weight": 1
      }
    },
    {
      "type": "Feature",
      "geometry": {
        "type": "Polygon",
        "coordinates": [
          [
            [
              115.585155,
              -2.1825595
            ],
            [
              115.5853987,
              -2.1823997
            ],
            [
              115.5855513,
              -2.182639
            ],
            [
              115.5853076,
              -2.1827987
            ],
            [
              115.585155,
              -2.1825595
            ]
          ]
        ]
      },
      "properties": {
        "tipe": "Radius 300m (Bendera)",
        "color": "#ff0000",
        "fillColor": "#ff0000",
        "fillOpacity": 1.0,
        "weight": 1
      }
    },
    {
      "type": "Feature",
      "geometry": {
        "type": "Polygon",
        "coordinates": [
          [
            [
              115.585155,
              -2.1825595
            ],
            [
              115.5853987,
              -2.1823997
            ],
            [
              115.5855513,
              -2.182639
            ],
            [
              115.5853076,
              -2.1827987
            ],
            [
              115.585155,
              -2.1825595
            ]
          ]
        ]
      },
      "properties": {
        "tipe": "Radius 300m (Bendera)",
        "color": "#ff0000",
        "fillColor": "#ff0000",
        "fillOpacity": 1.0,
        "weight": 1
      }
    },
    {
      "type": "Feature",
      "geometry": {
        "type": "LineString",
        "coordinates": [
          [
            115.585155,
            -2.1825595
          ],
          [
            115.5855438,
            -2.1831692
          ]
        ]
      },
      "properties": {
        "tipe": "Radius 300m",
        "color": "#ff0000",
        "weight": 2.5,
        "fill": false
      }
    },
    {
      "type": "Feature",
      "geometry": {
        "type": "Polygon",
        "coordinates": [
          [
            [
              115.5743172,
              -2.1670659
            ],
            [
              115.5745609,
              -2.1669062
            ],
            [
              115.5747135,
              -2.1671455
            ],
            [
              115.5744698,
              -2.1673052
            ],
            [
              115.5743172,
              -2.1670659
            ]
          ]
        ]
      },
      "properties": {
        "tipe": "Radius 300m (Bendera)",
        "color": "#ff0000",
        "fillColor": "#ff0000",
        "fillOpacity": 1.0,
        "weight": 1
      }
    },
    {
      "type": "Feature",
      "geometry": {
        "type": "Polygon",
        "coordinates": [
          [
            [
              115.5743172,
              -2.1670659
            ],
            [
              115.5745609,
              -2.1669062
            ],
            [
              115.5747135,
              -2.1671455
            ],
            [
              115.5744698,
              -2.1673052
            ],
            [
              115.5743172,
              -2.1670659
            ]
          ]
        ]
      },
      "properties": {
        "tipe": "Radius 300m (Bendera)",
        "color": "#ff0000",
        "fillColor": "#ff0000",
        "fillOpacity": 1.0,
        "weight": 1
      }
    },
    {
      "type": "Feature",
      "geometry": {
        "type": "Polygon",
        "coordinates": [
          [
            [
              115.5743172,
              -2.1670659
            ],
            [
              115.5745609,
              -2.1669062
            ],
            [
              115.5747135,
              -2.1671455
            ],
            [
              115.5744698,
              -2.1673052
            ],
            [
              115.5743172,
              -2.1670659
            ]
          ]
        ]
      },
      "properties": {
        "tipe": "Radius 300m (Bendera)",
        "color": "#ff0000",
        "fillColor": "#ff0000",
        "fillOpacity": 1.0,
        "weight": 1
      }
    },
    {
      "type": "Feature",
      "geometry": {
        "type": "Polygon",
        "coordinates": [
          [
            [
              115.5743172,
              -2.1670659
            ],
            [
              115.5745609,
              -2.1669062
            ],
            [
              115.5747135,
              -2.1671455
            ],
            [
              115.5744698,
              -2.1673052
            ],
            [
              115.5743172,
              -2.1670659
            ]
          ]
        ]
      },
      "properties": {
        "tipe": "Radius 300m (Bendera)",
        "color": "#ff0000",
        "fillColor": "#ff0000",
        "fillOpacity": 1.0,
        "weight": 1
      }
    },
    {
      "type": "Feature",
      "geometry": {
        "type": "Polygon",
        "coordinates": [
          [
            [
              115.5743172,
              -2.1670659
            ],
            [
              115.5745609,
              -2.1669062
            ],
            [
              115.5747135,
              -2.1671455
            ],
            [
              115.5744698,
              -2.1673052
            ],
            [
              115.5743172,
              -2.1670659
            ]
          ]
        ]
      },
      "properties": {
        "tipe": "Radius 300m (Bendera)",
        "color": "#ff0000",
        "fillColor": "#ff0000",
        "fillOpacity": 1.0,
        "weight": 1
      }
    },
    {
      "type": "Feature",
      "geometry": {
        "type": "Polygon",
        "coordinates": [
          [
            [
              115.5743172,
              -2.1670659
            ],
            [
              115.5745609,
              -2.1669062
            ],
            [
              115.5747135,
              -2.1671455
            ],
            [
              115.5744698,
              -2.1673052
            ],
            [
              115.5743172,
              -2.1670659
            ]
          ]
        ]
      },
      "properties": {
        "tipe": "Radius 300m (Bendera)",
        "color": "#ff0000",
        "fillColor": "#ff0000",
        "fillOpacity": 1.0,
        "weight": 1
      }
    },
    {
      "type": "Feature",
      "geometry": {
        "type": "LineString",
        "coordinates": [
          [
            115.5743172,
            -2.1670659
          ],
          [
            115.5747061,
            -2.1676756
          ]
        ]
      },
      "properties": {
        "tipe": "Radius 300m",
        "color": "#ff0000",
        "weight": 2.5,
        "fill": false
      }
    },
    {
      "type": "Feature",
      "geometry": {
        "type": "Polygon",
        "coordinates": [
          [
            [
              115.5827122,
              -2.1847739
            ],
            [
              115.5830784,
              -2.184879
            ],
            [
              115.5828665,
              -2.1850158
            ],
            [
              115.5827122,
              -2.1847739
            ]
          ]
        ]
      },
      "properties": {
        "tipe": "Radius 500m (Bendera)",
        "color": "#00ff00",
        "fillColor": "#00ff00",
        "fillOpacity": 1.0,
        "weight": 1
      }
    },
    {
      "type": "Feature",
      "geometry": {
        "type": "LineString",
        "coordinates": [
          [
            115.5857414,
            -2.1495323
          ],
          [
            115.5859099,
            -2.1494309
          ],
          [
            115.5860827,
            -2.149337
          ],
          [
            115.5862594,
            -2.1492508
          ],
          [
            115.5864397,
            -2.1491724
          ],
          [
            115.5866232,
            -2.1491021
          ],
          [
            115.5868095,
            -2.1490399
          ],
          [
            115.5869984,
            -2.1489859
          ],
          [
            115.5871894,
            -2.1489403
          ],
          [
            115.5873822,
            -2.1489032
          ],
          [
            115.587475,
            -2.1488895
          ],
          [
            115.5875216,
            -2.148882
          ],
          [
            115.5876618,
            -2.1488613
          ],
          [
            115.5878571,
            -2.1488412
          ],
          [
            115.588053,
            -2.1488297
          ],
          [
            115.5882492,
            -2.1488268
          ],
          [
            115.5884453,
            -2.1488326
          ],
          [
            115.588641,
            -2.1488469
          ],
          [
            115.5888359,
            -2.1488698
          ],
          [
            115.5890295,
            -2.1489013
          ],
          [
            115.5892216,
            -2.1489412
          ],
          [
            115.5894117,
            -2.1489895
          ],
          [
            115.5895996,
            -2.1490461
          ],
          [
            115.5897848,
            -2.1491109
          ],
          [
            115.5899669,
            -2.1491837
          ],
          [
            115.5901458,
            -2.1492644
          ],
          [
            115.5903209,
            -2.1493529
          ],
          [
            115.590408,
            -2.1494018
          ],
          [
            115.5904439,
            -2.1494199
          ],
          [
            115.590615,
            -2.149516
          ],
          [
            115.5907818,
            -2.1496195
          ],
          [
            115.590944,
            -2.1497302
          ],
          [
            115.5911011,
            -2.1498478
          ],
          [
            115.5912531,
            -2.1499722
          ],
          [
            115.5913995,
            -2.1501032
          ],
          [
            115.59154,
            -2.1502404
          ],
          [
            115.5916745,
            -2.1503837
          ],
          [
            115.5918027,
            -2.1505327
          ],
          [
            115.5919243,
            -2.1506871
          ],
          [
            115.5920391,
            -2.1508468
          ],
          [
            115.5920576,
            -2.1508751
          ],
          [
            115.5920887,
            -2.1509184
          ],
          [
            115.5921965,
            -2.1510829
          ],
          [
            115.592297,
            -2.151252
          ],
          [
            115.5923901,
            -2.1514253
          ],
          [
            115.5924757,
            -2.1516026
          ],
          [
            115.5925535,
            -2.1517834
          ],
          [
            115.5926234,
            -2.1519675
          ],
          [
            115.5926852,
            -2.1521545
          ],
          [
            115.592739,
            -2.152344
          ],
          [
            115.5927844,
            -2.1525357
          ],
          [
            115.5928215,
            -2.1527292
          ],
          [
            115.5928503,
            -2.1529243
          ],
          [
            115.5928705,
            -2.1531204
          ],
          [
            115.5928822,
            -2.1533172
          ],
          [
            115.5928854,
            -2.1535143
          ],
          [
            115.5928801,
            -2.1537114
          ],
          [
            115.5928662,
            -2.1539081
          ],
          [
            115.5928438,
            -2.1541041
          ],
          [
            115.5928129,
            -2.1542989
          ],
          [
            115.5927994,
            -2.1543656
          ],
          [
            115.5927729,
            -2.1545323
          ],
          [
            115.5927336,
            -2.1547256
          ],
          [
            115.592686,
            -2.154917
          ],
          [
            115.5926301,
            -2.1551062
          ],
          [
            115.592566,
            -2.1552927
          ],
          [
            115.5924939,
            -2.1554762
          ],
          [
            115.5924138,
            -2.1556566
          ],
          [
            115.5924096,
            -2.1556652
          ],
          [
            115.5923974,
            -2.1556926
          ],
          [
            115.5923096,
            -2.1558692
          ],
          [
            115.5922406,
            -2.1559941
          ],
          [
            115.5922326,
            -2.1560121
          ],
          [
            115.5921448,
            -2.1561887
          ],
          [
            115.5921046,
            -2.1562615
          ],
          [
            115.5920336,
            -2.1564044
          ],
          [
            115.5920194,
            -2.15643
          ],
          [
            115.5919944,
            -2.1564804
          ],
          [
            115.5919829,
            -2.1565011
          ],
          [
            115.5919626,
            -2.1565419
          ],
          [
            115.591934,
            -2.1565937
          ],
          [
            115.5919084,
            -2.1566438
          ],
          [
            115.5918818,
            -2.1566974
          ],
          [
            115.5918444,
            -2.1567686
          ],
          [
            115.5918097,
            -2.1568385
          ],
          [
            115.5917998,
            -2.1568565
          ],
          [
            115.5917822,
            -2.1568917
          ],
          [
            115.5917704,
            -2.1569131
          ],
          [
            115.5917495,
            -2.1569552
          ],
          [
            115.5916541,
            -2.1571277
          ],
          [
            115.5915514,
            -2.157296
          ],
          [
            115.5914414,
            -2.1574596
          ],
          [
            115.5913244,
            -2.1576182
          ],
          [
            115.5913202,
            -2.1576234
          ],
          [
            115.5912796,
            -2.1576968
          ],
          [
            115.5911768,
            -2.1578651
          ],
          [
            115.5910668,
            -2.1580286
          ],
          [
            115.5909499,
            -2.1581872
          ],
          [
            115.5908261,
            -2.1583405
          ],
          [
            115.5906957,
            -2.1584883
          ],
          [
            115.5905591,
            -2.1586302
          ],
          [
            115.5904165,
            -2.1587659
          ],
          [
            115.590268,
            -2.1588953
          ],
          [
            115.5901141,
            -2.159018
          ],
          [
            115.589955,
            -2.1591338
          ],
          [
            115.589791,
            -2.1592425
          ],
          [
            115.5897527,
            -2.1592656
          ],
          [
            115.5896698,
            -2.1593206
          ],
          [
            115.5895012,
            -2.159422
          ],
          [
            115.5893284,
            -2.1595159
          ],
          [
            115.5891517,
            -2.1596021
          ],
          [
            115.5889714,
            -2.1596804
          ],
          [
            115.5887879,
            -2.1597508
          ],
          [
            115.5886016,
            -2.159813
          ],
          [
            115.5884127,
            -2.1598669
          ],
          [
            115.5882217,
            -2.1599125
          ],
          [
            115.5881809,
            -2.1599204
          ],
          [
            115.5881336,
            -2.1599317
          ],
          [
            115.5879408,
            -2.1599688
          ],
          [
            115.5877466,
            -2.1599975
          ],
          [
            115.5875513,
            -2.1600176
          ],
          [
            115.5873554,
            -2.1600291
          ],
          [
            115.5871592,
            -2.160032
          ],
          [
            115.5869631,
            -2.1600262
          ],
          [
            115.5867674,
            -2.1600119
          ],
          [
            115.5865725,
            -2.1599889
          ],
          [
            115.5863789,
            -2.1599575
          ],
          [
            115.5861868,
            -2.1599176
          ],
          [
            115.5859967,
            -2.1598693
          ],
          [
            115.5858088,
            -2.1598127
          ],
          [
            115.5856236,
            -2.1597479
          ],
          [
            115.5854415,
            -2.1596751
          ],
          [
            115.5852626,
            -2.1595944
          ],
          [
            115.5850874,
            -2.1595058
          ],
          [
            115.5849972,
            -2.1594552
          ],
          [
            115.5849528,
            -2.1594328
          ],
          [
            115.5847818,
            -2.1593367
          ],
          [
            115.5847382,
            -2.1593097
          ],
          [
            115.5846629,
            -2.1592674
          ],
          [
            115.5844961,
            -2.1591639
          ],
          [
            115.5843339,
            -2.1590533
          ],
          [
            115.5841768,
            -2.1589356
          ],
          [
            115.5840248,
            -2.1588112
          ],
          [
            115.5838784,
            -2.1586802
          ],
          [
            115.5837379,
            -2.158543
          ],
          [
            115.5836034,
            -2.1583997
          ],
          [
            115.5834752,
            -2.1582507
          ],
          [
            115.5833536,
            -2.1580963
          ],
          [
            115.5832388,
            -2.1579366
          ],
          [
            115.5831311,
            -2.157772
          ],
          [
            115.5830305,
            -2.157603
          ],
          [
            115.5829374,
            -2.1574297
          ],
          [
            115.5828519,
            -2.1572524
          ],
          [
            115.5827741,
            -2.1570716
          ],
          [
            115.5827042,
            -2.1568875
          ],
          [
            115.5826423,
            -2.1567005
          ],
          [
            115.5825886,
            -2.156511
          ],
          [
            115.5825431,
            -2.1563193
          ],
          [
            115.582506,
            -2.1561257
          ],
          [
            115.5824773,
            -2.1559307
          ],
          [
            115.582457,
            -2.1557346
          ],
          [
            115.5824453,
            -2.1555378
          ],
          [
            115.5824421,
            -2.1553406
          ],
          [
            115.5824475,
            -2.1551435
          ],
          [
            115.5824614,
            -2.1549468
          ],
          [
            115.5824838,
            -2.1547509
          ],
          [
            115.5825146,
            -2.1545561
          ],
          [
            115.5825539,
            -2.1543628
          ],
          [
            115.5826016,
            -2.1541713
          ],
          [
            115.5826575,
            -2.1539821
          ],
          [
            115.5827216,
            -2.1537956
          ],
          [
            115.5827937,
            -2.1536121
          ],
          [
            115.5828737,
            -2.1534318
          ],
          [
            115.5829615,
            -2.1532552
          ],
          [
            115.5829897,
            -2.1532042
          ],
          [
            115.583009,
            -2.1531664
          ],
          [
            115.5830532,
            -2.1530774
          ],
          [
            115.5830806,
            -2.1530279
          ],
          [
            115.5830904,
            -2.1530086
          ],
          [
            115.5831353,
            -2.1529182
          ],
          [
            115.5831775,
            -2.1528418
          ],
          [
            115.5831816,
            -2.1528341
          ],
          [
            115.5832593,
            -2.1526778
          ],
          [
            115.5832657,
            -2.1526663
          ],
          [
            115.5832769,
            -2.1526436
          ],
          [
            115.5832905,
            -2.1526191
          ],
          [
            115.5833144,
            -2.1525709
          ],
          [
            115.5834038,
            -2.1524091
          ],
          [
            115.5834178,
            -2.152381
          ],
          [
            115.5835132,
            -2.1522085
          ],
          [
            115.5836159,
            -2.1520402
          ],
          [
            115.5837259,
            -2.1518766
          ],
          [
            115.5838429,
            -2.151718
          ],
          [
            115.583872,
            -2.151682
          ],
          [
            115.5839023,
            -2.1516324
          ],
          [
            115.5840123,
            -2.1514688
          ],
          [
            115.5841246,
            -2.1513165
          ],
          [
            115.5841574,
            -2.1512506
          ],
          [
            115.5842528,
            -2.151078
          ],
          [
            115.5843556,
            -2.1509097
          ],
          [
            115.5844655,
            -2.1507462
          ],
          [
            115.5845825,
            -2.1505876
          ],
          [
            115.5847063,
            -2.1504343
          ],
          [
            115.5848366,
            -2.1502865
          ],
          [
            115.5849733,
            -2.1501446
          ],
          [
            115.5851159,
            -2.1500089
          ],
          [
            115.5852644,
            -2.1498795
          ],
          [
            115.5854183,
            -2.1497568
          ],
          [
            115.5855774,
            -2.149641
          ],
          [
            115.5857414,
            -2.1495323
          ]
        ]
      },
      "properties": {
        "tipe": "Radius 500m",
        "color": "#00ff00",
        "weight": 2.5,
        "fill": false
      }
    },
    {
      "type": "Feature",
      "geometry": {
        "type": "Polygon",
        "coordinates": [
          [
            [
              115.5870276,
              -2.1482675
            ],
            [
              115.5873937,
              -2.1483726
            ],
            [
              115.5871819,
              -2.1485094
            ],
            [
              115.5870276,
              -2.1482675
            ]
          ]
        ]
      },
      "properties": {
        "tipe": "Radius 500m (Bendera)",
        "color": "#00ff00",
        "fillColor": "#00ff00",
        "fillOpacity": 1.0,
        "weight": 1
      }
    },
    {
      "type": "Feature",
      "geometry": {
        "type": "Polygon",
        "coordinates": [
          [
            [
              115.5870276,
              -2.1482675
            ],
            [
              115.5873937,
              -2.1483726
            ],
            [
              115.5871819,
              -2.1485094
            ],
            [
              115.5870276,
              -2.1482675
            ]
          ]
        ]
      },
      "properties": {
        "tipe": "Radius 500m (Bendera)",
        "color": "#00ff00",
        "fillColor": "#00ff00",
        "fillOpacity": 1.0,
        "weight": 1
      }
    },
    {
      "type": "Feature",
      "geometry": {
        "type": "Polygon",
        "coordinates": [
          [
            [
              115.5870276,
              -2.1482675
            ],
            [
              115.5873937,
              -2.1483726
            ],
            [
              115.5871819,
              -2.1485094
            ],
            [
              115.5870276,
              -2.1482675
            ]
          ]
        ]
      },
      "properties": {
        "tipe": "Radius 500m (Bendera)",
        "color": "#00ff00",
        "fillColor": "#00ff00",
        "fillOpacity": 1.0,
        "weight": 1
      }
    },
    {
      "type": "Feature",
      "geometry": {
        "type": "Polygon",
        "coordinates": [
          [
            [
              115.5870276,
              -2.1482675
            ],
            [
              115.5873937,
              -2.1483726
            ],
            [
              115.5871819,
              -2.1485094
            ],
            [
              115.5870276,
              -2.1482675
            ]
          ]
        ]
      },
      "properties": {
        "tipe": "Radius 500m (Bendera)",
        "color": "#00ff00",
        "fillColor": "#00ff00",
        "fillOpacity": 1.0,
        "weight": 1
      }
    },
    {
      "type": "Feature",
      "geometry": {
        "type": "Polygon",
        "coordinates": [
          [
            [
              115.5870276,
              -2.1482675
            ],
            [
              115.5873937,
              -2.1483726
            ],
            [
              115.5871819,
              -2.1485094
            ],
            [
              115.5870276,
              -2.1482675
            ]
          ]
        ]
      },
      "properties": {
        "tipe": "Radius 500m (Bendera)",
        "color": "#00ff00",
        "fillColor": "#00ff00",
        "fillOpacity": 1.0,
        "weight": 1
      }
    },
    {
      "type": "Feature",
      "geometry": {
        "type": "Polygon",
        "coordinates": [
          [
            [
              115.5870276,
              -2.1482675
            ],
            [
              115.5873937,
              -2.1483726
            ],
            [
              115.5871819,
              -2.1485094
            ],
            [
              115.5870276,
              -2.1482675
            ]
          ]
        ]
      },
      "properties": {
        "tipe": "Radius 500m (Bendera)",
        "color": "#00ff00",
        "fillColor": "#00ff00",
        "fillOpacity": 1.0,
        "weight": 1
      }
    },
    {
      "type": "Feature",
      "geometry": {
        "type": "Polygon",
        "coordinates": [
          [
            [
              115.5875078,
              -2.1482093
            ],
            [
              115.587874,
              -2.1483145
            ],
            [
              115.5876621,
              -2.1484512
            ],
            [
              115.5875078,
              -2.1482093
            ]
          ]
        ]
      },
      "properties": {
        "tipe": "Radius 500m (Bendera)",
        "color": "#00ff00",
        "fillColor": "#00ff00",
        "fillOpacity": 1.0,
        "weight": 1
      }
    },
    {
      "type": "Feature",
      "geometry": {
        "type": "Polygon",
        "coordinates": [
          [
            [
              115.5875078,
              -2.1482093
            ],
            [
              115.587874,
              -2.1483145
            ],
            [
              115.5876621,
              -2.1484512
            ],
            [
              115.5875078,
              -2.1482093
            ]
          ]
        ]
      },
      "properties": {
        "tipe": "Radius 500m (Bendera)",
        "color": "#00ff00",
        "fillColor": "#00ff00",
        "fillOpacity": 1.0,
        "weight": 1
      }
    },
    {
      "type": "Feature",
      "geometry": {
        "type": "Polygon",
        "coordinates": [
          [
            [
              115.5875078,
              -2.1482093
            ],
            [
              115.587874,
              -2.1483145
            ],
            [
              115.5876621,
              -2.1484512
            ],
            [
              115.5875078,
              -2.1482093
            ]
          ]
        ]
      },
      "properties": {
        "tipe": "Radius 500m (Bendera)",
        "color": "#00ff00",
        "fillColor": "#00ff00",
        "fillOpacity": 1.0,
        "weight": 1
      }
    },
    {
      "type": "Feature",
      "geometry": {
        "type": "Polygon",
        "coordinates": [
          [
            [
              115.5875078,
              -2.1482093
            ],
            [
              115.587874,
              -2.1483145
            ],
            [
              115.5876621,
              -2.1484512
            ],
            [
              115.5875078,
              -2.1482093
            ]
          ]
        ]
      },
      "properties": {
        "tipe": "Radius 500m (Bendera)",
        "color": "#00ff00",
        "fillColor": "#00ff00",
        "fillOpacity": 1.0,
        "weight": 1
      }
    },
    {
      "type": "Feature",
      "geometry": {
        "type": "Polygon",
        "coordinates": [
          [
            [
              115.5875078,
              -2.1482093
            ],
            [
              115.587874,
              -2.1483145
            ],
            [
              115.5876621,
              -2.1484512
            ],
            [
              115.5875078,
              -2.1482093
            ]
          ]
        ]
      },
      "properties": {
        "tipe": "Radius 500m (Bendera)",
        "color": "#00ff00",
        "fillColor": "#00ff00",
        "fillOpacity": 1.0,
        "weight": 1
      }
    },
    {
      "type": "Feature",
      "geometry": {
        "type": "Polygon",
        "coordinates": [
          [
            [
              115.5875078,
              -2.1482093
            ],
            [
              115.587874,
              -2.1483145
            ],
            [
              115.5876621,
              -2.1484512
            ],
            [
              115.5875078,
              -2.1482093
            ]
          ]
        ]
      },
      "properties": {
        "tipe": "Radius 500m (Bendera)",
        "color": "#00ff00",
        "fillColor": "#00ff00",
        "fillOpacity": 1.0,
        "weight": 1
      }
    },
    {
      "type": "Feature",
      "geometry": {
        "type": "Polygon",
        "coordinates": [
          [
            [
              115.5890115,
              -2.148361
            ],
            [
              115.5893777,
              -2.1484661
            ],
            [
              115.5891658,
              -2.1486029
            ],
            [
              115.5890115,
              -2.148361
            ]
          ]
        ]
      },
      "properties": {
        "tipe": "Radius 500m (Bendera)",
        "color": "#00ff00",
        "fillColor": "#00ff00",
        "fillOpacity": 1.0,
        "weight": 1
      }
    },
    {
      "type": "Feature",
      "geometry": {
        "type": "Polygon",
        "coordinates": [
          [
            [
              115.5890115,
              -2.148361
            ],
            [
              115.5893777,
              -2.1484661
            ],
            [
              115.5891658,
              -2.1486029
            ],
            [
              115.5890115,
              -2.148361
            ]
          ]
        ]
      },
      "properties": {
        "tipe": "Radius 500m (Bendera)",
        "color": "#00ff00",
        "fillColor": "#00ff00",
        "fillOpacity": 1.0,
        "weight": 1
      }
    },
    {
      "type": "Feature",
      "geometry": {
        "type": "Polygon",
        "coordinates": [
          [
            [
              115.5890115,
              -2.148361
            ],
            [
              115.5893777,
              -2.1484661
            ],
            [
              115.5891658,
              -2.1486029
            ],
            [
              115.5890115,
              -2.148361
            ]
          ]
        ]
      },
      "properties": {
        "tipe": "Radius 500m (Bendera)",
        "color": "#00ff00",
        "fillColor": "#00ff00",
        "fillOpacity": 1.0,
        "weight": 1
      }
    },
    {
      "type": "Feature",
      "geometry": {
        "type": "Polygon",
        "coordinates": [
          [
            [
              115.5890115,
              -2.148361
            ],
            [
              115.5893777,
              -2.1484661
            ],
            [
              115.5891658,
              -2.1486029
            ],
            [
              115.5890115,
              -2.148361
            ]
          ]
        ]
      },
      "properties": {
        "tipe": "Radius 500m (Bendera)",
        "color": "#00ff00",
        "fillColor": "#00ff00",
        "fillOpacity": 1.0,
        "weight": 1
      }
    },
    {
      "type": "Feature",
      "geometry": {
        "type": "Polygon",
        "coordinates": [
          [
            [
              115.5890115,
              -2.148361
            ],
            [
              115.5893777,
              -2.1484661
            ],
            [
              115.5891658,
              -2.1486029
            ],
            [
              115.5890115,
              -2.148361
            ]
          ]
        ]
      },
      "properties": {
        "tipe": "Radius 500m (Bendera)",
        "color": "#00ff00",
        "fillColor": "#00ff00",
        "fillOpacity": 1.0,
        "weight": 1
      }
    },
    {
      "type": "Feature",
      "geometry": {
        "type": "Polygon",
        "coordinates": [
          [
            [
              115.5890115,
              -2.148361
            ],
            [
              115.5893777,
              -2.1484661
            ],
            [
              115.5891658,
              -2.1486029
            ],
            [
              115.5890115,
              -2.148361
            ]
          ]
        ]
      },
      "properties": {
        "tipe": "Radius 500m (Bendera)",
        "color": "#00ff00",
        "fillColor": "#00ff00",
        "fillOpacity": 1.0,
        "weight": 1
      }
    },
    {
      "type": "Feature",
      "geometry": {
        "type": "Polygon",
        "coordinates": [
          [
            [
              115.5906215,
              -2.1491602
            ],
            [
              115.5909877,
              -2.1492653
            ],
            [
              115.5907758,
              -2.1494021
            ],
            [
              115.5906215,
              -2.1491602
            ]
          ]
        ]
      },
      "properties": {
        "tipe": "Radius 500m (Bendera)",
        "color": "#00ff00",
        "fillColor": "#00ff00",
        "fillOpacity": 1.0,
        "weight": 1
      }
    },
    {
      "type": "Feature",
      "geometry": {
        "type": "Polygon",
        "coordinates": [
          [
            [
              115.5906215,
              -2.1491602
            ],
            [
              115.5909877,
              -2.1492653
            ],
            [
              115.5907758,
              -2.1494021
            ],
            [
              115.5906215,
              -2.1491602
            ]
          ]
        ]
      },
      "properties": {
        "tipe": "Radius 500m (Bendera)",
        "color": "#00ff00",
        "fillColor": "#00ff00",
        "fillOpacity": 1.0,
        "weight": 1
      }
    },
    {
      "type": "Feature",
      "geometry": {
        "type": "Polygon",
        "coordinates": [
          [
            [
              115.5906215,
              -2.1491602
            ],
            [
              115.5909877,
              -2.1492653
            ],
            [
              115.5907758,
              -2.1494021
            ],
            [
              115.5906215,
              -2.1491602
            ]
          ]
        ]
      },
      "properties": {
        "tipe": "Radius 500m (Bendera)",
        "color": "#00ff00",
        "fillColor": "#00ff00",
        "fillOpacity": 1.0,
        "weight": 1
      }
    },
    {
      "type": "Feature",
      "geometry": {
        "type": "Polygon",
        "coordinates": [
          [
            [
              115.5906215,
              -2.1491602
            ],
            [
              115.5909877,
              -2.1492653
            ],
            [
              115.5907758,
              -2.1494021
            ],
            [
              115.5906215,
              -2.1491602
            ]
          ]
        ]
      },
      "properties": {
        "tipe": "Radius 500m (Bendera)",
        "color": "#00ff00",
        "fillColor": "#00ff00",
        "fillOpacity": 1.0,
        "weight": 1
      }
    },
    {
      "type": "Feature",
      "geometry": {
        "type": "Polygon",
        "coordinates": [
          [
            [
              115.5906215,
              -2.1491602
            ],
            [
              115.5909877,
              -2.1492653
            ],
            [
              115.5907758,
              -2.1494021
            ],
            [
              115.5906215,
              -2.1491602
            ]
          ]
        ]
      },
      "properties": {
        "tipe": "Radius 500m (Bendera)",
        "color": "#00ff00",
        "fillColor": "#00ff00",
        "fillOpacity": 1.0,
        "weight": 1
      }
    },
    {
      "type": "Feature",
      "geometry": {
        "type": "Polygon",
        "coordinates": [
          [
            [
              115.5906215,
              -2.1491602
            ],
            [
              115.5909877,
              -2.1492653
            ],
            [
              115.5907758,
              -2.1494021
            ],
            [
              115.5906215,
              -2.1491602
            ]
          ]
        ]
      },
      "properties": {
        "tipe": "Radius 500m (Bendera)",
        "color": "#00ff00",
        "fillColor": "#00ff00",
        "fillOpacity": 1.0,
        "weight": 1
      }
    },
    {
      "type": "Feature",
      "geometry": {
        "type": "Polygon",
        "coordinates": [
          [
            [
              115.5910108,
              -2.1494865
            ],
            [
              115.5913769,
              -2.1495916
            ],
            [
              115.5911651,
              -2.1497283
            ],
            [
              115.5910108,
              -2.1494865
            ]
          ]
        ]
      },
      "properties": {
        "tipe": "Radius 500m (Bendera)",
        "color": "#00ff00",
        "fillColor": "#00ff00",
        "fillOpacity": 1.0,
        "weight": 1
      }
    },
    {
      "type": "Feature",
      "geometry": {
        "type": "Polygon",
        "coordinates": [
          [
            [
              115.5910108,
              -2.1494865
            ],
            [
              115.5913769,
              -2.1495916
            ],
            [
              115.5911651,
              -2.1497283
            ],
            [
              115.5910108,
              -2.1494865
            ]
          ]
        ]
      },
      "properties": {
        "tipe": "Radius 500m (Bendera)",
        "color": "#00ff00",
        "fillColor": "#00ff00",
        "fillOpacity": 1.0,
        "weight": 1
      }
    },
    {
      "type": "Feature",
      "geometry": {
        "type": "Polygon",
        "coordinates": [
          [
            [
              115.5910108,
              -2.1494865
            ],
            [
              115.5913769,
              -2.1495916
            ],
            [
              115.5911651,
              -2.1497283
            ],
            [
              115.5910108,
              -2.1494865
            ]
          ]
        ]
      },
      "properties": {
        "tipe": "Radius 500m (Bendera)",
        "color": "#00ff00",
        "fillColor": "#00ff00",
        "fillOpacity": 1.0,
        "weight": 1
      }
    },
    {
      "type": "Feature",
      "geometry": {
        "type": "Polygon",
        "coordinates": [
          [
            [
              115.5910108,
              -2.1494865
            ],
            [
              115.5913769,
              -2.1495916
            ],
            [
              115.5911651,
              -2.1497283
            ],
            [
              115.5910108,
              -2.1494865
            ]
          ]
        ]
      },
      "properties": {
        "tipe": "Radius 500m (Bendera)",
        "color": "#00ff00",
        "fillColor": "#00ff00",
        "fillOpacity": 1.0,
        "weight": 1
      }
    },
    {
      "type": "Feature",
      "geometry": {
        "type": "Polygon",
        "coordinates": [
          [
            [
              115.5910108,
              -2.1494865
            ],
            [
              115.5913769,
              -2.1495916
            ],
            [
              115.5911651,
              -2.1497283
            ],
            [
              115.5910108,
              -2.1494865
            ]
          ]
        ]
      },
      "properties": {
        "tipe": "Radius 500m (Bendera)",
        "color": "#00ff00",
        "fillColor": "#00ff00",
        "fillOpacity": 1.0,
        "weight": 1
      }
    },
    {
      "type": "Feature",
      "geometry": {
        "type": "Polygon",
        "coordinates": [
          [
            [
              115.5910108,
              -2.1494865
            ],
            [
              115.5913769,
              -2.1495916
            ],
            [
              115.5911651,
              -2.1497283
            ],
            [
              115.5910108,
              -2.1494865
            ]
          ]
        ]
      },
      "properties": {
        "tipe": "Radius 500m (Bendera)",
        "color": "#00ff00",
        "fillColor": "#00ff00",
        "fillOpacity": 1.0,
        "weight": 1
      }
    },
    {
      "type": "Feature",
      "geometry": {
        "type": "Polygon",
        "coordinates": [
          [
            [
              115.5918764,
              -2.1505903
            ],
            [
              115.5922426,
              -2.1506955
            ],
            [
              115.5920307,
              -2.1508322
            ],
            [
              115.5918764,
              -2.1505903
            ]
          ]
        ]
      },
      "properties": {
        "tipe": "Radius 500m (Bendera)",
        "color": "#00ff00",
        "fillColor": "#00ff00",
        "fillOpacity": 1.0,
        "weight": 1
      }
    },
    {
      "type": "Feature",
      "geometry": {
        "type": "Polygon",
        "coordinates": [
          [
            [
              115.5918764,
              -2.1505903
            ],
            [
              115.5922426,
              -2.1506955
            ],
            [
              115.5920307,
              -2.1508322
            ],
            [
              115.5918764,
              -2.1505903
            ]
          ]
        ]
      },
      "properties": {
        "tipe": "Radius 500m (Bendera)",
        "color": "#00ff00",
        "fillColor": "#00ff00",
        "fillOpacity": 1.0,
        "weight": 1
      }
    },
    {
      "type": "Feature",
      "geometry": {
        "type": "Polygon",
        "coordinates": [
          [
            [
              115.5918764,
              -2.1505903
            ],
            [
              115.5922426,
              -2.1506955
            ],
            [
              115.5920307,
              -2.1508322
            ],
            [
              115.5918764,
              -2.1505903
            ]
          ]
        ]
      },
      "properties": {
        "tipe": "Radius 500m (Bendera)",
        "color": "#00ff00",
        "fillColor": "#00ff00",
        "fillOpacity": 1.0,
        "weight": 1
      }
    },
    {
      "type": "Feature",
      "geometry": {
        "type": "Polygon",
        "coordinates": [
          [
            [
              115.5918764,
              -2.1505903
            ],
            [
              115.5922426,
              -2.1506955
            ],
            [
              115.5920307,
              -2.1508322
            ],
            [
              115.5918764,
              -2.1505903
            ]
          ]
        ]
      },
      "properties": {
        "tipe": "Radius 500m (Bendera)",
        "color": "#00ff00",
        "fillColor": "#00ff00",
        "fillOpacity": 1.0,
        "weight": 1
      }
    },
    {
      "type": "Feature",
      "geometry": {
        "type": "Polygon",
        "coordinates": [
          [
            [
              115.5918764,
              -2.1505903
            ],
            [
              115.5922426,
              -2.1506955
            ],
            [
              115.5920307,
              -2.1508322
            ],
            [
              115.5918764,
              -2.1505903
            ]
          ]
        ]
      },
      "properties": {
        "tipe": "Radius 500m (Bendera)",
        "color": "#00ff00",
        "fillColor": "#00ff00",
        "fillOpacity": 1.0,
        "weight": 1
      }
    },
    {
      "type": "Feature",
      "geometry": {
        "type": "Polygon",
        "coordinates": [
          [
            [
              115.5918764,
              -2.1505903
            ],
            [
              115.5922426,
              -2.1506955
            ],
            [
              115.5920307,
              -2.1508322
            ],
            [
              115.5918764,
              -2.1505903
            ]
          ]
        ]
      },
      "properties": {
        "tipe": "Radius 500m (Bendera)",
        "color": "#00ff00",
        "fillColor": "#00ff00",
        "fillOpacity": 1.0,
        "weight": 1
      }
    },
    {
      "type": "Feature",
      "geometry": {
        "type": "Polygon",
        "coordinates": [
          [
            [
              115.5924492,
              -2.1522955
            ],
            [
              115.5928154,
              -2.1524006
            ],
            [
              115.5926035,
              -2.1525373
            ],
            [
              115.5924492,
              -2.1522955
            ]
          ]
        ]
      },
      "properties": {
        "tipe": "Radius 500m (Bendera)",
        "color": "#00ff00",
        "fillColor": "#00ff00",
        "fillOpacity": 1.0,
        "weight": 1
      }
    },
    {
      "type": "Feature",
      "geometry": {
        "type": "Polygon",
        "coordinates": [
          [
            [
              115.5924492,
              -2.1522955
            ],
            [
              115.5928154,
              -2.1524006
            ],
            [
              115.5926035,
              -2.1525373
            ],
            [
              115.5924492,
              -2.1522955
            ]
          ]
        ]
      },
      "properties": {
        "tipe": "Radius 500m (Bendera)",
        "color": "#00ff00",
        "fillColor": "#00ff00",
        "fillOpacity": 1.0,
        "weight": 1
      }
    },
    {
      "type": "Feature",
      "geometry": {
        "type": "Polygon",
        "coordinates": [
          [
            [
              115.5924492,
              -2.1522955
            ],
            [
              115.5928154,
              -2.1524006
            ],
            [
              115.5926035,
              -2.1525373
            ],
            [
              115.5924492,
              -2.1522955
            ]
          ]
        ]
      },
      "properties": {
        "tipe": "Radius 500m (Bendera)",
        "color": "#00ff00",
        "fillColor": "#00ff00",
        "fillOpacity": 1.0,
        "weight": 1
      }
    },
    {
      "type": "Feature",
      "geometry": {
        "type": "Polygon",
        "coordinates": [
          [
            [
              115.5924492,
              -2.1522955
            ],
            [
              115.5928154,
              -2.1524006
            ],
            [
              115.5926035,
              -2.1525373
            ],
            [
              115.5924492,
              -2.1522955
            ]
          ]
        ]
      },
      "properties": {
        "tipe": "Radius 500m (Bendera)",
        "color": "#00ff00",
        "fillColor": "#00ff00",
        "fillOpacity": 1.0,
        "weight": 1
      }
    },
    {
      "type": "Feature",
      "geometry": {
        "type": "Polygon",
        "coordinates": [
          [
            [
              115.5924492,
              -2.1522955
            ],
            [
              115.5928154,
              -2.1524006
            ],
            [
              115.5926035,
              -2.1525373
            ],
            [
              115.5924492,
              -2.1522955
            ]
          ]
        ]
      },
      "properties": {
        "tipe": "Radius 500m (Bendera)",
        "color": "#00ff00",
        "fillColor": "#00ff00",
        "fillOpacity": 1.0,
        "weight": 1
      }
    },
    {
      "type": "Feature",
      "geometry": {
        "type": "Polygon",
        "coordinates": [
          [
            [
              115.5924492,
              -2.1522955
            ],
            [
              115.5928154,
              -2.1524006
            ],
            [
              115.5926035,
              -2.1525373
            ],
            [
              115.5924492,
              -2.1522955
            ]
          ]
        ]
      },
      "properties": {
        "tipe": "Radius 500m (Bendera)",
        "color": "#00ff00",
        "fillColor": "#00ff00",
        "fillOpacity": 1.0,
        "weight": 1
      }
    },
    {
      "type": "Feature",
      "geometry": {
        "type": "Polygon",
        "coordinates": [
          [
            [
              115.5924814,
              -2.1529943
            ],
            [
              115.5928476,
              -2.1530994
            ],
            [
              115.5926357,
              -2.1532362
            ],
            [
              115.5924814,
              -2.1529943
            ]
          ]
        ]
      },
      "properties": {
        "tipe": "Radius 500m (Bendera)",
        "color": "#00ff00",
        "fillColor": "#00ff00",
        "fillOpacity": 1.0,
        "weight": 1
      }
    },
    {
      "type": "Feature",
      "geometry": {
        "type": "Polygon",
        "coordinates": [
          [
            [
              115.5924814,
              -2.1529943
            ],
            [
              115.5928476,
              -2.1530994
            ],
            [
              115.5926357,
              -2.1532362
            ],
            [
              115.5924814,
              -2.1529943
            ]
          ]
        ]
      },
      "properties": {
        "tipe": "Radius 500m (Bendera)",
        "color": "#00ff00",
        "fillColor": "#00ff00",
        "fillOpacity": 1.0,
        "weight": 1
      }
    },
    {
      "type": "Feature",
      "geometry": {
        "type": "Polygon",
        "coordinates": [
          [
            [
              115.5924814,
              -2.1529943
            ],
            [
              115.5928476,
              -2.1530994
            ],
            [
              115.5926357,
              -2.1532362
            ],
            [
              115.5924814,
              -2.1529943
            ]
          ]
        ]
      },
      "properties": {
        "tipe": "Radius 500m (Bendera)",
        "color": "#00ff00",
        "fillColor": "#00ff00",
        "fillOpacity": 1.0,
        "weight": 1
      }
    },
    {
      "type": "Feature",
      "geometry": {
        "type": "Polygon",
        "coordinates": [
          [
            [
              115.5924814,
              -2.1529943
            ],
            [
              115.5928476,
              -2.1530994
            ],
            [
              115.5926357,
              -2.1532362
            ],
            [
              115.5924814,
              -2.1529943
            ]
          ]
        ]
      },
      "properties": {
        "tipe": "Radius 500m (Bendera)",
        "color": "#00ff00",
        "fillColor": "#00ff00",
        "fillOpacity": 1.0,
        "weight": 1
      }
    },
    {
      "type": "Feature",
      "geometry": {
        "type": "Polygon",
        "coordinates": [
          [
            [
              115.5924814,
              -2.1529943
            ],
            [
              115.5928476,
              -2.1530994
            ],
            [
              115.5926357,
              -2.1532362
            ],
            [
              115.5924814,
              -2.1529943
            ]
          ]
        ]
      },
      "properties": {
        "tipe": "Radius 500m (Bendera)",
        "color": "#00ff00",
        "fillColor": "#00ff00",
        "fillOpacity": 1.0,
        "weight": 1
      }
    },
    {
      "type": "Feature",
      "geometry": {
        "type": "Polygon",
        "coordinates": [
          [
            [
              115.5924814,
              -2.1529943
            ],
            [
              115.5928476,
              -2.1530994
            ],
            [
              115.5926357,
              -2.1532362
            ],
            [
              115.5924814,
              -2.1529943
            ]
          ]
        ]
      },
      "properties": {
        "tipe": "Radius 500m (Bendera)",
        "color": "#00ff00",
        "fillColor": "#00ff00",
        "fillOpacity": 1.0,
        "weight": 1
      }
    },
    {
      "type": "Feature",
      "geometry": {
        "type": "Polygon",
        "coordinates": [
          [
            [
              115.592506,
              -2.1532626
            ],
            [
              115.5928722,
              -2.1533678
            ],
            [
              115.5926603,
              -2.1535045
            ],
            [
              115.592506,
              -2.1532626
            ]
          ]
        ]
      },
      "properties": {
        "tipe": "Radius 500m (Bendera)",
        "color": "#00ff00",
        "fillColor": "#00ff00",
        "fillOpacity": 1.0,
        "weight": 1
      }
    },
    {
      "type": "Feature",
      "geometry": {
        "type": "Polygon",
        "coordinates": [
          [
            [
              115.592506,
              -2.1532626
            ],
            [
              115.5928722,
              -2.1533678
            ],
            [
              115.5926603,
              -2.1535045
            ],
            [
              115.592506,
              -2.1532626
            ]
          ]
        ]
      },
      "properties": {
        "tipe": "Radius 500m (Bendera)",
        "color": "#00ff00",
        "fillColor": "#00ff00",
        "fillOpacity": 1.0,
        "weight": 1
      }
    },
    {
      "type": "Feature",
      "geometry": {
        "type": "Polygon",
        "coordinates": [
          [
            [
              115.592506,
              -2.1532626
            ],
            [
              115.5928722,
              -2.1533678
            ],
            [
              115.5926603,
              -2.1535045
            ],
            [
              115.592506,
              -2.1532626
            ]
          ]
        ]
      },
      "properties": {
        "tipe": "Radius 500m (Bendera)",
        "color": "#00ff00",
        "fillColor": "#00ff00",
        "fillOpacity": 1.0,
        "weight": 1
      }
    },
    {
      "type": "Feature",
      "geometry": {
        "type": "Polygon",
        "coordinates": [
          [
            [
              115.592506,
              -2.1532626
            ],
            [
              115.5928722,
              -2.1533678
            ],
            [
              115.5926603,
              -2.1535045
            ],
            [
              115.592506,
              -2.1532626
            ]
          ]
        ]
      },
      "properties": {
        "tipe": "Radius 500m (Bendera)",
        "color": "#00ff00",
        "fillColor": "#00ff00",
        "fillOpacity": 1.0,
        "weight": 1
      }
    },
    {
      "type": "Feature",
      "geometry": {
        "type": "Polygon",
        "coordinates": [
          [
            [
              115.592506,
              -2.1532626
            ],
            [
              115.5928722,
              -2.1533678
            ],
            [
              115.5926603,
              -2.1535045
            ],
            [
              115.592506,
              -2.1532626
            ]
          ]
        ]
      },
      "properties": {
        "tipe": "Radius 500m (Bendera)",
        "color": "#00ff00",
        "fillColor": "#00ff00",
        "fillOpacity": 1.0,
        "weight": 1
      }
    },
    {
      "type": "Feature",
      "geometry": {
        "type": "Polygon",
        "coordinates": [
          [
            [
              115.592506,
              -2.1532626
            ],
            [
              115.5928722,
              -2.1533678
            ],
            [
              115.5926603,
              -2.1535045
            ],
            [
              115.592506,
              -2.1532626
            ]
          ]
        ]
      },
      "properties": {
        "tipe": "Radius 500m (Bendera)",
        "color": "#00ff00",
        "fillColor": "#00ff00",
        "fillOpacity": 1.0,
        "weight": 1
      }
    },
    {
      "type": "Feature",
      "geometry": {
        "type": "Polygon",
        "coordinates": [
          [
            [
              115.5922452,
              -2.1544529
            ],
            [
              115.5926114,
              -2.154558
            ],
            [
              115.5923995,
              -2.1546948
            ],
            [
              115.5922452,
              -2.1544529
            ]
          ]
        ]
      },
      "properties": {
        "tipe": "Radius 500m (Bendera)",
        "color": "#00ff00",
        "fillColor": "#00ff00",
        "fillOpacity": 1.0,
        "weight": 1
      }
    },
    {
      "type": "Feature",
      "geometry": {
        "type": "Polygon",
        "coordinates": [
          [
            [
              115.5922452,
              -2.1544529
            ],
            [
              115.5926114,
              -2.154558
            ],
            [
              115.5923995,
              -2.1546948
            ],
            [
              115.5922452,
              -2.1544529
            ]
          ]
        ]
      },
      "properties": {
        "tipe": "Radius 500m (Bendera)",
        "color": "#00ff00",
        "fillColor": "#00ff00",
        "fillOpacity": 1.0,
        "weight": 1
      }
    },
    {
      "type": "Feature",
      "geometry": {
        "type": "Polygon",
        "coordinates": [
          [
            [
              115.5922452,
              -2.1544529
            ],
            [
              115.5926114,
              -2.154558
            ],
            [
              115.5923995,
              -2.1546948
            ],
            [
              115.5922452,
              -2.1544529
            ]
          ]
        ]
      },
      "properties": {
        "tipe": "Radius 500m (Bendera)",
        "color": "#00ff00",
        "fillColor": "#00ff00",
        "fillOpacity": 1.0,
        "weight": 1
      }
    },
    {
      "type": "Feature",
      "geometry": {
        "type": "Polygon",
        "coordinates": [
          [
            [
              115.5922452,
              -2.1544529
            ],
            [
              115.5926114,
              -2.154558
            ],
            [
              115.5923995,
              -2.1546948
            ],
            [
              115.5922452,
              -2.1544529
            ]
          ]
        ]
      },
      "properties": {
        "tipe": "Radius 500m (Bendera)",
        "color": "#00ff00",
        "fillColor": "#00ff00",
        "fillOpacity": 1.0,
        "weight": 1
      }
    },
    {
      "type": "Feature",
      "geometry": {
        "type": "Polygon",
        "coordinates": [
          [
            [
              115.5922452,
              -2.1544529
            ],
            [
              115.5926114,
              -2.154558
            ],
            [
              115.5923995,
              -2.1546948
            ],
            [
              115.5922452,
              -2.1544529
            ]
          ]
        ]
      },
      "properties": {
        "tipe": "Radius 500m (Bendera)",
        "color": "#00ff00",
        "fillColor": "#00ff00",
        "fillOpacity": 1.0,
        "weight": 1
      }
    },
    {
      "type": "Feature",
      "geometry": {
        "type": "Polygon",
        "coordinates": [
          [
            [
              115.5922452,
              -2.1544529
            ],
            [
              115.5926114,
              -2.154558
            ],
            [
              115.5923995,
              -2.1546948
            ],
            [
              115.5922452,
              -2.1544529
            ]
          ]
        ]
      },
      "properties": {
        "tipe": "Radius 500m (Bendera)",
        "color": "#00ff00",
        "fillColor": "#00ff00",
        "fillOpacity": 1.0,
        "weight": 1
      }
    },
    {
      "type": "Feature",
      "geometry": {
        "type": "Polygon",
        "coordinates": [
          [
            [
              115.5892687,
              -2.1586917
            ],
            [
              115.5896349,
              -2.1587969
            ],
            [
              115.589423,
              -2.1589336
            ],
            [
              115.5892687,
              -2.1586917
            ]
          ]
        ]
      },
      "properties": {
        "tipe": "Radius 500m (Bendera)",
        "color": "#00ff00",
        "fillColor": "#00ff00",
        "fillOpacity": 1.0,
        "weight": 1
      }
    },
    {
      "type": "Feature",
      "geometry": {
        "type": "Polygon",
        "coordinates": [
          [
            [
              115.5892687,
              -2.1586917
            ],
            [
              115.5896349,
              -2.1587969
            ],
            [
              115.589423,
              -2.1589336
            ],
            [
              115.5892687,
              -2.1586917
            ]
          ]
        ]
      },
      "properties": {
        "tipe": "Radius 500m (Bendera)",
        "color": "#00ff00",
        "fillColor": "#00ff00",
        "fillOpacity": 1.0,
        "weight": 1
      }
    },
    {
      "type": "Feature",
      "geometry": {
        "type": "Polygon",
        "coordinates": [
          [
            [
              115.5892687,
              -2.1586917
            ],
            [
              115.5896349,
              -2.1587969
            ],
            [
              115.589423,
              -2.1589336
            ],
            [
              115.5892687,
              -2.1586917
            ]
          ]
        ]
      },
      "properties": {
        "tipe": "Radius 500m (Bendera)",
        "color": "#00ff00",
        "fillColor": "#00ff00",
        "fillOpacity": 1.0,
        "weight": 1
      }
    },
    {
      "type": "Feature",
      "geometry": {
        "type": "Polygon",
        "coordinates": [
          [
            [
              115.5892687,
              -2.1586917
            ],
            [
              115.5896349,
              -2.1587969
            ],
            [
              115.589423,
              -2.1589336
            ],
            [
              115.5892687,
              -2.1586917
            ]
          ]
        ]
      },
      "properties": {
        "tipe": "Radius 500m (Bendera)",
        "color": "#00ff00",
        "fillColor": "#00ff00",
        "fillOpacity": 1.0,
        "weight": 1
      }
    },
    {
      "type": "Feature",
      "geometry": {
        "type": "Polygon",
        "coordinates": [
          [
            [
              115.5892687,
              -2.1586917
            ],
            [
              115.5896349,
              -2.1587969
            ],
            [
              115.589423,
              -2.1589336
            ],
            [
              115.5892687,
              -2.1586917
            ]
          ]
        ]
      },
      "properties": {
        "tipe": "Radius 500m (Bendera)",
        "color": "#00ff00",
        "fillColor": "#00ff00",
        "fillOpacity": 1.0,
        "weight": 1
      }
    },
    {
      "type": "Feature",
      "geometry": {
        "type": "Polygon",
        "coordinates": [
          [
            [
              115.5892687,
              -2.1586917
            ],
            [
              115.5896349,
              -2.1587969
            ],
            [
              115.589423,
              -2.1589336
            ],
            [
              115.5892687,
              -2.1586917
            ]
          ]
        ]
      },
      "properties": {
        "tipe": "Radius 500m (Bendera)",
        "color": "#00ff00",
        "fillColor": "#00ff00",
        "fillOpacity": 1.0,
        "weight": 1
      }
    },
    {
      "type": "Feature",
      "geometry": {
        "type": "Polygon",
        "coordinates": [
          [
            [
              115.5859899,
              -2.1592864
            ],
            [
              115.586356,
              -2.1593915
            ],
            [
              115.5861442,
              -2.1595283
            ],
            [
              115.5859899,
              -2.1592864
            ]
          ]
        ]
      },
      "properties": {
        "tipe": "Radius 500m (Bendera)",
        "color": "#00ff00",
        "fillColor": "#00ff00",
        "fillOpacity": 1.0,
        "weight": 1
      }
    },
    {
      "type": "Feature",
      "geometry": {
        "type": "Polygon",
        "coordinates": [
          [
            [
              115.5859899,
              -2.1592864
            ],
            [
              115.586356,
              -2.1593915
            ],
            [
              115.5861442,
              -2.1595283
            ],
            [
              115.5859899,
              -2.1592864
            ]
          ]
        ]
      },
      "properties": {
        "tipe": "Radius 500m (Bendera)",
        "color": "#00ff00",
        "fillColor": "#00ff00",
        "fillOpacity": 1.0,
        "weight": 1
      }
    },
    {
      "type": "Feature",
      "geometry": {
        "type": "Polygon",
        "coordinates": [
          [
            [
              115.5859899,
              -2.1592864
            ],
            [
              115.586356,
              -2.1593915
            ],
            [
              115.5861442,
              -2.1595283
            ],
            [
              115.5859899,
              -2.1592864
            ]
          ]
        ]
      },
      "properties": {
        "tipe": "Radius 500m (Bendera)",
        "color": "#00ff00",
        "fillColor": "#00ff00",
        "fillOpacity": 1.0,
        "weight": 1
      }
    },
    {
      "type": "Feature",
      "geometry": {
        "type": "Polygon",
        "coordinates": [
          [
            [
              115.5859899,
              -2.1592864
            ],
            [
              115.586356,
              -2.1593915
            ],
            [
              115.5861442,
              -2.1595283
            ],
            [
              115.5859899,
              -2.1592864
            ]
          ]
        ]
      },
      "properties": {
        "tipe": "Radius 500m (Bendera)",
        "color": "#00ff00",
        "fillColor": "#00ff00",
        "fillOpacity": 1.0,
        "weight": 1
      }
    },
    {
      "type": "Feature",
      "geometry": {
        "type": "Polygon",
        "coordinates": [
          [
            [
              115.5859899,
              -2.1592864
            ],
            [
              115.586356,
              -2.1593915
            ],
            [
              115.5861442,
              -2.1595283
            ],
            [
              115.5859899,
              -2.1592864
            ]
          ]
        ]
      },
      "properties": {
        "tipe": "Radius 500m (Bendera)",
        "color": "#00ff00",
        "fillColor": "#00ff00",
        "fillOpacity": 1.0,
        "weight": 1
      }
    },
    {
      "type": "Feature",
      "geometry": {
        "type": "Polygon",
        "coordinates": [
          [
            [
              115.5859899,
              -2.1592864
            ],
            [
              115.586356,
              -2.1593915
            ],
            [
              115.5861442,
              -2.1595283
            ],
            [
              115.5859899,
              -2.1592864
            ]
          ]
        ]
      },
      "properties": {
        "tipe": "Radius 500m (Bendera)",
        "color": "#00ff00",
        "fillColor": "#00ff00",
        "fillOpacity": 1.0,
        "weight": 1
      }
    },
    {
      "type": "Feature",
      "geometry": {
        "type": "Polygon",
        "coordinates": [
          [
            [
              115.5849687,
              -2.1590364
            ],
            [
              115.5853349,
              -2.1591415
            ],
            [
              115.585123,
              -2.1592782
            ],
            [
              115.5849687,
              -2.1590364
            ]
          ]
        ]
      },
      "properties": {
        "tipe": "Radius 500m (Bendera)",
        "color": "#00ff00",
        "fillColor": "#00ff00",
        "fillOpacity": 1.0,
        "weight": 1
      }
    },
    {
      "type": "Feature",
      "geometry": {
        "type": "Polygon",
        "coordinates": [
          [
            [
              115.5849687,
              -2.1590364
            ],
            [
              115.5853349,
              -2.1591415
            ],
            [
              115.585123,
              -2.1592782
            ],
            [
              115.5849687,
              -2.1590364
            ]
          ]
        ]
      },
      "properties": {
        "tipe": "Radius 500m (Bendera)",
        "color": "#00ff00",
        "fillColor": "#00ff00",
        "fillOpacity": 1.0,
        "weight": 1
      }
    },
    {
      "type": "Feature",
      "geometry": {
        "type": "Polygon",
        "coordinates": [
          [
            [
              115.5849687,
              -2.1590364
            ],
            [
              115.5853349,
              -2.1591415
            ],
            [
              115.585123,
              -2.1592782
            ],
            [
              115.5849687,
              -2.1590364
            ]
          ]
        ]
      },
      "properties": {
        "tipe": "Radius 500m (Bendera)",
        "color": "#00ff00",
        "fillColor": "#00ff00",
        "fillOpacity": 1.0,
        "weight": 1
      }
    },
    {
      "type": "Feature",
      "geometry": {
        "type": "Polygon",
        "coordinates": [
          [
            [
              115.5849687,
              -2.1590364
            ],
            [
              115.5853349,
              -2.1591415
            ],
            [
              115.585123,
              -2.1592782
            ],
            [
              115.5849687,
              -2.1590364
            ]
          ]
        ]
      },
      "properties": {
        "tipe": "Radius 500m (Bendera)",
        "color": "#00ff00",
        "fillColor": "#00ff00",
        "fillOpacity": 1.0,
        "weight": 1
      }
    },
    {
      "type": "Feature",
      "geometry": {
        "type": "Polygon",
        "coordinates": [
          [
            [
              115.5849687,
              -2.1590364
            ],
            [
              115.5853349,
              -2.1591415
            ],
            [
              115.585123,
              -2.1592782
            ],
            [
              115.5849687,
              -2.1590364
            ]
          ]
        ]
      },
      "properties": {
        "tipe": "Radius 500m (Bendera)",
        "color": "#00ff00",
        "fillColor": "#00ff00",
        "fillOpacity": 1.0,
        "weight": 1
      }
    },
    {
      "type": "Feature",
      "geometry": {
        "type": "Polygon",
        "coordinates": [
          [
            [
              115.5849687,
              -2.1590364
            ],
            [
              115.5853349,
              -2.1591415
            ],
            [
              115.585123,
              -2.1592782
            ],
            [
              115.5849687,
              -2.1590364
            ]
          ]
        ]
      },
      "properties": {
        "tipe": "Radius 500m (Bendera)",
        "color": "#00ff00",
        "fillColor": "#00ff00",
        "fillOpacity": 1.0,
        "weight": 1
      }
    },
    {
      "type": "Feature",
      "geometry": {
        "type": "Polygon",
        "coordinates": [
          [
            [
              115.58273,
              -2.1571432
            ],
            [
              115.5830962,
              -2.1572484
            ],
            [
              115.5828843,
              -2.1573851
            ],
            [
              115.58273,
              -2.1571432
            ]
          ]
        ]
      },
      "properties": {
        "tipe": "Radius 500m (Bendera)",
        "color": "#00ff00",
        "fillColor": "#00ff00",
        "fillOpacity": 1.0,
        "weight": 1
      }
    },
    {
      "type": "Feature",
      "geometry": {
        "type": "Polygon",
        "coordinates": [
          [
            [
              115.58273,
              -2.1571432
            ],
            [
              115.5830962,
              -2.1572484
            ],
            [
              115.5828843,
              -2.1573851
            ],
            [
              115.58273,
              -2.1571432
            ]
          ]
        ]
      },
      "properties": {
        "tipe": "Radius 500m (Bendera)",
        "color": "#00ff00",
        "fillColor": "#00ff00",
        "fillOpacity": 1.0,
        "weight": 1
      }
    },
    {
      "type": "Feature",
      "geometry": {
        "type": "Polygon",
        "coordinates": [
          [
            [
              115.58273,
              -2.1571432
            ],
            [
              115.5830962,
              -2.1572484
            ],
            [
              115.5828843,
              -2.1573851
            ],
            [
              115.58273,
              -2.1571432
            ]
          ]
        ]
      },
      "properties": {
        "tipe": "Radius 500m (Bendera)",
        "color": "#00ff00",
        "fillColor": "#00ff00",
        "fillOpacity": 1.0,
        "weight": 1
      }
    },
    {
      "type": "Feature",
      "geometry": {
        "type": "Polygon",
        "coordinates": [
          [
            [
              115.58273,
              -2.1571432
            ],
            [
              115.5830962,
              -2.1572484
            ],
            [
              115.5828843,
              -2.1573851
            ],
            [
              115.58273,
              -2.1571432
            ]
          ]
        ]
      },
      "properties": {
        "tipe": "Radius 500m (Bendera)",
        "color": "#00ff00",
        "fillColor": "#00ff00",
        "fillOpacity": 1.0,
        "weight": 1
      }
    },
    {
      "type": "Feature",
      "geometry": {
        "type": "Polygon",
        "coordinates": [
          [
            [
              115.58273,
              -2.1571432
            ],
            [
              115.5830962,
              -2.1572484
            ],
            [
              115.5828843,
              -2.1573851
            ],
            [
              115.58273,
              -2.1571432
            ]
          ]
        ]
      },
      "properties": {
        "tipe": "Radius 500m (Bendera)",
        "color": "#00ff00",
        "fillColor": "#00ff00",
        "fillOpacity": 1.0,
        "weight": 1
      }
    },
    {
      "type": "Feature",
      "geometry": {
        "type": "Polygon",
        "coordinates": [
          [
            [
              115.58273,
              -2.1571432
            ],
            [
              115.5830962,
              -2.1572484
            ],
            [
              115.5828843,
              -2.1573851
            ],
            [
              115.58273,
              -2.1571432
            ]
          ]
        ]
      },
      "properties": {
        "tipe": "Radius 500m (Bendera)",
        "color": "#00ff00",
        "fillColor": "#00ff00",
        "fillOpacity": 1.0,
        "weight": 1
      }
    },
    {
      "type": "Feature",
      "geometry": {
        "type": "Polygon",
        "coordinates": [
          [
            [
              115.5823381,
              -2.1563507
            ],
            [
              115.5827042,
              -2.1564558
            ],
            [
              115.5824924,
              -2.1565926
            ],
            [
              115.5823381,
              -2.1563507
            ]
          ]
        ]
      },
      "properties": {
        "tipe": "Radius 500m (Bendera)",
        "color": "#00ff00",
        "fillColor": "#00ff00",
        "fillOpacity": 1.0,
        "weight": 1
      }
    },
    {
      "type": "Feature",
      "geometry": {
        "type": "Polygon",
        "coordinates": [
          [
            [
              115.5823381,
              -2.1563507
            ],
            [
              115.5827042,
              -2.1564558
            ],
            [
              115.5824924,
              -2.1565926
            ],
            [
              115.5823381,
              -2.1563507
            ]
          ]
        ]
      },
      "properties": {
        "tipe": "Radius 500m (Bendera)",
        "color": "#00ff00",
        "fillColor": "#00ff00",
        "fillOpacity": 1.0,
        "weight": 1
      }
    },
    {
      "type": "Feature",
      "geometry": {
        "type": "Polygon",
        "coordinates": [
          [
            [
              115.5823381,
              -2.1563507
            ],
            [
              115.5827042,
              -2.1564558
            ],
            [
              115.5824924,
              -2.1565926
            ],
            [
              115.5823381,
              -2.1563507
            ]
          ]
        ]
      },
      "properties": {
        "tipe": "Radius 500m (Bendera)",
        "color": "#00ff00",
        "fillColor": "#00ff00",
        "fillOpacity": 1.0,
        "weight": 1
      }
    },
    {
      "type": "Feature",
      "geometry": {
        "type": "Polygon",
        "coordinates": [
          [
            [
              115.5823381,
              -2.1563507
            ],
            [
              115.5827042,
              -2.1564558
            ],
            [
              115.5824924,
              -2.1565926
            ],
            [
              115.5823381,
              -2.1563507
            ]
          ]
        ]
      },
      "properties": {
        "tipe": "Radius 500m (Bendera)",
        "color": "#00ff00",
        "fillColor": "#00ff00",
        "fillOpacity": 1.0,
        "weight": 1
      }
    },
    {
      "type": "Feature",
      "geometry": {
        "type": "Polygon",
        "coordinates": [
          [
            [
              115.5823381,
              -2.1563507
            ],
            [
              115.5827042,
              -2.1564558
            ],
            [
              115.5824924,
              -2.1565926
            ],
            [
              115.5823381,
              -2.1563507
            ]
          ]
        ]
      },
      "properties": {
        "tipe": "Radius 500m (Bendera)",
        "color": "#00ff00",
        "fillColor": "#00ff00",
        "fillOpacity": 1.0,
        "weight": 1
      }
    },
    {
      "type": "Feature",
      "geometry": {
        "type": "Polygon",
        "coordinates": [
          [
            [
              115.5823381,
              -2.1563507
            ],
            [
              115.5827042,
              -2.1564558
            ],
            [
              115.5824924,
              -2.1565926
            ],
            [
              115.5823381,
              -2.1563507
            ]
          ]
        ]
      },
      "properties": {
        "tipe": "Radius 500m (Bendera)",
        "color": "#00ff00",
        "fillColor": "#00ff00",
        "fillOpacity": 1.0,
        "weight": 1
      }
    },
    {
      "type": "Feature",
      "geometry": {
        "type": "LineString",
        "coordinates": [
          [
            115.5930869,
            -2.1536469
          ],
          [
            115.5930838,
            -2.1536422
          ],
          [
            115.5930805,
            -2.1536377
          ],
          [
            115.593077,
            -2.1536333
          ],
          [
            115.5930733,
            -2.1536291
          ],
          [
            115.5930694,
            -2.1536251
          ],
          [
            115.5930654,
            -2.1536212
          ],
          [
            115.5930612,
            -2.1536176
          ],
          [
            115.5930569,
            -2.1536141
          ],
          [
            115.5930523,
            -2.1536108
          ],
          [
            115.5930477,
            -2.1536077
          ],
          [
            115.5930429,
            -2.1536048
          ],
          [
            115.593038,
            -2.1536021
          ],
          [
            115.593033,
            -2.1535996
          ],
          [
            115.5930279,
            -2.1535974
          ],
          [
            115.5930227,
            -2.1535954
          ],
          [
            115.5930174,
            -2.1535936
          ],
          [
            115.5930121,
            -2.153592
          ],
          [
            115.5930067,
            -2.1535907
          ],
          [
            115.5930012,
            -2.1535896
          ],
          [
            115.5929957,
            -2.1535888
          ],
          [
            115.5929902,
            -2.1535882
          ],
          [
            115.5929846,
            -2.1535879
          ],
          [
            115.592979,
            -2.1535878
          ],
          [
            115.5929735,
            -2.1535879
          ],
          [
            115.5929679,
            -2.1535883
          ],
          [
            115.5929624,
            -2.1535889
          ],
          [
            115.5929569,
            -2.1535898
          ],
          [
            115.5929514,
            -2.1535909
          ],
          [
            115.592946,
            -2.1535923
          ],
          [
            115.5929406,
            -2.1535938
          ],
          [
            115.5929354,
            -2.1535957
          ],
          [
            115.5929302,
            -2.1535977
          ],
          [
            115.5929251,
            -2.1536
          ],
          [
            115.5929201,
            -2.1536025
          ],
          [
            115.5929152,
            -2.1536052
          ],
          [
            115.5929105,
            -2.1536081
          ],
          [
            115.5929059,
            -2.1536112
          ],
          [
            115.5929014,
            -2.1536146
          ],
          [
            115.592897,
            -2.1536181
          ],
          [
            115.5928929,
            -2.1536218
          ],
          [
            115.5928889,
            -2.1536257
          ],
          [
            115.592885,
            -2.1536297
          ],
          [
            115.5928814,
            -2.153634
          ],
          [
            115.5928779,
            -2.1536384
          ],
          [
            115.5928746,
            -2.1536429
          ],
          [
            115.5928715,
            -2.1536476
          ],
          [
            115.5928686,
            -2.1536524
          ],
          [
            115.592866,
            -2.1536573
          ],
          [
            115.5928635,
            -2.1536623
          ],
          [
            115.5928613,
            -2.1536675
          ],
          [
            115.5928593,
            -2.1536727
          ],
          [
            115.5928575,
            -2.153678
          ],
          [
            115.592856,
            -2.1536834
          ],
          [
            115.5928547,
            -2.1536888
          ],
          [
            115.5928536,
            -2.1536943
          ],
          [
            115.5928528,
            -2.1536999
          ],
          [
            115.5928522,
            -2.1537055
          ],
          [
            115.5928519,
            -2.153711
          ],
          [
            115.5928517,
            -2.1537167
          ],
          [
            115.5928519,
            -2.1537223
          ],
          [
            115.5928523,
            -2.1537278
          ],
          [
            115.5928529,
            -2.1537334
          ],
          [
            115.5928538,
            -2.1537389
          ],
          [
            115.5928549,
            -2.1537444
          ],
          [
            115.5928562,
            -2.1537499
          ],
          [
            115.5928578,
            -2.1537553
          ],
          [
            115.5928596,
            -2.1537606
          ],
          [
            115.5928616,
            -2.1537658
          ],
          [
            115.5928639,
            -2.1537709
          ],
          [
            115.5928664,
            -2.1537759
          ],
          [
            115.5928691,
            -2.1537808
          ],
          [
            115.592872,
            -2.1537856
          ],
          [
            115.5928751,
            -2.1537903
          ],
          [
            115.5928784,
            -2.1537948
          ],
          [
            115.5928819,
            -2.1537991
          ],
          [
            115.5928856,
            -2.1538033
          ],
          [
            115.5928894,
            -2.1538074
          ],
          [
            115.5928935,
            -2.1538112
          ],
          [
            115.5928977,
            -2.1538149
          ],
          [
            115.592902,
            -2.1538184
          ],
          [
            115.5929065,
            -2.1538217
          ],
          [
            115.5929112,
            -2.1538248
          ],
          [
            115.592916,
            -2.1538277
          ],
          [
            115.5929208,
            -2.1538304
          ],
          [
            115.5929259,
            -2.1538328
          ],
          [
            115.592931,
            -2.1538351
          ],
          [
            115.5929362,
            -2.1538371
          ],
          [
            115.5929414,
            -2.1538389
          ],
          [
            115.5929468,
            -2.1538404
          ],
          [
            115.5929522,
            -2.1538417
          ],
          [
            115.5929577,
            -2.1538428
          ],
          [
            115.5929632,
            -2.1538437
          ],
          [
            115.5929687,
            -2.1538443
          ],
          [
            115.5929743,
            -2.1538446
          ],
          [
            115.5929799,
            -2.1538447
          ],
          [
            115.5929854,
            -2.1538446
          ],
          [
            115.592991,
            -2.1538442
          ],
          [
            115.5929965,
            -2.1538435
          ],
          [
            115.593002,
            -2.1538427
          ],
          [
            115.5930075,
            -2.1538416
          ],
          [
            115.5930129,
            -2.1538402
          ],
          [
            115.5930182,
            -2.1538386
          ],
          [
            115.5930235,
            -2.1538368
          ],
          [
            115.5930287,
            -2.1538348
          ],
          [
            115.5930338,
            -2.1538325
          ],
          [
            115.5930388,
            -2.15383
          ],
          [
            115.5930437,
            -2.1538273
          ],
          [
            115.5930484,
            -2.1538243
          ],
          [
            115.593053,
            -2.1538212
          ],
          [
            115.5930575,
            -2.1538179
          ],
          [
            115.5930618,
            -2.1538144
          ],
          [
            115.593066,
            -2.1538107
          ],
          [
            115.59307,
            -2.1538068
          ],
          [
            115.5930739,
            -2.1538027
          ],
          [
            115.5930775,
            -2.1537985
          ],
          [
            115.593081,
            -2.1537941
          ],
          [
            115.5930843,
            -2.1537896
          ],
          [
            115.5930874,
            -2.1537849
          ],
          [
            115.5930902,
            -2.1537801
          ],
          [
            115.5930929,
            -2.1537752
          ],
          [
            115.5930954,
            -2.1537702
          ],
          [
            115.5930976,
            -2.153765
          ],
          [
            115.5930996,
            -2.1537598
          ],
          [
            115.5931014,
            -2.1537545
          ],
          [
            115.5931029,
            -2.1537491
          ],
          [
            115.5931042,
            -2.1537436
          ],
          [
            115.5931053,
            -2.1537381
          ],
          [
            115.5931061,
            -2.1537326
          ],
          [
            115.5931067,
            -2.153727
          ],
          [
            115.593107,
            -2.1537214
          ],
          [
            115.5931071,
            -2.1537158
          ],
          [
            115.593107,
            -2.1537102
          ],
          [
            115.5931066,
            -2.1537046
          ],
          [
            115.593106,
            -2.153699
          ],
          [
            115.5931051,
            -2.1536935
          ],
          [
            115.593104,
            -2.153688
          ],
          [
            115.5931027,
            -2.1536826
          ],
          [
            115.5931011,
            -2.1536772
          ],
          [
            115.5930993,
            -2.1536719
          ],
          [
            115.5930973,
            -2.1536667
          ],
          [
            115.593095,
            -2.1536616
          ],
          [
            115.5930925,
            -2.1536565
          ],
          [
            115.5930898,
            -2.1536516
          ],
          [
            115.5930869,
            -2.1536469
          ]
        ]
      },
      "properties": {
        "tipe": "Radius 500m",
        "color": "#00ff00",
        "weight": 2.5,
        "fill": false
      }
    },
    {
      "type": "Feature",
      "geometry": {
        "type": "LineString",
        "coordinates": [
          [
            115.5849687,
            -2.1590364
          ],
          [
            115.5853496,
            -2.1596336
          ]
        ]
      },
      "properties": {
        "tipe": "Radius 500m",
        "color": "#00ff00",
        "weight": 2.5,
        "fill": false
      }
    },
    {
      "type": "Feature",
      "geometry": {
        "type": "LineString",
        "coordinates": [
          [
            115.5859899,
            -2.1592864
          ],
          [
            115.5863708,
            -2.1598836
          ]
        ]
      },
      "properties": {
        "tipe": "Radius 500m",
        "color": "#00ff00",
        "weight": 2.5,
        "fill": false
      }
    },
    {
      "type": "Feature",
      "geometry": {
        "type": "LineString",
        "coordinates": [
          [
            115.5892687,
            -2.1586917
          ],
          [
            115.5896496,
            -2.1592889
          ]
        ]
      },
      "properties": {
        "tipe": "Radius 500m",
        "color": "#00ff00",
        "weight": 2.5,
        "fill": false
      }
    },
    {
      "type": "Feature",
      "geometry": {
        "type": "LineString",
        "coordinates": [
          [
            115.5922452,
            -2.1544529
          ],
          [
            115.5926261,
            -2.1550501
          ]
        ]
      },
      "properties": {
        "tipe": "Radius 500m",
        "color": "#00ff00",
        "weight": 2.5,
        "fill": false
      }
    },
    {
      "type": "Feature",
      "geometry": {
        "type": "LineString",
        "coordinates": [
          [
            115.592506,
            -2.1532626
          ],
          [
            115.5928869,
            -2.1538598
          ]
        ]
      },
      "properties": {
        "tipe": "Radius 500m",
        "color": "#00ff00",
        "weight": 2.5,
        "fill": false
      }
    },
    {
      "type": "Feature",
      "geometry": {
        "type": "LineString",
        "coordinates": [
          [
            115.5924814,
            -2.1529943
          ],
          [
            115.5928623,
            -2.1535915
          ]
        ]
      },
      "properties": {
        "tipe": "Radius 500m",
        "color": "#00ff00",
        "weight": 2.5,
        "fill": false
      }
    },
    {
      "type": "Feature",
      "geometry": {
        "type": "LineString",
        "coordinates": [
          [
            115.5924492,
            -2.1522955
          ],
          [
            115.5928301,
            -2.1528927
          ]
        ]
      },
      "properties": {
        "tipe": "Radius 500m",
        "color": "#00ff00",
        "weight": 2.5,
        "fill": false
      }
    },
    {
      "type": "Feature",
      "geometry": {
        "type": "LineString",
        "coordinates": [
          [
            115.5918764,
            -2.1505903
          ],
          [
            115.5922573,
            -2.1511875
          ]
        ]
      },
      "properties": {
        "tipe": "Radius 500m",
        "color": "#00ff00",
        "weight": 2.5,
        "fill": false
      }
    },
    {
      "type": "Feature",
      "geometry": {
        "type": "LineString",
        "coordinates": [
          [
            115.5910108,
            -2.1494865
          ],
          [
            115.5913917,
            -2.1500837
          ]
        ]
      },
      "properties": {
        "tipe": "Radius 500m",
        "color": "#00ff00",
        "weight": 2.5,
        "fill": false
      }
    },
    {
      "type": "Feature",
      "geometry": {
        "type": "LineString",
        "coordinates": [
          [
            115.5906215,
            -2.1491602
          ],
          [
            115.5910024,
            -2.1497574
          ]
        ]
      },
      "properties": {
        "tipe": "Radius 500m",
        "color": "#00ff00",
        "weight": 2.5,
        "fill": false
      }
    },
    {
      "type": "Feature",
      "geometry": {
        "type": "LineString",
        "coordinates": [
          [
            115.5890115,
            -2.148361
          ],
          [
            115.5893924,
            -2.1489582
          ]
        ]
      },
      "properties": {
        "tipe": "Radius 500m",
        "color": "#00ff00",
        "weight": 2.5,
        "fill": false
      }
    },
    {
      "type": "Feature",
      "geometry": {
        "type": "LineString",
        "coordinates": [
          [
            115.5875078,
            -2.1482093
          ],
          [
            115.5878887,
            -2.1488065
          ]
        ]
      },
      "properties": {
        "tipe": "Radius 500m",
        "color": "#00ff00",
        "weight": 2.5,
        "fill": false
      }
    },
    {
      "type": "Feature",
      "geometry": {
        "type": "LineString",
        "coordinates": [
          [
            115.5870276,
            -2.1482675
          ],
          [
            115.5874085,
            -2.1488647
          ]
        ]
      },
      "properties": {
        "tipe": "Radius 500m",
        "color": "#00ff00",
        "weight": 2.5,
        "fill": false
      }
    },
    {
      "type": "Feature",
      "geometry": {
        "type": "LineString",
        "coordinates": [
          [
            115.5823381,
            -2.1563507
          ],
          [
            115.582719,
            -2.1569479
          ]
        ]
      },
      "properties": {
        "tipe": "Radius 500m",
        "color": "#00ff00",
        "weight": 2.5,
        "fill": false
      }
    },
    {
      "type": "Feature",
      "geometry": {
        "type": "LineString",
        "coordinates": [
          [
            115.58273,
            -2.1571432
          ],
          [
            115.5831109,
            -2.1577404
          ]
        ]
      },
      "properties": {
        "tipe": "Radius 500m",
        "color": "#00ff00",
        "weight": 2.5,
        "fill": false
      }
    },
    {
      "type": "Feature",
      "geometry": {
        "type": "Polygon",
        "coordinates": [
          [
            [
              115.5875907,
              -2.1788621
            ],
            [
              115.5879568,
              -2.1789672
            ],
            [
              115.5877449,
              -2.179104
            ],
            [
              115.5875907,
              -2.1788621
            ]
          ]
        ]
      },
      "properties": {
        "tipe": "Radius 500m (Bendera)",
        "color": "#00ff00",
        "fillColor": "#00ff00",
        "fillOpacity": 1.0,
        "weight": 1
      }
    },
    {
      "type": "Feature",
      "geometry": {
        "type": "Polygon",
        "coordinates": [
          [
            [
              115.5875907,
              -2.1788621
            ],
            [
              115.5879568,
              -2.1789672
            ],
            [
              115.5877449,
              -2.179104
            ],
            [
              115.5875907,
              -2.1788621
            ]
          ]
        ]
      },
      "properties": {
        "tipe": "Radius 500m (Bendera)",
        "color": "#00ff00",
        "fillColor": "#00ff00",
        "fillOpacity": 1.0,
        "weight": 1
      }
    },
    {
      "type": "Feature",
      "geometry": {
        "type": "Polygon",
        "coordinates": [
          [
            [
              115.5875907,
              -2.1788621
            ],
            [
              115.5879568,
              -2.1789672
            ],
            [
              115.5877449,
              -2.179104
            ],
            [
              115.5875907,
              -2.1788621
            ]
          ]
        ]
      },
      "properties": {
        "tipe": "Radius 500m (Bendera)",
        "color": "#00ff00",
        "fillColor": "#00ff00",
        "fillOpacity": 1.0,
        "weight": 1
      }
    },
    {
      "type": "Feature",
      "geometry": {
        "type": "Polygon",
        "coordinates": [
          [
            [
              115.5875907,
              -2.1788621
            ],
            [
              115.5879568,
              -2.1789672
            ],
            [
              115.5877449,
              -2.179104
            ],
            [
              115.5875907,
              -2.1788621
            ]
          ]
        ]
      },
      "properties": {
        "tipe": "Radius 500m (Bendera)",
        "color": "#00ff00",
        "fillColor": "#00ff00",
        "fillOpacity": 1.0,
        "weight": 1
      }
    },
    {
      "type": "Feature",
      "geometry": {
        "type": "Polygon",
        "coordinates": [
          [
            [
              115.5875907,
              -2.1788621
            ],
            [
              115.5879568,
              -2.1789672
            ],
            [
              115.5877449,
              -2.179104
            ],
            [
              115.5875907,
              -2.1788621
            ]
          ]
        ]
      },
      "properties": {
        "tipe": "Radius 500m (Bendera)",
        "color": "#00ff00",
        "fillColor": "#00ff00",
        "fillOpacity": 1.0,
        "weight": 1
      }
    },
    {
      "type": "Feature",
      "geometry": {
        "type": "Polygon",
        "coordinates": [
          [
            [
              115.5875907,
              -2.1788621
            ],
            [
              115.5879568,
              -2.1789672
            ],
            [
              115.5877449,
              -2.179104
            ],
            [
              115.5875907,
              -2.1788621
            ]
          ]
        ]
      },
      "properties": {
        "tipe": "Radius 500m (Bendera)",
        "color": "#00ff00",
        "fillColor": "#00ff00",
        "fillOpacity": 1.0,
        "weight": 1
      }
    },
    {
      "type": "Feature",
      "geometry": {
        "type": "Polygon",
        "coordinates": [
          [
            [
              115.5881943,
              -2.1788685
            ],
            [
              115.5885604,
              -2.1789736
            ],
            [
              115.5883485,
              -2.1791103
            ],
            [
              115.5881943,
              -2.1788685
            ]
          ]
        ]
      },
      "properties": {
        "tipe": "Radius 500m (Bendera)",
        "color": "#00ff00",
        "fillColor": "#00ff00",
        "fillOpacity": 1.0,
        "weight": 1
      }
    },
    {
      "type": "Feature",
      "geometry": {
        "type": "Polygon",
        "coordinates": [
          [
            [
              115.5881943,
              -2.1788685
            ],
            [
              115.5885604,
              -2.1789736
            ],
            [
              115.5883485,
              -2.1791103
            ],
            [
              115.5881943,
              -2.1788685
            ]
          ]
        ]
      },
      "properties": {
        "tipe": "Radius 500m (Bendera)",
        "color": "#00ff00",
        "fillColor": "#00ff00",
        "fillOpacity": 1.0,
        "weight": 1
      }
    },
    {
      "type": "Feature",
      "geometry": {
        "type": "Polygon",
        "coordinates": [
          [
            [
              115.5881943,
              -2.1788685
            ],
            [
              115.5885604,
              -2.1789736
            ],
            [
              115.5883485,
              -2.1791103
            ],
            [
              115.5881943,
              -2.1788685
            ]
          ]
        ]
      },
      "properties": {
        "tipe": "Radius 500m (Bendera)",
        "color": "#00ff00",
        "fillColor": "#00ff00",
        "fillOpacity": 1.0,
        "weight": 1
      }
    },
    {
      "type": "Feature",
      "geometry": {
        "type": "Polygon",
        "coordinates": [
          [
            [
              115.5881943,
              -2.1788685
            ],
            [
              115.5885604,
              -2.1789736
            ],
            [
              115.5883485,
              -2.1791103
            ],
            [
              115.5881943,
              -2.1788685
            ]
          ]
        ]
      },
      "properties": {
        "tipe": "Radius 500m (Bendera)",
        "color": "#00ff00",
        "fillColor": "#00ff00",
        "fillOpacity": 1.0,
        "weight": 1
      }
    },
    {
      "type": "Feature",
      "geometry": {
        "type": "Polygon",
        "coordinates": [
          [
            [
              115.5881943,
              -2.1788685
            ],
            [
              115.5885604,
              -2.1789736
            ],
            [
              115.5883485,
              -2.1791103
            ],
            [
              115.5881943,
              -2.1788685
            ]
          ]
        ]
      },
      "properties": {
        "tipe": "Radius 500m (Bendera)",
        "color": "#00ff00",
        "fillColor": "#00ff00",
        "fillOpacity": 1.0,
        "weight": 1
      }
    },
    {
      "type": "Feature",
      "geometry": {
        "type": "Polygon",
        "coordinates": [
          [
            [
              115.5881943,
              -2.1788685
            ],
            [
              115.5885604,
              -2.1789736
            ],
            [
              115.5883485,
              -2.1791103
            ],
            [
              115.5881943,
              -2.1788685
            ]
          ]
        ]
      },
      "properties": {
        "tipe": "Radius 500m (Bendera)",
        "color": "#00ff00",
        "fillColor": "#00ff00",
        "fillOpacity": 1.0,
        "weight": 1
      }
    },
    {
      "type": "Feature",
      "geometry": {
        "type": "Polygon",
        "coordinates": [
          [
            [
              115.5894394,
              -2.1789881
            ],
            [
              115.5898055,
              -2.1790932
            ],
            [
              115.5895936,
              -2.17923
            ],
            [
              115.5894394,
              -2.1789881
            ]
          ]
        ]
      },
      "properties": {
        "tipe": "Radius 500m (Bendera)",
        "color": "#00ff00",
        "fillColor": "#00ff00",
        "fillOpacity": 1.0,
        "weight": 1
      }
    },
    {
      "type": "Feature",
      "geometry": {
        "type": "Polygon",
        "coordinates": [
          [
            [
              115.5894394,
              -2.1789881
            ],
            [
              115.5898055,
              -2.1790932
            ],
            [
              115.5895936,
              -2.17923
            ],
            [
              115.5894394,
              -2.1789881
            ]
          ]
        ]
      },
      "properties": {
        "tipe": "Radius 500m (Bendera)",
        "color": "#00ff00",
        "fillColor": "#00ff00",
        "fillOpacity": 1.0,
        "weight": 1
      }
    },
    {
      "type": "Feature",
      "geometry": {
        "type": "Polygon",
        "coordinates": [
          [
            [
              115.5894394,
              -2.1789881
            ],
            [
              115.5898055,
              -2.1790932
            ],
            [
              115.5895936,
              -2.17923
            ],
            [
              115.5894394,
              -2.1789881
            ]
          ]
        ]
      },
      "properties": {
        "tipe": "Radius 500m (Bendera)",
        "color": "#00ff00",
        "fillColor": "#00ff00",
        "fillOpacity": 1.0,
        "weight": 1
      }
    },
    {
      "type": "Feature",
      "geometry": {
        "type": "Polygon",
        "coordinates": [
          [
            [
              115.5894394,
              -2.1789881
            ],
            [
              115.5898055,
              -2.1790932
            ],
            [
              115.5895936,
              -2.17923
            ],
            [
              115.5894394,
              -2.1789881
            ]
          ]
        ]
      },
      "properties": {
        "tipe": "Radius 500m (Bendera)",
        "color": "#00ff00",
        "fillColor": "#00ff00",
        "fillOpacity": 1.0,
        "weight": 1
      }
    },
    {
      "type": "Feature",
      "geometry": {
        "type": "Polygon",
        "coordinates": [
          [
            [
              115.5894394,
              -2.1789881
            ],
            [
              115.5898055,
              -2.1790932
            ],
            [
              115.5895936,
              -2.17923
            ],
            [
              115.5894394,
              -2.1789881
            ]
          ]
        ]
      },
      "properties": {
        "tipe": "Radius 500m (Bendera)",
        "color": "#00ff00",
        "fillColor": "#00ff00",
        "fillOpacity": 1.0,
        "weight": 1
      }
    },
    {
      "type": "Feature",
      "geometry": {
        "type": "Polygon",
        "coordinates": [
          [
            [
              115.5894394,
              -2.1789881
            ],
            [
              115.5898055,
              -2.1790932
            ],
            [
              115.5895936,
              -2.17923
            ],
            [
              115.5894394,
              -2.1789881
            ]
          ]
        ]
      },
      "properties": {
        "tipe": "Radius 500m (Bendera)",
        "color": "#00ff00",
        "fillColor": "#00ff00",
        "fillOpacity": 1.0,
        "weight": 1
      }
    },
    {
      "type": "Feature",
      "geometry": {
        "type": "Polygon",
        "coordinates": [
          [
            [
              115.5903443,
              -2.1793418
            ],
            [
              115.5907105,
              -2.1794469
            ],
            [
              115.5904986,
              -2.1795837
            ],
            [
              115.5903443,
              -2.1793418
            ]
          ]
        ]
      },
      "properties": {
        "tipe": "Radius 500m (Bendera)",
        "color": "#00ff00",
        "fillColor": "#00ff00",
        "fillOpacity": 1.0,
        "weight": 1
      }
    },
    {
      "type": "Feature",
      "geometry": {
        "type": "Polygon",
        "coordinates": [
          [
            [
              115.5903443,
              -2.1793418
            ],
            [
              115.5907105,
              -2.1794469
            ],
            [
              115.5904986,
              -2.1795837
            ],
            [
              115.5903443,
              -2.1793418
            ]
          ]
        ]
      },
      "properties": {
        "tipe": "Radius 500m (Bendera)",
        "color": "#00ff00",
        "fillColor": "#00ff00",
        "fillOpacity": 1.0,
        "weight": 1
      }
    },
    {
      "type": "Feature",
      "geometry": {
        "type": "Polygon",
        "coordinates": [
          [
            [
              115.5903443,
              -2.1793418
            ],
            [
              115.5907105,
              -2.1794469
            ],
            [
              115.5904986,
              -2.1795837
            ],
            [
              115.5903443,
              -2.1793418
            ]
          ]
        ]
      },
      "properties": {
        "tipe": "Radius 500m (Bendera)",
        "color": "#00ff00",
        "fillColor": "#00ff00",
        "fillOpacity": 1.0,
        "weight": 1
      }
    },
    {
      "type": "Feature",
      "geometry": {
        "type": "Polygon",
        "coordinates": [
          [
            [
              115.5903443,
              -2.1793418
            ],
            [
              115.5907105,
              -2.1794469
            ],
            [
              115.5904986,
              -2.1795837
            ],
            [
              115.5903443,
              -2.1793418
            ]
          ]
        ]
      },
      "properties": {
        "tipe": "Radius 500m (Bendera)",
        "color": "#00ff00",
        "fillColor": "#00ff00",
        "fillOpacity": 1.0,
        "weight": 1
      }
    },
    {
      "type": "Feature",
      "geometry": {
        "type": "Polygon",
        "coordinates": [
          [
            [
              115.5903443,
              -2.1793418
            ],
            [
              115.5907105,
              -2.1794469
            ],
            [
              115.5904986,
              -2.1795837
            ],
            [
              115.5903443,
              -2.1793418
            ]
          ]
        ]
      },
      "properties": {
        "tipe": "Radius 500m (Bendera)",
        "color": "#00ff00",
        "fillColor": "#00ff00",
        "fillOpacity": 1.0,
        "weight": 1
      }
    },
    {
      "type": "Feature",
      "geometry": {
        "type": "Polygon",
        "coordinates": [
          [
            [
              115.5903443,
              -2.1793418
            ],
            [
              115.5907105,
              -2.1794469
            ],
            [
              115.5904986,
              -2.1795837
            ],
            [
              115.5903443,
              -2.1793418
            ]
          ]
        ]
      },
      "properties": {
        "tipe": "Radius 500m (Bendera)",
        "color": "#00ff00",
        "fillColor": "#00ff00",
        "fillOpacity": 1.0,
        "weight": 1
      }
    },
    {
      "type": "Feature",
      "geometry": {
        "type": "Polygon",
        "coordinates": [
          [
            [
              115.5920333,
              -2.1808335
            ],
            [
              115.5923994,
              -2.1809387
            ],
            [
              115.5921875,
              -2.1810754
            ],
            [
              115.5920333,
              -2.1808335
            ]
          ]
        ]
      },
      "properties": {
        "tipe": "Radius 500m (Bendera)",
        "color": "#00ff00",
        "fillColor": "#00ff00",
        "fillOpacity": 1.0,
        "weight": 1
      }
    },
    {
      "type": "Feature",
      "geometry": {
        "type": "Polygon",
        "coordinates": [
          [
            [
              115.5920333,
              -2.1808335
            ],
            [
              115.5923994,
              -2.1809387
            ],
            [
              115.5921875,
              -2.1810754
            ],
            [
              115.5920333,
              -2.1808335
            ]
          ]
        ]
      },
      "properties": {
        "tipe": "Radius 500m (Bendera)",
        "color": "#00ff00",
        "fillColor": "#00ff00",
        "fillOpacity": 1.0,
        "weight": 1
      }
    },
    {
      "type": "Feature",
      "geometry": {
        "type": "Polygon",
        "coordinates": [
          [
            [
              115.5920333,
              -2.1808335
            ],
            [
              115.5923994,
              -2.1809387
            ],
            [
              115.5921875,
              -2.1810754
            ],
            [
              115.5920333,
              -2.1808335
            ]
          ]
        ]
      },
      "properties": {
        "tipe": "Radius 500m (Bendera)",
        "color": "#00ff00",
        "fillColor": "#00ff00",
        "fillOpacity": 1.0,
        "weight": 1
      }
    },
    {
      "type": "Feature",
      "geometry": {
        "type": "Polygon",
        "coordinates": [
          [
            [
              115.5920333,
              -2.1808335
            ],
            [
              115.5923994,
              -2.1809387
            ],
            [
              115.5921875,
              -2.1810754
            ],
            [
              115.5920333,
              -2.1808335
            ]
          ]
        ]
      },
      "properties": {
        "tipe": "Radius 500m (Bendera)",
        "color": "#00ff00",
        "fillColor": "#00ff00",
        "fillOpacity": 1.0,
        "weight": 1
      }
    },
    {
      "type": "Feature",
      "geometry": {
        "type": "Polygon",
        "coordinates": [
          [
            [
              115.5920333,
              -2.1808335
            ],
            [
              115.5923994,
              -2.1809387
            ],
            [
              115.5921875,
              -2.1810754
            ],
            [
              115.5920333,
              -2.1808335
            ]
          ]
        ]
      },
      "properties": {
        "tipe": "Radius 500m (Bendera)",
        "color": "#00ff00",
        "fillColor": "#00ff00",
        "fillOpacity": 1.0,
        "weight": 1
      }
    },
    {
      "type": "Feature",
      "geometry": {
        "type": "Polygon",
        "coordinates": [
          [
            [
              115.5920333,
              -2.1808335
            ],
            [
              115.5923994,
              -2.1809387
            ],
            [
              115.5921875,
              -2.1810754
            ],
            [
              115.5920333,
              -2.1808335
            ]
          ]
        ]
      },
      "properties": {
        "tipe": "Radius 500m (Bendera)",
        "color": "#00ff00",
        "fillColor": "#00ff00",
        "fillOpacity": 1.0,
        "weight": 1
      }
    },
    {
      "type": "Feature",
      "geometry": {
        "type": "Polygon",
        "coordinates": [
          [
            [
              115.5926589,
              -2.181944
            ],
            [
              115.5930251,
              -2.1820491
            ],
            [
              115.5928132,
              -2.1821859
            ],
            [
              115.5926589,
              -2.181944
            ]
          ]
        ]
      },
      "properties": {
        "tipe": "Radius 500m (Bendera)",
        "color": "#00ff00",
        "fillColor": "#00ff00",
        "fillOpacity": 1.0,
        "weight": 1
      }
    },
    {
      "type": "Feature",
      "geometry": {
        "type": "Polygon",
        "coordinates": [
          [
            [
              115.5926589,
              -2.181944
            ],
            [
              115.5930251,
              -2.1820491
            ],
            [
              115.5928132,
              -2.1821859
            ],
            [
              115.5926589,
              -2.181944
            ]
          ]
        ]
      },
      "properties": {
        "tipe": "Radius 500m (Bendera)",
        "color": "#00ff00",
        "fillColor": "#00ff00",
        "fillOpacity": 1.0,
        "weight": 1
      }
    },
    {
      "type": "Feature",
      "geometry": {
        "type": "Polygon",
        "coordinates": [
          [
            [
              115.5926589,
              -2.181944
            ],
            [
              115.5930251,
              -2.1820491
            ],
            [
              115.5928132,
              -2.1821859
            ],
            [
              115.5926589,
              -2.181944
            ]
          ]
        ]
      },
      "properties": {
        "tipe": "Radius 500m (Bendera)",
        "color": "#00ff00",
        "fillColor": "#00ff00",
        "fillOpacity": 1.0,
        "weight": 1
      }
    },
    {
      "type": "Feature",
      "geometry": {
        "type": "Polygon",
        "coordinates": [
          [
            [
              115.5926589,
              -2.181944
            ],
            [
              115.5930251,
              -2.1820491
            ],
            [
              115.5928132,
              -2.1821859
            ],
            [
              115.5926589,
              -2.181944
            ]
          ]
        ]
      },
      "properties": {
        "tipe": "Radius 500m (Bendera)",
        "color": "#00ff00",
        "fillColor": "#00ff00",
        "fillOpacity": 1.0,
        "weight": 1
      }
    },
    {
      "type": "Feature",
      "geometry": {
        "type": "Polygon",
        "coordinates": [
          [
            [
              115.5926589,
              -2.181944
            ],
            [
              115.5930251,
              -2.1820491
            ],
            [
              115.5928132,
              -2.1821859
            ],
            [
              115.5926589,
              -2.181944
            ]
          ]
        ]
      },
      "properties": {
        "tipe": "Radius 500m (Bendera)",
        "color": "#00ff00",
        "fillColor": "#00ff00",
        "fillOpacity": 1.0,
        "weight": 1
      }
    },
    {
      "type": "Feature",
      "geometry": {
        "type": "Polygon",
        "coordinates": [
          [
            [
              115.5926589,
              -2.181944
            ],
            [
              115.5930251,
              -2.1820491
            ],
            [
              115.5928132,
              -2.1821859
            ],
            [
              115.5926589,
              -2.181944
            ]
          ]
        ]
      },
      "properties": {
        "tipe": "Radius 500m (Bendera)",
        "color": "#00ff00",
        "fillColor": "#00ff00",
        "fillOpacity": 1.0,
        "weight": 1
      }
    },
    {
      "type": "Feature",
      "geometry": {
        "type": "Polygon",
        "coordinates": [
          [
            [
              115.5928429,
              -2.1846556
            ],
            [
              115.5932091,
              -2.1847607
            ],
            [
              115.5929972,
              -2.1848975
            ],
            [
              115.5928429,
              -2.1846556
            ]
          ]
        ]
      },
      "properties": {
        "tipe": "Radius 500m (Bendera)",
        "color": "#00ff00",
        "fillColor": "#00ff00",
        "fillOpacity": 1.0,
        "weight": 1
      }
    },
    {
      "type": "Feature",
      "geometry": {
        "type": "Polygon",
        "coordinates": [
          [
            [
              115.5928429,
              -2.1846556
            ],
            [
              115.5932091,
              -2.1847607
            ],
            [
              115.5929972,
              -2.1848975
            ],
            [
              115.5928429,
              -2.1846556
            ]
          ]
        ]
      },
      "properties": {
        "tipe": "Radius 500m (Bendera)",
        "color": "#00ff00",
        "fillColor": "#00ff00",
        "fillOpacity": 1.0,
        "weight": 1
      }
    },
    {
      "type": "Feature",
      "geometry": {
        "type": "Polygon",
        "coordinates": [
          [
            [
              115.5928429,
              -2.1846556
            ],
            [
              115.5932091,
              -2.1847607
            ],
            [
              115.5929972,
              -2.1848975
            ],
            [
              115.5928429,
              -2.1846556
            ]
          ]
        ]
      },
      "properties": {
        "tipe": "Radius 500m (Bendera)",
        "color": "#00ff00",
        "fillColor": "#00ff00",
        "fillOpacity": 1.0,
        "weight": 1
      }
    },
    {
      "type": "Feature",
      "geometry": {
        "type": "Polygon",
        "coordinates": [
          [
            [
              115.5928429,
              -2.1846556
            ],
            [
              115.5932091,
              -2.1847607
            ],
            [
              115.5929972,
              -2.1848975
            ],
            [
              115.5928429,
              -2.1846556
            ]
          ]
        ]
      },
      "properties": {
        "tipe": "Radius 500m (Bendera)",
        "color": "#00ff00",
        "fillColor": "#00ff00",
        "fillOpacity": 1.0,
        "weight": 1
      }
    },
    {
      "type": "Feature",
      "geometry": {
        "type": "Polygon",
        "coordinates": [
          [
            [
              115.5928429,
              -2.1846556
            ],
            [
              115.5932091,
              -2.1847607
            ],
            [
              115.5929972,
              -2.1848975
            ],
            [
              115.5928429,
              -2.1846556
            ]
          ]
        ]
      },
      "properties": {
        "tipe": "Radius 500m (Bendera)",
        "color": "#00ff00",
        "fillColor": "#00ff00",
        "fillOpacity": 1.0,
        "weight": 1
      }
    },
    {
      "type": "Feature",
      "geometry": {
        "type": "Polygon",
        "coordinates": [
          [
            [
              115.5928429,
              -2.1846556
            ],
            [
              115.5932091,
              -2.1847607
            ],
            [
              115.5929972,
              -2.1848975
            ],
            [
              115.5928429,
              -2.1846556
            ]
          ]
        ]
      },
      "properties": {
        "tipe": "Radius 500m (Bendera)",
        "color": "#00ff00",
        "fillColor": "#00ff00",
        "fillOpacity": 1.0,
        "weight": 1
      }
    },
    {
      "type": "Feature",
      "geometry": {
        "type": "Polygon",
        "coordinates": [
          [
            [
              115.5863516,
              -2.1887617
            ],
            [
              115.5867178,
              -2.1888668
            ],
            [
              115.5865059,
              -2.1890036
            ],
            [
              115.5863516,
              -2.1887617
            ]
          ]
        ]
      },
      "properties": {
        "tipe": "Radius 500m (Bendera)",
        "color": "#00ff00",
        "fillColor": "#00ff00",
        "fillOpacity": 1.0,
        "weight": 1
      }
    },
    {
      "type": "Feature",
      "geometry": {
        "type": "Polygon",
        "coordinates": [
          [
            [
              115.5863516,
              -2.1887617
            ],
            [
              115.5867178,
              -2.1888668
            ],
            [
              115.5865059,
              -2.1890036
            ],
            [
              115.5863516,
              -2.1887617
            ]
          ]
        ]
      },
      "properties": {
        "tipe": "Radius 500m (Bendera)",
        "color": "#00ff00",
        "fillColor": "#00ff00",
        "fillOpacity": 1.0,
        "weight": 1
      }
    },
    {
      "type": "Feature",
      "geometry": {
        "type": "Polygon",
        "coordinates": [
          [
            [
              115.5863516,
              -2.1887617
            ],
            [
              115.5867178,
              -2.1888668
            ],
            [
              115.5865059,
              -2.1890036
            ],
            [
              115.5863516,
              -2.1887617
            ]
          ]
        ]
      },
      "properties": {
        "tipe": "Radius 500m (Bendera)",
        "color": "#00ff00",
        "fillColor": "#00ff00",
        "fillOpacity": 1.0,
        "weight": 1
      }
    },
    {
      "type": "Feature",
      "geometry": {
        "type": "Polygon",
        "coordinates": [
          [
            [
              115.5863516,
              -2.1887617
            ],
            [
              115.5867178,
              -2.1888668
            ],
            [
              115.5865059,
              -2.1890036
            ],
            [
              115.5863516,
              -2.1887617
            ]
          ]
        ]
      },
      "properties": {
        "tipe": "Radius 500m (Bendera)",
        "color": "#00ff00",
        "fillColor": "#00ff00",
        "fillOpacity": 1.0,
        "weight": 1
      }
    },
    {
      "type": "Feature",
      "geometry": {
        "type": "Polygon",
        "coordinates": [
          [
            [
              115.5863516,
              -2.1887617
            ],
            [
              115.5867178,
              -2.1888668
            ],
            [
              115.5865059,
              -2.1890036
            ],
            [
              115.5863516,
              -2.1887617
            ]
          ]
        ]
      },
      "properties": {
        "tipe": "Radius 500m (Bendera)",
        "color": "#00ff00",
        "fillColor": "#00ff00",
        "fillOpacity": 1.0,
        "weight": 1
      }
    },
    {
      "type": "Feature",
      "geometry": {
        "type": "Polygon",
        "coordinates": [
          [
            [
              115.5863516,
              -2.1887617
            ],
            [
              115.5867178,
              -2.1888668
            ],
            [
              115.5865059,
              -2.1890036
            ],
            [
              115.5863516,
              -2.1887617
            ]
          ]
        ]
      },
      "properties": {
        "tipe": "Radius 500m (Bendera)",
        "color": "#00ff00",
        "fillColor": "#00ff00",
        "fillOpacity": 1.0,
        "weight": 1
      }
    },
    {
      "type": "Feature",
      "geometry": {
        "type": "Polygon",
        "coordinates": [
          [
            [
              115.5840758,
              -2.187475
            ],
            [
              115.584442,
              -2.1875801
            ],
            [
              115.5842301,
              -2.1877169
            ],
            [
              115.5840758,
              -2.187475
            ]
          ]
        ]
      },
      "properties": {
        "tipe": "Radius 500m (Bendera)",
        "color": "#00ff00",
        "fillColor": "#00ff00",
        "fillOpacity": 1.0,
        "weight": 1
      }
    },
    {
      "type": "Feature",
      "geometry": {
        "type": "Polygon",
        "coordinates": [
          [
            [
              115.5840758,
              -2.187475
            ],
            [
              115.584442,
              -2.1875801
            ],
            [
              115.5842301,
              -2.1877169
            ],
            [
              115.5840758,
              -2.187475
            ]
          ]
        ]
      },
      "properties": {
        "tipe": "Radius 500m (Bendera)",
        "color": "#00ff00",
        "fillColor": "#00ff00",
        "fillOpacity": 1.0,
        "weight": 1
      }
    },
    {
      "type": "Feature",
      "geometry": {
        "type": "Polygon",
        "coordinates": [
          [
            [
              115.5840758,
              -2.187475
            ],
            [
              115.584442,
              -2.1875801
            ],
            [
              115.5842301,
              -2.1877169
            ],
            [
              115.5840758,
              -2.187475
            ]
          ]
        ]
      },
      "properties": {
        "tipe": "Radius 500m (Bendera)",
        "color": "#00ff00",
        "fillColor": "#00ff00",
        "fillOpacity": 1.0,
        "weight": 1
      }
    },
    {
      "type": "Feature",
      "geometry": {
        "type": "Polygon",
        "coordinates": [
          [
            [
              115.5840758,
              -2.187475
            ],
            [
              115.584442,
              -2.1875801
            ],
            [
              115.5842301,
              -2.1877169
            ],
            [
              115.5840758,
              -2.187475
            ]
          ]
        ]
      },
      "properties": {
        "tipe": "Radius 500m (Bendera)",
        "color": "#00ff00",
        "fillColor": "#00ff00",
        "fillOpacity": 1.0,
        "weight": 1
      }
    },
    {
      "type": "Feature",
      "geometry": {
        "type": "Polygon",
        "coordinates": [
          [
            [
              115.5840758,
              -2.187475
            ],
            [
              115.584442,
              -2.1875801
            ],
            [
              115.5842301,
              -2.1877169
            ],
            [
              115.5840758,
              -2.187475
            ]
          ]
        ]
      },
      "properties": {
        "tipe": "Radius 500m (Bendera)",
        "color": "#00ff00",
        "fillColor": "#00ff00",
        "fillOpacity": 1.0,
        "weight": 1
      }
    },
    {
      "type": "Feature",
      "geometry": {
        "type": "Polygon",
        "coordinates": [
          [
            [
              115.5840758,
              -2.187475
            ],
            [
              115.584442,
              -2.1875801
            ],
            [
              115.5842301,
              -2.1877169
            ],
            [
              115.5840758,
              -2.187475
            ]
          ]
        ]
      },
      "properties": {
        "tipe": "Radius 500m (Bendera)",
        "color": "#00ff00",
        "fillColor": "#00ff00",
        "fillOpacity": 1.0,
        "weight": 1
      }
    },
    {
      "type": "Feature",
      "geometry": {
        "type": "Polygon",
        "coordinates": [
          [
            [
              115.5827122,
              -2.1847739
            ],
            [
              115.5830784,
              -2.184879
            ],
            [
              115.5828665,
              -2.1850158
            ],
            [
              115.5827122,
              -2.1847739
            ]
          ]
        ]
      },
      "properties": {
        "tipe": "Radius 500m (Bendera)",
        "color": "#00ff00",
        "fillColor": "#00ff00",
        "fillOpacity": 1.0,
        "weight": 1
      }
    },
    {
      "type": "Feature",
      "geometry": {
        "type": "Polygon",
        "coordinates": [
          [
            [
              115.5827122,
              -2.1847739
            ],
            [
              115.5830784,
              -2.184879
            ],
            [
              115.5828665,
              -2.1850158
            ],
            [
              115.5827122,
              -2.1847739
            ]
          ]
        ]
      },
      "properties": {
        "tipe": "Radius 500m (Bendera)",
        "color": "#00ff00",
        "fillColor": "#00ff00",
        "fillOpacity": 1.0,
        "weight": 1
      }
    },
    {
      "type": "Feature",
      "geometry": {
        "type": "Polygon",
        "coordinates": [
          [
            [
              115.5827122,
              -2.1847739
            ],
            [
              115.5830784,
              -2.184879
            ],
            [
              115.5828665,
              -2.1850158
            ],
            [
              115.5827122,
              -2.1847739
            ]
          ]
        ]
      },
      "properties": {
        "tipe": "Radius 500m (Bendera)",
        "color": "#00ff00",
        "fillColor": "#00ff00",
        "fillOpacity": 1.0,
        "weight": 1
      }
    },
    {
      "type": "Feature",
      "geometry": {
        "type": "Polygon",
        "coordinates": [
          [
            [
              115.5827122,
              -2.1847739
            ],
            [
              115.5830784,
              -2.184879
            ],
            [
              115.5828665,
              -2.1850158
            ],
            [
              115.5827122,
              -2.1847739
            ]
          ]
        ]
      },
      "properties": {
        "tipe": "Radius 500m (Bendera)",
        "color": "#00ff00",
        "fillColor": "#00ff00",
        "fillOpacity": 1.0,
        "weight": 1
      }
    },
    {
      "type": "Feature",
      "geometry": {
        "type": "Polygon",
        "coordinates": [
          [
            [
              115.5827122,
              -2.1847739
            ],
            [
              115.5830784,
              -2.184879
            ],
            [
              115.5828665,
              -2.1850158
            ],
            [
              115.5827122,
              -2.1847739
            ]
          ]
        ]
      },
      "properties": {
        "tipe": "Radius 500m (Bendera)",
        "color": "#00ff00",
        "fillColor": "#00ff00",
        "fillOpacity": 1.0,
        "weight": 1
      }
    },
    {
      "type": "Feature",
      "geometry": {
        "type": "Polygon",
        "coordinates": [
          [
            [
              115.5829959,
              -2.1856329
            ],
            [
              115.583362,
              -2.185738
            ],
            [
              115.5831502,
              -2.1858748
            ],
            [
              115.5829959,
              -2.1856329
            ]
          ]
        ]
      },
      "properties": {
        "tipe": "Radius 500m (Bendera)",
        "color": "#00ff00",
        "fillColor": "#00ff00",
        "fillOpacity": 1.0,
        "weight": 1
      }
    },
    {
      "type": "Feature",
      "geometry": {
        "type": "Polygon",
        "coordinates": [
          [
            [
              115.5829959,
              -2.1856329
            ],
            [
              115.583362,
              -2.185738
            ],
            [
              115.5831502,
              -2.1858748
            ],
            [
              115.5829959,
              -2.1856329
            ]
          ]
        ]
      },
      "properties": {
        "tipe": "Radius 500m (Bendera)",
        "color": "#00ff00",
        "fillColor": "#00ff00",
        "fillOpacity": 1.0,
        "weight": 1
      }
    },
    {
      "type": "Feature",
      "geometry": {
        "type": "Polygon",
        "coordinates": [
          [
            [
              115.5829959,
              -2.1856329
            ],
            [
              115.583362,
              -2.185738
            ],
            [
              115.5831502,
              -2.1858748
            ],
            [
              115.5829959,
              -2.1856329
            ]
          ]
        ]
      },
      "properties": {
        "tipe": "Radius 500m (Bendera)",
        "color": "#00ff00",
        "fillColor": "#00ff00",
        "fillOpacity": 1.0,
        "weight": 1
      }
    },
    {
      "type": "Feature",
      "geometry": {
        "type": "Polygon",
        "coordinates": [
          [
            [
              115.5829959,
              -2.1856329
            ],
            [
              115.583362,
              -2.185738
            ],
            [
              115.5831502,
              -2.1858748
            ],
            [
              115.5829959,
              -2.1856329
            ]
          ]
        ]
      },
      "properties": {
        "tipe": "Radius 500m (Bendera)",
        "color": "#00ff00",
        "fillColor": "#00ff00",
        "fillOpacity": 1.0,
        "weight": 1
      }
    },
    {
      "type": "Feature",
      "geometry": {
        "type": "Polygon",
        "coordinates": [
          [
            [
              115.5829959,
              -2.1856329
            ],
            [
              115.583362,
              -2.185738
            ],
            [
              115.5831502,
              -2.1858748
            ],
            [
              115.5829959,
              -2.1856329
            ]
          ]
        ]
      },
      "properties": {
        "tipe": "Radius 500m (Bendera)",
        "color": "#00ff00",
        "fillColor": "#00ff00",
        "fillOpacity": 1.0,
        "weight": 1
      }
    },
    {
      "type": "Feature",
      "geometry": {
        "type": "Polygon",
        "coordinates": [
          [
            [
              115.5829959,
              -2.1856329
            ],
            [
              115.583362,
              -2.185738
            ],
            [
              115.5831502,
              -2.1858748
            ],
            [
              115.5829959,
              -2.1856329
            ]
          ]
        ]
      },
      "properties": {
        "tipe": "Radius 500m (Bendera)",
        "color": "#00ff00",
        "fillColor": "#00ff00",
        "fillOpacity": 1.0,
        "weight": 1
      }
    },
    {
      "type": "Feature",
      "geometry": {
        "type": "Polygon",
        "coordinates": [
          [
            [
              115.5810888,
              -2.1848782
            ],
            [
              115.581455,
              -2.1849834
            ],
            [
              115.5812431,
              -2.1851201
            ],
            [
              115.5810888,
              -2.1848782
            ]
          ]
        ]
      },
      "properties": {
        "tipe": "Radius 500m (Bendera)",
        "color": "#00ff00",
        "fillColor": "#00ff00",
        "fillOpacity": 1.0,
        "weight": 1
      }
    },
    {
      "type": "Feature",
      "geometry": {
        "type": "Polygon",
        "coordinates": [
          [
            [
              115.5810888,
              -2.1848782
            ],
            [
              115.581455,
              -2.1849834
            ],
            [
              115.5812431,
              -2.1851201
            ],
            [
              115.5810888,
              -2.1848782
            ]
          ]
        ]
      },
      "properties": {
        "tipe": "Radius 500m (Bendera)",
        "color": "#00ff00",
        "fillColor": "#00ff00",
        "fillOpacity": 1.0,
        "weight": 1
      }
    },
    {
      "type": "Feature",
      "geometry": {
        "type": "Polygon",
        "coordinates": [
          [
            [
              115.5810888,
              -2.1848782
            ],
            [
              115.581455,
              -2.1849834
            ],
            [
              115.5812431,
              -2.1851201
            ],
            [
              115.5810888,
              -2.1848782
            ]
          ]
        ]
      },
      "properties": {
        "tipe": "Radius 500m (Bendera)",
        "color": "#00ff00",
        "fillColor": "#00ff00",
        "fillOpacity": 1.0,
        "weight": 1
      }
    },
    {
      "type": "Feature",
      "geometry": {
        "type": "Polygon",
        "coordinates": [
          [
            [
              115.5810888,
              -2.1848782
            ],
            [
              115.581455,
              -2.1849834
            ],
            [
              115.5812431,
              -2.1851201
            ],
            [
              115.5810888,
              -2.1848782
            ]
          ]
        ]
      },
      "properties": {
        "tipe": "Radius 500m (Bendera)",
        "color": "#00ff00",
        "fillColor": "#00ff00",
        "fillOpacity": 1.0,
        "weight": 1
      }
    },
    {
      "type": "Feature",
      "geometry": {
        "type": "Polygon",
        "coordinates": [
          [
            [
              115.5810888,
              -2.1848782
            ],
            [
              115.581455,
              -2.1849834
            ],
            [
              115.5812431,
              -2.1851201
            ],
            [
              115.5810888,
              -2.1848782
            ]
          ]
        ]
      },
      "properties": {
        "tipe": "Radius 500m (Bendera)",
        "color": "#00ff00",
        "fillColor": "#00ff00",
        "fillOpacity": 1.0,
        "weight": 1
      }
    },
    {
      "type": "Feature",
      "geometry": {
        "type": "Polygon",
        "coordinates": [
          [
            [
              115.5810888,
              -2.1848782
            ],
            [
              115.581455,
              -2.1849834
            ],
            [
              115.5812431,
              -2.1851201
            ],
            [
              115.5810888,
              -2.1848782
            ]
          ]
        ]
      },
      "properties": {
        "tipe": "Radius 500m (Bendera)",
        "color": "#00ff00",
        "fillColor": "#00ff00",
        "fillOpacity": 1.0,
        "weight": 1
      }
    },
    {
      "type": "Feature",
      "geometry": {
        "type": "Polygon",
        "coordinates": [
          [
            [
              115.5788041,
              -2.183797
            ],
            [
              115.5791702,
              -2.1839022
            ],
            [
              115.5789583,
              -2.1840389
            ],
            [
              115.5788041,
              -2.183797
            ]
          ]
        ]
      },
      "properties": {
        "tipe": "Radius 500m (Bendera)",
        "color": "#00ff00",
        "fillColor": "#00ff00",
        "fillOpacity": 1.0,
        "weight": 1
      }
    },
    {
      "type": "Feature",
      "geometry": {
        "type": "Polygon",
        "coordinates": [
          [
            [
              115.5788041,
              -2.183797
            ],
            [
              115.5791702,
              -2.1839022
            ],
            [
              115.5789583,
              -2.1840389
            ],
            [
              115.5788041,
              -2.183797
            ]
          ]
        ]
      },
      "properties": {
        "tipe": "Radius 500m (Bendera)",
        "color": "#00ff00",
        "fillColor": "#00ff00",
        "fillOpacity": 1.0,
        "weight": 1
      }
    },
    {
      "type": "Feature",
      "geometry": {
        "type": "Polygon",
        "coordinates": [
          [
            [
              115.5788041,
              -2.183797
            ],
            [
              115.5791702,
              -2.1839022
            ],
            [
              115.5789583,
              -2.1840389
            ],
            [
              115.5788041,
              -2.183797
            ]
          ]
        ]
      },
      "properties": {
        "tipe": "Radius 500m (Bendera)",
        "color": "#00ff00",
        "fillColor": "#00ff00",
        "fillOpacity": 1.0,
        "weight": 1
      }
    },
    {
      "type": "Feature",
      "geometry": {
        "type": "Polygon",
        "coordinates": [
          [
            [
              115.5788041,
              -2.183797
            ],
            [
              115.5791702,
              -2.1839022
            ],
            [
              115.5789583,
              -2.1840389
            ],
            [
              115.5788041,
              -2.183797
            ]
          ]
        ]
      },
      "properties": {
        "tipe": "Radius 500m (Bendera)",
        "color": "#00ff00",
        "fillColor": "#00ff00",
        "fillOpacity": 1.0,
        "weight": 1
      }
    },
    {
      "type": "Feature",
      "geometry": {
        "type": "Polygon",
        "coordinates": [
          [
            [
              115.5788041,
              -2.183797
            ],
            [
              115.5791702,
              -2.1839022
            ],
            [
              115.5789583,
              -2.1840389
            ],
            [
              115.5788041,
              -2.183797
            ]
          ]
        ]
      },
      "properties": {
        "tipe": "Radius 500m (Bendera)",
        "color": "#00ff00",
        "fillColor": "#00ff00",
        "fillOpacity": 1.0,
        "weight": 1
      }
    },
    {
      "type": "Feature",
      "geometry": {
        "type": "Polygon",
        "coordinates": [
          [
            [
              115.5788041,
              -2.183797
            ],
            [
              115.5791702,
              -2.1839022
            ],
            [
              115.5789583,
              -2.1840389
            ],
            [
              115.5788041,
              -2.183797
            ]
          ]
        ]
      },
      "properties": {
        "tipe": "Radius 500m (Bendera)",
        "color": "#00ff00",
        "fillColor": "#00ff00",
        "fillOpacity": 1.0,
        "weight": 1
      }
    },
    {
      "type": "Feature",
      "geometry": {
        "type": "Polygon",
        "coordinates": [
          [
            [
              115.5792612,
              -2.1841646
            ],
            [
              115.5796274,
              -2.1842697
            ],
            [
              115.5794155,
              -2.1844065
            ],
            [
              115.5792612,
              -2.1841646
            ]
          ]
        ]
      },
      "properties": {
        "tipe": "Radius 500m (Bendera)",
        "color": "#00ff00",
        "fillColor": "#00ff00",
        "fillOpacity": 1.0,
        "weight": 1
      }
    },
    {
      "type": "Feature",
      "geometry": {
        "type": "Polygon",
        "coordinates": [
          [
            [
              115.5792612,
              -2.1841646
            ],
            [
              115.5796274,
              -2.1842697
            ],
            [
              115.5794155,
              -2.1844065
            ],
            [
              115.5792612,
              -2.1841646
            ]
          ]
        ]
      },
      "properties": {
        "tipe": "Radius 500m (Bendera)",
        "color": "#00ff00",
        "fillColor": "#00ff00",
        "fillOpacity": 1.0,
        "weight": 1
      }
    },
    {
      "type": "Feature",
      "geometry": {
        "type": "Polygon",
        "coordinates": [
          [
            [
              115.5792612,
              -2.1841646
            ],
            [
              115.5796274,
              -2.1842697
            ],
            [
              115.5794155,
              -2.1844065
            ],
            [
              115.5792612,
              -2.1841646
            ]
          ]
        ]
      },
      "properties": {
        "tipe": "Radius 500m (Bendera)",
        "color": "#00ff00",
        "fillColor": "#00ff00",
        "fillOpacity": 1.0,
        "weight": 1
      }
    },
    {
      "type": "Feature",
      "geometry": {
        "type": "Polygon",
        "coordinates": [
          [
            [
              115.5792612,
              -2.1841646
            ],
            [
              115.5796274,
              -2.1842697
            ],
            [
              115.5794155,
              -2.1844065
            ],
            [
              115.5792612,
              -2.1841646
            ]
          ]
        ]
      },
      "properties": {
        "tipe": "Radius 500m (Bendera)",
        "color": "#00ff00",
        "fillColor": "#00ff00",
        "fillOpacity": 1.0,
        "weight": 1
      }
    },
    {
      "type": "Feature",
      "geometry": {
        "type": "Polygon",
        "coordinates": [
          [
            [
              115.5792612,
              -2.1841646
            ],
            [
              115.5796274,
              -2.1842697
            ],
            [
              115.5794155,
              -2.1844065
            ],
            [
              115.5792612,
              -2.1841646
            ]
          ]
        ]
      },
      "properties": {
        "tipe": "Radius 500m (Bendera)",
        "color": "#00ff00",
        "fillColor": "#00ff00",
        "fillOpacity": 1.0,
        "weight": 1
      }
    },
    {
      "type": "Feature",
      "geometry": {
        "type": "Polygon",
        "coordinates": [
          [
            [
              115.5792612,
              -2.1841646
            ],
            [
              115.5796274,
              -2.1842697
            ],
            [
              115.5794155,
              -2.1844065
            ],
            [
              115.5792612,
              -2.1841646
            ]
          ]
        ]
      },
      "properties": {
        "tipe": "Radius 500m (Bendera)",
        "color": "#00ff00",
        "fillColor": "#00ff00",
        "fillOpacity": 1.0,
        "weight": 1
      }
    },
    {
      "type": "Feature",
      "geometry": {
        "type": "Polygon",
        "coordinates": [
          [
            [
              115.5865227,
              -2.1774116
            ],
            [
              115.5868889,
              -2.1775167
            ],
            [
              115.586677,
              -2.1776535
            ],
            [
              115.5865227,
              -2.1774116
            ]
          ]
        ]
      },
      "properties": {
        "tipe": "Radius 500m (Bendera)",
        "color": "#00ff00",
        "fillColor": "#00ff00",
        "fillOpacity": 1.0,
        "weight": 1
      }
    },
    {
      "type": "Feature",
      "geometry": {
        "type": "Polygon",
        "coordinates": [
          [
            [
              115.5865227,
              -2.1774116
            ],
            [
              115.5868889,
              -2.1775167
            ],
            [
              115.586677,
              -2.1776535
            ],
            [
              115.5865227,
              -2.1774116
            ]
          ]
        ]
      },
      "properties": {
        "tipe": "Radius 500m (Bendera)",
        "color": "#00ff00",
        "fillColor": "#00ff00",
        "fillOpacity": 1.0,
        "weight": 1
      }
    },
    {
      "type": "Feature",
      "geometry": {
        "type": "Polygon",
        "coordinates": [
          [
            [
              115.5865227,
              -2.1774116
            ],
            [
              115.5868889,
              -2.1775167
            ],
            [
              115.586677,
              -2.1776535
            ],
            [
              115.5865227,
              -2.1774116
            ]
          ]
        ]
      },
      "properties": {
        "tipe": "Radius 500m (Bendera)",
        "color": "#00ff00",
        "fillColor": "#00ff00",
        "fillOpacity": 1.0,
        "weight": 1
      }
    },
    {
      "type": "Feature",
      "geometry": {
        "type": "Polygon",
        "coordinates": [
          [
            [
              115.5865227,
              -2.1774116
            ],
            [
              115.5868889,
              -2.1775167
            ],
            [
              115.586677,
              -2.1776535
            ],
            [
              115.5865227,
              -2.1774116
            ]
          ]
        ]
      },
      "properties": {
        "tipe": "Radius 500m (Bendera)",
        "color": "#00ff00",
        "fillColor": "#00ff00",
        "fillOpacity": 1.0,
        "weight": 1
      }
    },
    {
      "type": "Feature",
      "geometry": {
        "type": "Polygon",
        "coordinates": [
          [
            [
              115.5865227,
              -2.1774116
            ],
            [
              115.5868889,
              -2.1775167
            ],
            [
              115.586677,
              -2.1776535
            ],
            [
              115.5865227,
              -2.1774116
            ]
          ]
        ]
      },
      "properties": {
        "tipe": "Radius 500m (Bendera)",
        "color": "#00ff00",
        "fillColor": "#00ff00",
        "fillOpacity": 1.0,
        "weight": 1
      }
    },
    {
      "type": "Feature",
      "geometry": {
        "type": "Polygon",
        "coordinates": [
          [
            [
              115.5865227,
              -2.1774116
            ],
            [
              115.5868889,
              -2.1775167
            ],
            [
              115.586677,
              -2.1776535
            ],
            [
              115.5865227,
              -2.1774116
            ]
          ]
        ]
      },
      "properties": {
        "tipe": "Radius 500m (Bendera)",
        "color": "#00ff00",
        "fillColor": "#00ff00",
        "fillOpacity": 1.0,
        "weight": 1
      }
    },
    {
      "type": "Feature",
      "geometry": {
        "type": "LineString",
        "coordinates": [
          [
            115.5788041,
            -2.183797
          ],
          [
            115.5791849,
            -2.1843942
          ]
        ]
      },
      "properties": {
        "tipe": "Radius 500m",
        "color": "#00ff00",
        "weight": 2.5,
        "fill": false
      }
    },
    {
      "type": "Feature",
      "geometry": {
        "type": "LineString",
        "coordinates": [
          [
            115.5792612,
            -2.1841646
          ],
          [
            115.5796421,
            -2.1847618
          ]
        ]
      },
      "properties": {
        "tipe": "Radius 500m",
        "color": "#00ff00",
        "weight": 2.5,
        "fill": false
      }
    },
    {
      "type": "Feature",
      "geometry": {
        "type": "LineString",
        "coordinates": [
          [
            115.5810888,
            -2.1848782
          ],
          [
            115.5814697,
            -2.1854754
          ]
        ]
      },
      "properties": {
        "tipe": "Radius 500m",
        "color": "#00ff00",
        "weight": 2.5,
        "fill": false
      }
    },
    {
      "type": "Feature",
      "geometry": {
        "type": "LineString",
        "coordinates": [
          [
            115.5827122,
            -2.1847739
          ],
          [
            115.5830931,
            -2.1853711
          ]
        ]
      },
      "properties": {
        "tipe": "Radius 500m",
        "color": "#00ff00",
        "weight": 2.5,
        "fill": false
      }
    },
    {
      "type": "Feature",
      "geometry": {
        "type": "LineString",
        "coordinates": [
          [
            115.5829959,
            -2.1856329
          ],
          [
            115.5833768,
            -2.1862301
          ]
        ]
      },
      "properties": {
        "tipe": "Radius 500m",
        "color": "#00ff00",
        "weight": 2.5,
        "fill": false
      }
    },
    {
      "type": "Feature",
      "geometry": {
        "type": "LineString",
        "coordinates": [
          [
            115.5840758,
            -2.187475
          ],
          [
            115.5844567,
            -2.1880722
          ]
        ]
      },
      "properties": {
        "tipe": "Radius 500m",
        "color": "#00ff00",
        "weight": 2.5,
        "fill": false
      }
    },
    {
      "type": "Feature",
      "geometry": {
        "type": "LineString",
        "coordinates": [
          [
            115.5863516,
            -2.1887617
          ],
          [
            115.5867325,
            -2.1893589
          ]
        ]
      },
      "properties": {
        "tipe": "Radius 500m",
        "color": "#00ff00",
        "weight": 2.5,
        "fill": false
      }
    },
    {
      "type": "Feature",
      "geometry": {
        "type": "LineString",
        "coordinates": [
          [
            115.5928429,
            -2.1846556
          ],
          [
            115.5932238,
            -2.1852528
          ]
        ]
      },
      "properties": {
        "tipe": "Radius 500m",
        "color": "#00ff00",
        "weight": 2.5,
        "fill": false
      }
    },
    {
      "type": "Feature",
      "geometry": {
        "type": "LineString",
        "coordinates": [
          [
            115.5926589,
            -2.181944
          ],
          [
            115.5930398,
            -2.1825412
          ]
        ]
      },
      "properties": {
        "tipe": "Radius 500m",
        "color": "#00ff00",
        "weight": 2.5,
        "fill": false
      }
    },
    {
      "type": "Feature",
      "geometry": {
        "type": "LineString",
        "coordinates": [
          [
            115.5920333,
            -2.1808335
          ],
          [
            115.5924142,
            -2.1814307
          ]
        ]
      },
      "properties": {
        "tipe": "Radius 500m",
        "color": "#00ff00",
        "weight": 2.5,
        "fill": false
      }
    },
    {
      "type": "Feature",
      "geometry": {
        "type": "LineString",
        "coordinates": [
          [
            115.5903443,
            -2.1793418
          ],
          [
            115.5907252,
            -2.179939
          ]
        ]
      },
      "properties": {
        "tipe": "Radius 500m",
        "color": "#00ff00",
        "weight": 2.5,
        "fill": false
      }
    },
    {
      "type": "Feature",
      "geometry": {
        "type": "LineString",
        "coordinates": [
          [
            115.5894394,
            -2.1789881
          ],
          [
            115.5898203,
            -2.1795853
          ]
        ]
      },
      "properties": {
        "tipe": "Radius 500m",
        "color": "#00ff00",
        "weight": 2.5,
        "fill": false
      }
    },
    {
      "type": "Feature",
      "geometry": {
        "type": "LineString",
        "coordinates": [
          [
            115.5881943,
            -2.1788685
          ],
          [
            115.5885752,
            -2.1794657
          ]
        ]
      },
      "properties": {
        "tipe": "Radius 500m",
        "color": "#00ff00",
        "weight": 2.5,
        "fill": false
      }
    },
    {
      "type": "Feature",
      "geometry": {
        "type": "LineString",
        "coordinates": [
          [
            115.5875907,
            -2.1788621
          ],
          [
            115.5879715,
            -2.1794593
          ]
        ]
      },
      "properties": {
        "tipe": "Radius 500m",
        "color": "#00ff00",
        "weight": 2.5,
        "fill": false
      }
    },
    {
      "type": "Feature",
      "geometry": {
        "type": "LineString",
        "coordinates": [
          [
            115.5865227,
            -2.1774116
          ],
          [
            115.5869036,
            -2.1780088
          ]
        ]
      },
      "properties": {
        "tipe": "Radius 500m",
        "color": "#00ff00",
        "weight": 2.5,
        "fill": false
      }
    },
    {
      "type": "Feature",
      "geometry": {
        "type": "Polygon",
        "coordinates": [
          [
            [
              115.584771,
              -2.1752877
            ],
            [
              115.5851372,
              -2.1753928
            ],
            [
              115.5849253,
              -2.1755296
            ],
            [
              115.584771,
              -2.1752877
            ]
          ]
        ]
      },
      "properties": {
        "tipe": "Radius 500m (Bendera)",
        "color": "#00ff00",
        "fillColor": "#00ff00",
        "fillOpacity": 1.0,
        "weight": 1
      }
    },
    {
      "type": "Feature",
      "geometry": {
        "type": "Polygon",
        "coordinates": [
          [
            [
              115.584771,
              -2.1752877
            ],
            [
              115.5851372,
              -2.1753928
            ],
            [
              115.5849253,
              -2.1755296
            ],
            [
              115.584771,
              -2.1752877
            ]
          ]
        ]
      },
      "properties": {
        "tipe": "Radius 500m (Bendera)",
        "color": "#00ff00",
        "fillColor": "#00ff00",
        "fillOpacity": 1.0,
        "weight": 1
      }
    },
    {
      "type": "Feature",
      "geometry": {
        "type": "Polygon",
        "coordinates": [
          [
            [
              115.584771,
              -2.1752877
            ],
            [
              115.5851372,
              -2.1753928
            ],
            [
              115.5849253,
              -2.1755296
            ],
            [
              115.584771,
              -2.1752877
            ]
          ]
        ]
      },
      "properties": {
        "tipe": "Radius 500m (Bendera)",
        "color": "#00ff00",
        "fillColor": "#00ff00",
        "fillOpacity": 1.0,
        "weight": 1
      }
    },
    {
      "type": "Feature",
      "geometry": {
        "type": "Polygon",
        "coordinates": [
          [
            [
              115.584771,
              -2.1752877
            ],
            [
              115.5851372,
              -2.1753928
            ],
            [
              115.5849253,
              -2.1755296
            ],
            [
              115.584771,
              -2.1752877
            ]
          ]
        ]
      },
      "properties": {
        "tipe": "Radius 500m (Bendera)",
        "color": "#00ff00",
        "fillColor": "#00ff00",
        "fillOpacity": 1.0,
        "weight": 1
      }
    },
    {
      "type": "Feature",
      "geometry": {
        "type": "Polygon",
        "coordinates": [
          [
            [
              115.584771,
              -2.1752877
            ],
            [
              115.5851372,
              -2.1753928
            ],
            [
              115.5849253,
              -2.1755296
            ],
            [
              115.584771,
              -2.1752877
            ]
          ]
        ]
      },
      "properties": {
        "tipe": "Radius 500m (Bendera)",
        "color": "#00ff00",
        "fillColor": "#00ff00",
        "fillOpacity": 1.0,
        "weight": 1
      }
    },
    {
      "type": "Feature",
      "geometry": {
        "type": "Polygon",
        "coordinates": [
          [
            [
              115.584771,
              -2.1752877
            ],
            [
              115.5851372,
              -2.1753928
            ],
            [
              115.5849253,
              -2.1755296
            ],
            [
              115.584771,
              -2.1752877
            ]
          ]
        ]
      },
      "properties": {
        "tipe": "Radius 500m (Bendera)",
        "color": "#00ff00",
        "fillColor": "#00ff00",
        "fillOpacity": 1.0,
        "weight": 1
      }
    },
    {
      "type": "Feature",
      "geometry": {
        "type": "Polygon",
        "coordinates": [
          [
            [
              115.5849549,
              -2.1754198
            ],
            [
              115.5853211,
              -2.1755249
            ],
            [
              115.5851092,
              -2.1756617
            ],
            [
              115.5849549,
              -2.1754198
            ]
          ]
        ]
      },
      "properties": {
        "tipe": "Radius 500m (Bendera)",
        "color": "#00ff00",
        "fillColor": "#00ff00",
        "fillOpacity": 1.0,
        "weight": 1
      }
    },
    {
      "type": "Feature",
      "geometry": {
        "type": "Polygon",
        "coordinates": [
          [
            [
              115.5849549,
              -2.1754198
            ],
            [
              115.5853211,
              -2.1755249
            ],
            [
              115.5851092,
              -2.1756617
            ],
            [
              115.5849549,
              -2.1754198
            ]
          ]
        ]
      },
      "properties": {
        "tipe": "Radius 500m (Bendera)",
        "color": "#00ff00",
        "fillColor": "#00ff00",
        "fillOpacity": 1.0,
        "weight": 1
      }
    },
    {
      "type": "Feature",
      "geometry": {
        "type": "Polygon",
        "coordinates": [
          [
            [
              115.5849549,
              -2.1754198
            ],
            [
              115.5853211,
              -2.1755249
            ],
            [
              115.5851092,
              -2.1756617
            ],
            [
              115.5849549,
              -2.1754198
            ]
          ]
        ]
      },
      "properties": {
        "tipe": "Radius 500m (Bendera)",
        "color": "#00ff00",
        "fillColor": "#00ff00",
        "fillOpacity": 1.0,
        "weight": 1
      }
    },
    {
      "type": "Feature",
      "geometry": {
        "type": "Polygon",
        "coordinates": [
          [
            [
              115.5849549,
              -2.1754198
            ],
            [
              115.5853211,
              -2.1755249
            ],
            [
              115.5851092,
              -2.1756617
            ],
            [
              115.5849549,
              -2.1754198
            ]
          ]
        ]
      },
      "properties": {
        "tipe": "Radius 500m (Bendera)",
        "color": "#00ff00",
        "fillColor": "#00ff00",
        "fillOpacity": 1.0,
        "weight": 1
      }
    },
    {
      "type": "Feature",
      "geometry": {
        "type": "Polygon",
        "coordinates": [
          [
            [
              115.5849549,
              -2.1754198
            ],
            [
              115.5853211,
              -2.1755249
            ],
            [
              115.5851092,
              -2.1756617
            ],
            [
              115.5849549,
              -2.1754198
            ]
          ]
        ]
      },
      "properties": {
        "tipe": "Radius 500m (Bendera)",
        "color": "#00ff00",
        "fillColor": "#00ff00",
        "fillOpacity": 1.0,
        "weight": 1
      }
    },
    {
      "type": "Feature",
      "geometry": {
        "type": "Polygon",
        "coordinates": [
          [
            [
              115.5849549,
              -2.1754198
            ],
            [
              115.5853211,
              -2.1755249
            ],
            [
              115.5851092,
              -2.1756617
            ],
            [
              115.5849549,
              -2.1754198
            ]
          ]
        ]
      },
      "properties": {
        "tipe": "Radius 500m (Bendera)",
        "color": "#00ff00",
        "fillColor": "#00ff00",
        "fillOpacity": 1.0,
        "weight": 1
      }
    },
    {
      "type": "Feature",
      "geometry": {
        "type": "Polygon",
        "coordinates": [
          [
            [
              115.58435,
              -2.1750363
            ],
            [
              115.5847161,
              -2.1751414
            ],
            [
              115.5845043,
              -2.1752782
            ],
            [
              115.58435,
              -2.1750363
            ]
          ]
        ]
      },
      "properties": {
        "tipe": "Radius 500m (Bendera)",
        "color": "#00ff00",
        "fillColor": "#00ff00",
        "fillOpacity": 1.0,
        "weight": 1
      }
    },
    {
      "type": "Feature",
      "geometry": {
        "type": "Polygon",
        "coordinates": [
          [
            [
              115.58435,
              -2.1750363
            ],
            [
              115.5847161,
              -2.1751414
            ],
            [
              115.5845043,
              -2.1752782
            ],
            [
              115.58435,
              -2.1750363
            ]
          ]
        ]
      },
      "properties": {
        "tipe": "Radius 500m (Bendera)",
        "color": "#00ff00",
        "fillColor": "#00ff00",
        "fillOpacity": 1.0,
        "weight": 1
      }
    },
    {
      "type": "Feature",
      "geometry": {
        "type": "Polygon",
        "coordinates": [
          [
            [
              115.58435,
              -2.1750363
            ],
            [
              115.5847161,
              -2.1751414
            ],
            [
              115.5845043,
              -2.1752782
            ],
            [
              115.58435,
              -2.1750363
            ]
          ]
        ]
      },
      "properties": {
        "tipe": "Radius 500m (Bendera)",
        "color": "#00ff00",
        "fillColor": "#00ff00",
        "fillOpacity": 1.0,
        "weight": 1
      }
    },
    {
      "type": "Feature",
      "geometry": {
        "type": "Polygon",
        "coordinates": [
          [
            [
              115.58435,
              -2.1750363
            ],
            [
              115.5847161,
              -2.1751414
            ],
            [
              115.5845043,
              -2.1752782
            ],
            [
              115.58435,
              -2.1750363
            ]
          ]
        ]
      },
      "properties": {
        "tipe": "Radius 500m (Bendera)",
        "color": "#00ff00",
        "fillColor": "#00ff00",
        "fillOpacity": 1.0,
        "weight": 1
      }
    },
    {
      "type": "Feature",
      "geometry": {
        "type": "Polygon",
        "coordinates": [
          [
            [
              115.58435,
              -2.1750363
            ],
            [
              115.5847161,
              -2.1751414
            ],
            [
              115.5845043,
              -2.1752782
            ],
            [
              115.58435,
              -2.1750363
            ]
          ]
        ]
      },
      "properties": {
        "tipe": "Radius 500m (Bendera)",
        "color": "#00ff00",
        "fillColor": "#00ff00",
        "fillOpacity": 1.0,
        "weight": 1
      }
    },
    {
      "type": "Feature",
      "geometry": {
        "type": "Polygon",
        "coordinates": [
          [
            [
              115.58435,
              -2.1750363
            ],
            [
              115.5847161,
              -2.1751414
            ],
            [
              115.5845043,
              -2.1752782
            ],
            [
              115.58435,
              -2.1750363
            ]
          ]
        ]
      },
      "properties": {
        "tipe": "Radius 500m (Bendera)",
        "color": "#00ff00",
        "fillColor": "#00ff00",
        "fillOpacity": 1.0,
        "weight": 1
      }
    },
    {
      "type": "Feature",
      "geometry": {
        "type": "Polygon",
        "coordinates": [
          [
            [
              115.5827663,
              -2.1745459
            ],
            [
              115.5831325,
              -2.174651
            ],
            [
              115.5829206,
              -2.1747878
            ],
            [
              115.5827663,
              -2.1745459
            ]
          ]
        ]
      },
      "properties": {
        "tipe": "Radius 500m (Bendera)",
        "color": "#00ff00",
        "fillColor": "#00ff00",
        "fillOpacity": 1.0,
        "weight": 1
      }
    },
    {
      "type": "Feature",
      "geometry": {
        "type": "Polygon",
        "coordinates": [
          [
            [
              115.5827663,
              -2.1745459
            ],
            [
              115.5831325,
              -2.174651
            ],
            [
              115.5829206,
              -2.1747878
            ],
            [
              115.5827663,
              -2.1745459
            ]
          ]
        ]
      },
      "properties": {
        "tipe": "Radius 500m (Bendera)",
        "color": "#00ff00",
        "fillColor": "#00ff00",
        "fillOpacity": 1.0,
        "weight": 1
      }
    },
    {
      "type": "Feature",
      "geometry": {
        "type": "Polygon",
        "coordinates": [
          [
            [
              115.5827663,
              -2.1745459
            ],
            [
              115.5831325,
              -2.174651
            ],
            [
              115.5829206,
              -2.1747878
            ],
            [
              115.5827663,
              -2.1745459
            ]
          ]
        ]
      },
      "properties": {
        "tipe": "Radius 500m (Bendera)",
        "color": "#00ff00",
        "fillColor": "#00ff00",
        "fillOpacity": 1.0,
        "weight": 1
      }
    },
    {
      "type": "Feature",
      "geometry": {
        "type": "Polygon",
        "coordinates": [
          [
            [
              115.5827663,
              -2.1745459
            ],
            [
              115.5831325,
              -2.174651
            ],
            [
              115.5829206,
              -2.1747878
            ],
            [
              115.5827663,
              -2.1745459
            ]
          ]
        ]
      },
      "properties": {
        "tipe": "Radius 500m (Bendera)",
        "color": "#00ff00",
        "fillColor": "#00ff00",
        "fillOpacity": 1.0,
        "weight": 1
      }
    },
    {
      "type": "Feature",
      "geometry": {
        "type": "Polygon",
        "coordinates": [
          [
            [
              115.5827663,
              -2.1745459
            ],
            [
              115.5831325,
              -2.174651
            ],
            [
              115.5829206,
              -2.1747878
            ],
            [
              115.5827663,
              -2.1745459
            ]
          ]
        ]
      },
      "properties": {
        "tipe": "Radius 500m (Bendera)",
        "color": "#00ff00",
        "fillColor": "#00ff00",
        "fillOpacity": 1.0,
        "weight": 1
      }
    },
    {
      "type": "Feature",
      "geometry": {
        "type": "Polygon",
        "coordinates": [
          [
            [
              115.5827663,
              -2.1745459
            ],
            [
              115.5831325,
              -2.174651
            ],
            [
              115.5829206,
              -2.1747878
            ],
            [
              115.5827663,
              -2.1745459
            ]
          ]
        ]
      },
      "properties": {
        "tipe": "Radius 500m (Bendera)",
        "color": "#00ff00",
        "fillColor": "#00ff00",
        "fillOpacity": 1.0,
        "weight": 1
      }
    },
    {
      "type": "Feature",
      "geometry": {
        "type": "Polygon",
        "coordinates": [
          [
            [
              115.5802854,
              -2.1749778
            ],
            [
              115.5806516,
              -2.1750829
            ],
            [
              115.5804397,
              -2.1752197
            ],
            [
              115.5802854,
              -2.1749778
            ]
          ]
        ]
      },
      "properties": {
        "tipe": "Radius 500m (Bendera)",
        "color": "#00ff00",
        "fillColor": "#00ff00",
        "fillOpacity": 1.0,
        "weight": 1
      }
    },
    {
      "type": "Feature",
      "geometry": {
        "type": "Polygon",
        "coordinates": [
          [
            [
              115.5802854,
              -2.1749778
            ],
            [
              115.5806516,
              -2.1750829
            ],
            [
              115.5804397,
              -2.1752197
            ],
            [
              115.5802854,
              -2.1749778
            ]
          ]
        ]
      },
      "properties": {
        "tipe": "Radius 500m (Bendera)",
        "color": "#00ff00",
        "fillColor": "#00ff00",
        "fillOpacity": 1.0,
        "weight": 1
      }
    },
    {
      "type": "Feature",
      "geometry": {
        "type": "Polygon",
        "coordinates": [
          [
            [
              115.5802854,
              -2.1749778
            ],
            [
              115.5806516,
              -2.1750829
            ],
            [
              115.5804397,
              -2.1752197
            ],
            [
              115.5802854,
              -2.1749778
            ]
          ]
        ]
      },
      "properties": {
        "tipe": "Radius 500m (Bendera)",
        "color": "#00ff00",
        "fillColor": "#00ff00",
        "fillOpacity": 1.0,
        "weight": 1
      }
    },
    {
      "type": "Feature",
      "geometry": {
        "type": "Polygon",
        "coordinates": [
          [
            [
              115.5802854,
              -2.1749778
            ],
            [
              115.5806516,
              -2.1750829
            ],
            [
              115.5804397,
              -2.1752197
            ],
            [
              115.5802854,
              -2.1749778
            ]
          ]
        ]
      },
      "properties": {
        "tipe": "Radius 500m (Bendera)",
        "color": "#00ff00",
        "fillColor": "#00ff00",
        "fillOpacity": 1.0,
        "weight": 1
      }
    },
    {
      "type": "Feature",
      "geometry": {
        "type": "Polygon",
        "coordinates": [
          [
            [
              115.5802854,
              -2.1749778
            ],
            [
              115.5806516,
              -2.1750829
            ],
            [
              115.5804397,
              -2.1752197
            ],
            [
              115.5802854,
              -2.1749778
            ]
          ]
        ]
      },
      "properties": {
        "tipe": "Radius 500m (Bendera)",
        "color": "#00ff00",
        "fillColor": "#00ff00",
        "fillOpacity": 1.0,
        "weight": 1
      }
    },
    {
      "type": "Feature",
      "geometry": {
        "type": "Polygon",
        "coordinates": [
          [
            [
              115.5802854,
              -2.1749778
            ],
            [
              115.5806516,
              -2.1750829
            ],
            [
              115.5804397,
              -2.1752197
            ],
            [
              115.5802854,
              -2.1749778
            ]
          ]
        ]
      },
      "properties": {
        "tipe": "Radius 500m (Bendera)",
        "color": "#00ff00",
        "fillColor": "#00ff00",
        "fillOpacity": 1.0,
        "weight": 1
      }
    },
    {
      "type": "Feature",
      "geometry": {
        "type": "Polygon",
        "coordinates": [
          [
            [
              115.5805703,
              -2.1748507
            ],
            [
              115.5809365,
              -2.1749558
            ],
            [
              115.5807246,
              -2.1750926
            ],
            [
              115.5805703,
              -2.1748507
            ]
          ]
        ]
      },
      "properties": {
        "tipe": "Radius 500m (Bendera)",
        "color": "#00ff00",
        "fillColor": "#00ff00",
        "fillOpacity": 1.0,
        "weight": 1
      }
    },
    {
      "type": "Feature",
      "geometry": {
        "type": "Polygon",
        "coordinates": [
          [
            [
              115.5805703,
              -2.1748507
            ],
            [
              115.5809365,
              -2.1749558
            ],
            [
              115.5807246,
              -2.1750926
            ],
            [
              115.5805703,
              -2.1748507
            ]
          ]
        ]
      },
      "properties": {
        "tipe": "Radius 500m (Bendera)",
        "color": "#00ff00",
        "fillColor": "#00ff00",
        "fillOpacity": 1.0,
        "weight": 1
      }
    },
    {
      "type": "Feature",
      "geometry": {
        "type": "Polygon",
        "coordinates": [
          [
            [
              115.5805703,
              -2.1748507
            ],
            [
              115.5809365,
              -2.1749558
            ],
            [
              115.5807246,
              -2.1750926
            ],
            [
              115.5805703,
              -2.1748507
            ]
          ]
        ]
      },
      "properties": {
        "tipe": "Radius 500m (Bendera)",
        "color": "#00ff00",
        "fillColor": "#00ff00",
        "fillOpacity": 1.0,
        "weight": 1
      }
    },
    {
      "type": "Feature",
      "geometry": {
        "type": "Polygon",
        "coordinates": [
          [
            [
              115.5805703,
              -2.1748507
            ],
            [
              115.5809365,
              -2.1749558
            ],
            [
              115.5807246,
              -2.1750926
            ],
            [
              115.5805703,
              -2.1748507
            ]
          ]
        ]
      },
      "properties": {
        "tipe": "Radius 500m (Bendera)",
        "color": "#00ff00",
        "fillColor": "#00ff00",
        "fillOpacity": 1.0,
        "weight": 1
      }
    },
    {
      "type": "Feature",
      "geometry": {
        "type": "Polygon",
        "coordinates": [
          [
            [
              115.5805703,
              -2.1748507
            ],
            [
              115.5809365,
              -2.1749558
            ],
            [
              115.5807246,
              -2.1750926
            ],
            [
              115.5805703,
              -2.1748507
            ]
          ]
        ]
      },
      "properties": {
        "tipe": "Radius 500m (Bendera)",
        "color": "#00ff00",
        "fillColor": "#00ff00",
        "fillOpacity": 1.0,
        "weight": 1
      }
    },
    {
      "type": "Feature",
      "geometry": {
        "type": "Polygon",
        "coordinates": [
          [
            [
              115.5805703,
              -2.1748507
            ],
            [
              115.5809365,
              -2.1749558
            ],
            [
              115.5807246,
              -2.1750926
            ],
            [
              115.5805703,
              -2.1748507
            ]
          ]
        ]
      },
      "properties": {
        "tipe": "Radius 500m (Bendera)",
        "color": "#00ff00",
        "fillColor": "#00ff00",
        "fillOpacity": 1.0,
        "weight": 1
      }
    },
    {
      "type": "Feature",
      "geometry": {
        "type": "Polygon",
        "coordinates": [
          [
            [
              115.5781874,
              -2.1770959
            ],
            [
              115.5785535,
              -2.1772011
            ],
            [
              115.5783416,
              -2.1773378
            ],
            [
              115.5781874,
              -2.1770959
            ]
          ]
        ]
      },
      "properties": {
        "tipe": "Radius 500m (Bendera)",
        "color": "#00ff00",
        "fillColor": "#00ff00",
        "fillOpacity": 1.0,
        "weight": 1
      }
    },
    {
      "type": "Feature",
      "geometry": {
        "type": "Polygon",
        "coordinates": [
          [
            [
              115.5781874,
              -2.1770959
            ],
            [
              115.5785535,
              -2.1772011
            ],
            [
              115.5783416,
              -2.1773378
            ],
            [
              115.5781874,
              -2.1770959
            ]
          ]
        ]
      },
      "properties": {
        "tipe": "Radius 500m (Bendera)",
        "color": "#00ff00",
        "fillColor": "#00ff00",
        "fillOpacity": 1.0,
        "weight": 1
      }
    },
    {
      "type": "Feature",
      "geometry": {
        "type": "Polygon",
        "coordinates": [
          [
            [
              115.5781874,
              -2.1770959
            ],
            [
              115.5785535,
              -2.1772011
            ],
            [
              115.5783416,
              -2.1773378
            ],
            [
              115.5781874,
              -2.1770959
            ]
          ]
        ]
      },
      "properties": {
        "tipe": "Radius 500m (Bendera)",
        "color": "#00ff00",
        "fillColor": "#00ff00",
        "fillOpacity": 1.0,
        "weight": 1
      }
    },
    {
      "type": "Feature",
      "geometry": {
        "type": "Polygon",
        "coordinates": [
          [
            [
              115.5781874,
              -2.1770959
            ],
            [
              115.5785535,
              -2.1772011
            ],
            [
              115.5783416,
              -2.1773378
            ],
            [
              115.5781874,
              -2.1770959
            ]
          ]
        ]
      },
      "properties": {
        "tipe": "Radius 500m (Bendera)",
        "color": "#00ff00",
        "fillColor": "#00ff00",
        "fillOpacity": 1.0,
        "weight": 1
      }
    },
    {
      "type": "Feature",
      "geometry": {
        "type": "Polygon",
        "coordinates": [
          [
            [
              115.5781874,
              -2.1770959
            ],
            [
              115.5785535,
              -2.1772011
            ],
            [
              115.5783416,
              -2.1773378
            ],
            [
              115.5781874,
              -2.1770959
            ]
          ]
        ]
      },
      "properties": {
        "tipe": "Radius 500m (Bendera)",
        "color": "#00ff00",
        "fillColor": "#00ff00",
        "fillOpacity": 1.0,
        "weight": 1
      }
    },
    {
      "type": "Feature",
      "geometry": {
        "type": "Polygon",
        "coordinates": [
          [
            [
              115.5781874,
              -2.1770959
            ],
            [
              115.5785535,
              -2.1772011
            ],
            [
              115.5783416,
              -2.1773378
            ],
            [
              115.5781874,
              -2.1770959
            ]
          ]
        ]
      },
      "properties": {
        "tipe": "Radius 500m (Bendera)",
        "color": "#00ff00",
        "fillColor": "#00ff00",
        "fillOpacity": 1.0,
        "weight": 1
      }
    },
    {
      "type": "Feature",
      "geometry": {
        "type": "LineString",
        "coordinates": [
          [
            115.5781874,
            -2.1770959
          ],
          [
            115.5785683,
            -2.1776931
          ]
        ]
      },
      "properties": {
        "tipe": "Radius 500m",
        "color": "#00ff00",
        "weight": 2.5,
        "fill": false
      }
    },
    {
      "type": "Feature",
      "geometry": {
        "type": "LineString",
        "coordinates": [
          [
            115.5802854,
            -2.1749778
          ],
          [
            115.5806663,
            -2.175575
          ]
        ]
      },
      "properties": {
        "tipe": "Radius 500m",
        "color": "#00ff00",
        "weight": 2.5,
        "fill": false
      }
    },
    {
      "type": "Feature",
      "geometry": {
        "type": "LineString",
        "coordinates": [
          [
            115.5805703,
            -2.1748507
          ],
          [
            115.5809512,
            -2.1754479
          ]
        ]
      },
      "properties": {
        "tipe": "Radius 500m",
        "color": "#00ff00",
        "weight": 2.5,
        "fill": false
      }
    },
    {
      "type": "Feature",
      "geometry": {
        "type": "LineString",
        "coordinates": [
          [
            115.5827663,
            -2.1745459
          ],
          [
            115.5831472,
            -2.1751431
          ]
        ]
      },
      "properties": {
        "tipe": "Radius 500m",
        "color": "#00ff00",
        "weight": 2.5,
        "fill": false
      }
    },
    {
      "type": "Feature",
      "geometry": {
        "type": "LineString",
        "coordinates": [
          [
            115.5849549,
            -2.1754198
          ],
          [
            115.5853358,
            -2.176017
          ]
        ]
      },
      "properties": {
        "tipe": "Radius 500m",
        "color": "#00ff00",
        "weight": 2.5,
        "fill": false
      }
    },
    {
      "type": "Feature",
      "geometry": {
        "type": "LineString",
        "coordinates": [
          [
            115.58435,
            -2.1750363
          ],
          [
            115.5847309,
            -2.1756335
          ]
        ]
      },
      "properties": {
        "tipe": "Radius 500m",
        "color": "#00ff00",
        "weight": 2.5,
        "fill": false
      }
    },
    {
      "type": "Feature",
      "geometry": {
        "type": "LineString",
        "coordinates": [
          [
            115.584771,
            -2.1752877
          ],
          [
            115.5851519,
            -2.1758849
          ]
        ]
      },
      "properties": {
        "tipe": "Radius 500m",
        "color": "#00ff00",
        "weight": 2.5,
        "fill": false
      }
    },
    {
      "type": "Feature",
      "geometry": {
        "type": "Polygon",
        "coordinates": [
          [
            [
              115.5806165,
              -2.159406
            ],
            [
              115.5809826,
              -2.1595112
            ],
            [
              115.5807707,
              -2.1596479
            ],
            [
              115.5806165,
              -2.159406
            ]
          ]
        ]
      },
      "properties": {
        "tipe": "Radius 500m (Bendera)",
        "color": "#00ff00",
        "fillColor": "#00ff00",
        "fillOpacity": 1.0,
        "weight": 1
      }
    },
    {
      "type": "Feature",
      "geometry": {
        "type": "Polygon",
        "coordinates": [
          [
            [
              115.5806165,
              -2.159406
            ],
            [
              115.5809826,
              -2.1595112
            ],
            [
              115.5807707,
              -2.1596479
            ],
            [
              115.5806165,
              -2.159406
            ]
          ]
        ]
      },
      "properties": {
        "tipe": "Radius 500m (Bendera)",
        "color": "#00ff00",
        "fillColor": "#00ff00",
        "fillOpacity": 1.0,
        "weight": 1
      }
    },
    {
      "type": "Feature",
      "geometry": {
        "type": "Polygon",
        "coordinates": [
          [
            [
              115.5806165,
              -2.159406
            ],
            [
              115.5809826,
              -2.1595112
            ],
            [
              115.5807707,
              -2.1596479
            ],
            [
              115.5806165,
              -2.159406
            ]
          ]
        ]
      },
      "properties": {
        "tipe": "Radius 500m (Bendera)",
        "color": "#00ff00",
        "fillColor": "#00ff00",
        "fillOpacity": 1.0,
        "weight": 1
      }
    },
    {
      "type": "Feature",
      "geometry": {
        "type": "Polygon",
        "coordinates": [
          [
            [
              115.5806165,
              -2.159406
            ],
            [
              115.5809826,
              -2.1595112
            ],
            [
              115.5807707,
              -2.1596479
            ],
            [
              115.5806165,
              -2.159406
            ]
          ]
        ]
      },
      "properties": {
        "tipe": "Radius 500m (Bendera)",
        "color": "#00ff00",
        "fillColor": "#00ff00",
        "fillOpacity": 1.0,
        "weight": 1
      }
    },
    {
      "type": "Feature",
      "geometry": {
        "type": "Polygon",
        "coordinates": [
          [
            [
              115.5806165,
              -2.159406
            ],
            [
              115.5809826,
              -2.1595112
            ],
            [
              115.5807707,
              -2.1596479
            ],
            [
              115.5806165,
              -2.159406
            ]
          ]
        ]
      },
      "properties": {
        "tipe": "Radius 500m (Bendera)",
        "color": "#00ff00",
        "fillColor": "#00ff00",
        "fillOpacity": 1.0,
        "weight": 1
      }
    },
    {
      "type": "Feature",
      "geometry": {
        "type": "Polygon",
        "coordinates": [
          [
            [
              115.5806165,
              -2.159406
            ],
            [
              115.5809826,
              -2.1595112
            ],
            [
              115.5807707,
              -2.1596479
            ],
            [
              115.5806165,
              -2.159406
            ]
          ]
        ]
      },
      "properties": {
        "tipe": "Radius 500m (Bendera)",
        "color": "#00ff00",
        "fillColor": "#00ff00",
        "fillOpacity": 1.0,
        "weight": 1
      }
    },
    {
      "type": "Feature",
      "geometry": {
        "type": "Polygon",
        "coordinates": [
          [
            [
              115.5818042,
              -2.1597309
            ],
            [
              115.5821703,
              -2.159836
            ],
            [
              115.5819585,
              -2.1599728
            ],
            [
              115.5818042,
              -2.1597309
            ]
          ]
        ]
      },
      "properties": {
        "tipe": "Radius 500m (Bendera)",
        "color": "#00ff00",
        "fillColor": "#00ff00",
        "fillOpacity": 1.0,
        "weight": 1
      }
    },
    {
      "type": "Feature",
      "geometry": {
        "type": "Polygon",
        "coordinates": [
          [
            [
              115.5818042,
              -2.1597309
            ],
            [
              115.5821703,
              -2.159836
            ],
            [
              115.5819585,
              -2.1599728
            ],
            [
              115.5818042,
              -2.1597309
            ]
          ]
        ]
      },
      "properties": {
        "tipe": "Radius 500m (Bendera)",
        "color": "#00ff00",
        "fillColor": "#00ff00",
        "fillOpacity": 1.0,
        "weight": 1
      }
    },
    {
      "type": "Feature",
      "geometry": {
        "type": "Polygon",
        "coordinates": [
          [
            [
              115.5818042,
              -2.1597309
            ],
            [
              115.5821703,
              -2.159836
            ],
            [
              115.5819585,
              -2.1599728
            ],
            [
              115.5818042,
              -2.1597309
            ]
          ]
        ]
      },
      "properties": {
        "tipe": "Radius 500m (Bendera)",
        "color": "#00ff00",
        "fillColor": "#00ff00",
        "fillOpacity": 1.0,
        "weight": 1
      }
    },
    {
      "type": "Feature",
      "geometry": {
        "type": "Polygon",
        "coordinates": [
          [
            [
              115.5818042,
              -2.1597309
            ],
            [
              115.5821703,
              -2.159836
            ],
            [
              115.5819585,
              -2.1599728
            ],
            [
              115.5818042,
              -2.1597309
            ]
          ]
        ]
      },
      "properties": {
        "tipe": "Radius 500m (Bendera)",
        "color": "#00ff00",
        "fillColor": "#00ff00",
        "fillOpacity": 1.0,
        "weight": 1
      }
    },
    {
      "type": "Feature",
      "geometry": {
        "type": "Polygon",
        "coordinates": [
          [
            [
              115.5818042,
              -2.1597309
            ],
            [
              115.5821703,
              -2.159836
            ],
            [
              115.5819585,
              -2.1599728
            ],
            [
              115.5818042,
              -2.1597309
            ]
          ]
        ]
      },
      "properties": {
        "tipe": "Radius 500m (Bendera)",
        "color": "#00ff00",
        "fillColor": "#00ff00",
        "fillOpacity": 1.0,
        "weight": 1
      }
    },
    {
      "type": "Feature",
      "geometry": {
        "type": "Polygon",
        "coordinates": [
          [
            [
              115.5818042,
              -2.1597309
            ],
            [
              115.5821703,
              -2.159836
            ],
            [
              115.5819585,
              -2.1599728
            ],
            [
              115.5818042,
              -2.1597309
            ]
          ]
        ]
      },
      "properties": {
        "tipe": "Radius 500m (Bendera)",
        "color": "#00ff00",
        "fillColor": "#00ff00",
        "fillOpacity": 1.0,
        "weight": 1
      }
    },
    {
      "type": "Feature",
      "geometry": {
        "type": "Polygon",
        "coordinates": [
          [
            [
              115.582154,
              -2.159892
            ],
            [
              115.5825202,
              -2.1599972
            ],
            [
              115.5823083,
              -2.1601339
            ],
            [
              115.582154,
              -2.159892
            ]
          ]
        ]
      },
      "properties": {
        "tipe": "Radius 500m (Bendera)",
        "color": "#00ff00",
        "fillColor": "#00ff00",
        "fillOpacity": 1.0,
        "weight": 1
      }
    },
    {
      "type": "Feature",
      "geometry": {
        "type": "Polygon",
        "coordinates": [
          [
            [
              115.582154,
              -2.159892
            ],
            [
              115.5825202,
              -2.1599972
            ],
            [
              115.5823083,
              -2.1601339
            ],
            [
              115.582154,
              -2.159892
            ]
          ]
        ]
      },
      "properties": {
        "tipe": "Radius 500m (Bendera)",
        "color": "#00ff00",
        "fillColor": "#00ff00",
        "fillOpacity": 1.0,
        "weight": 1
      }
    },
    {
      "type": "Feature",
      "geometry": {
        "type": "Polygon",
        "coordinates": [
          [
            [
              115.582154,
              -2.159892
            ],
            [
              115.5825202,
              -2.1599972
            ],
            [
              115.5823083,
              -2.1601339
            ],
            [
              115.582154,
              -2.159892
            ]
          ]
        ]
      },
      "properties": {
        "tipe": "Radius 500m (Bendera)",
        "color": "#00ff00",
        "fillColor": "#00ff00",
        "fillOpacity": 1.0,
        "weight": 1
      }
    },
    {
      "type": "Feature",
      "geometry": {
        "type": "Polygon",
        "coordinates": [
          [
            [
              115.582154,
              -2.159892
            ],
            [
              115.5825202,
              -2.1599972
            ],
            [
              115.5823083,
              -2.1601339
            ],
            [
              115.582154,
              -2.159892
            ]
          ]
        ]
      },
      "properties": {
        "tipe": "Radius 500m (Bendera)",
        "color": "#00ff00",
        "fillColor": "#00ff00",
        "fillOpacity": 1.0,
        "weight": 1
      }
    },
    {
      "type": "Feature",
      "geometry": {
        "type": "Polygon",
        "coordinates": [
          [
            [
              115.582154,
              -2.159892
            ],
            [
              115.5825202,
              -2.1599972
            ],
            [
              115.5823083,
              -2.1601339
            ],
            [
              115.582154,
              -2.159892
            ]
          ]
        ]
      },
      "properties": {
        "tipe": "Radius 500m (Bendera)",
        "color": "#00ff00",
        "fillColor": "#00ff00",
        "fillOpacity": 1.0,
        "weight": 1
      }
    },
    {
      "type": "Feature",
      "geometry": {
        "type": "Polygon",
        "coordinates": [
          [
            [
              115.582154,
              -2.159892
            ],
            [
              115.5825202,
              -2.1599972
            ],
            [
              115.5823083,
              -2.1601339
            ],
            [
              115.582154,
              -2.159892
            ]
          ]
        ]
      },
      "properties": {
        "tipe": "Radius 500m (Bendera)",
        "color": "#00ff00",
        "fillColor": "#00ff00",
        "fillOpacity": 1.0,
        "weight": 1
      }
    },
    {
      "type": "Feature",
      "geometry": {
        "type": "Polygon",
        "coordinates": [
          [
            [
              115.5834806,
              -2.1608955
            ],
            [
              115.5838468,
              -2.1610007
            ],
            [
              115.5836349,
              -2.1611374
            ],
            [
              115.5834806,
              -2.1608955
            ]
          ]
        ]
      },
      "properties": {
        "tipe": "Radius 500m (Bendera)",
        "color": "#00ff00",
        "fillColor": "#00ff00",
        "fillOpacity": 1.0,
        "weight": 1
      }
    },
    {
      "type": "Feature",
      "geometry": {
        "type": "Polygon",
        "coordinates": [
          [
            [
              115.5834806,
              -2.1608955
            ],
            [
              115.5838468,
              -2.1610007
            ],
            [
              115.5836349,
              -2.1611374
            ],
            [
              115.5834806,
              -2.1608955
            ]
          ]
        ]
      },
      "properties": {
        "tipe": "Radius 500m (Bendera)",
        "color": "#00ff00",
        "fillColor": "#00ff00",
        "fillOpacity": 1.0,
        "weight": 1
      }
    },
    {
      "type": "Feature",
      "geometry": {
        "type": "Polygon",
        "coordinates": [
          [
            [
              115.5834806,
              -2.1608955
            ],
            [
              115.5838468,
              -2.1610007
            ],
            [
              115.5836349,
              -2.1611374
            ],
            [
              115.5834806,
              -2.1608955
            ]
          ]
        ]
      },
      "properties": {
        "tipe": "Radius 500m (Bendera)",
        "color": "#00ff00",
        "fillColor": "#00ff00",
        "fillOpacity": 1.0,
        "weight": 1
      }
    },
    {
      "type": "Feature",
      "geometry": {
        "type": "Polygon",
        "coordinates": [
          [
            [
              115.5834806,
              -2.1608955
            ],
            [
              115.5838468,
              -2.1610007
            ],
            [
              115.5836349,
              -2.1611374
            ],
            [
              115.5834806,
              -2.1608955
            ]
          ]
        ]
      },
      "properties": {
        "tipe": "Radius 500m (Bendera)",
        "color": "#00ff00",
        "fillColor": "#00ff00",
        "fillOpacity": 1.0,
        "weight": 1
      }
    },
    {
      "type": "Feature",
      "geometry": {
        "type": "Polygon",
        "coordinates": [
          [
            [
              115.5834806,
              -2.1608955
            ],
            [
              115.5838468,
              -2.1610007
            ],
            [
              115.5836349,
              -2.1611374
            ],
            [
              115.5834806,
              -2.1608955
            ]
          ]
        ]
      },
      "properties": {
        "tipe": "Radius 500m (Bendera)",
        "color": "#00ff00",
        "fillColor": "#00ff00",
        "fillOpacity": 1.0,
        "weight": 1
      }
    },
    {
      "type": "Feature",
      "geometry": {
        "type": "Polygon",
        "coordinates": [
          [
            [
              115.5834806,
              -2.1608955
            ],
            [
              115.5838468,
              -2.1610007
            ],
            [
              115.5836349,
              -2.1611374
            ],
            [
              115.5834806,
              -2.1608955
            ]
          ]
        ]
      },
      "properties": {
        "tipe": "Radius 500m (Bendera)",
        "color": "#00ff00",
        "fillColor": "#00ff00",
        "fillOpacity": 1.0,
        "weight": 1
      }
    },
    {
      "type": "Feature",
      "geometry": {
        "type": "Polygon",
        "coordinates": [
          [
            [
              115.5837882,
              -2.1612778
            ],
            [
              115.5841544,
              -2.1613829
            ],
            [
              115.5839425,
              -2.1615197
            ],
            [
              115.5837882,
              -2.1612778
            ]
          ]
        ]
      },
      "properties": {
        "tipe": "Radius 500m (Bendera)",
        "color": "#00ff00",
        "fillColor": "#00ff00",
        "fillOpacity": 1.0,
        "weight": 1
      }
    },
    {
      "type": "Feature",
      "geometry": {
        "type": "Polygon",
        "coordinates": [
          [
            [
              115.5837882,
              -2.1612778
            ],
            [
              115.5841544,
              -2.1613829
            ],
            [
              115.5839425,
              -2.1615197
            ],
            [
              115.5837882,
              -2.1612778
            ]
          ]
        ]
      },
      "properties": {
        "tipe": "Radius 500m (Bendera)",
        "color": "#00ff00",
        "fillColor": "#00ff00",
        "fillOpacity": 1.0,
        "weight": 1
      }
    },
    {
      "type": "Feature",
      "geometry": {
        "type": "Polygon",
        "coordinates": [
          [
            [
              115.5837882,
              -2.1612778
            ],
            [
              115.5841544,
              -2.1613829
            ],
            [
              115.5839425,
              -2.1615197
            ],
            [
              115.5837882,
              -2.1612778
            ]
          ]
        ]
      },
      "properties": {
        "tipe": "Radius 500m (Bendera)",
        "color": "#00ff00",
        "fillColor": "#00ff00",
        "fillOpacity": 1.0,
        "weight": 1
      }
    },
    {
      "type": "Feature",
      "geometry": {
        "type": "Polygon",
        "coordinates": [
          [
            [
              115.5837882,
              -2.1612778
            ],
            [
              115.5841544,
              -2.1613829
            ],
            [
              115.5839425,
              -2.1615197
            ],
            [
              115.5837882,
              -2.1612778
            ]
          ]
        ]
      },
      "properties": {
        "tipe": "Radius 500m (Bendera)",
        "color": "#00ff00",
        "fillColor": "#00ff00",
        "fillOpacity": 1.0,
        "weight": 1
      }
    },
    {
      "type": "Feature",
      "geometry": {
        "type": "Polygon",
        "coordinates": [
          [
            [
              115.5837882,
              -2.1612778
            ],
            [
              115.5841544,
              -2.1613829
            ],
            [
              115.5839425,
              -2.1615197
            ],
            [
              115.5837882,
              -2.1612778
            ]
          ]
        ]
      },
      "properties": {
        "tipe": "Radius 500m (Bendera)",
        "color": "#00ff00",
        "fillColor": "#00ff00",
        "fillOpacity": 1.0,
        "weight": 1
      }
    },
    {
      "type": "Feature",
      "geometry": {
        "type": "Polygon",
        "coordinates": [
          [
            [
              115.5837882,
              -2.1612778
            ],
            [
              115.5841544,
              -2.1613829
            ],
            [
              115.5839425,
              -2.1615197
            ],
            [
              115.5837882,
              -2.1612778
            ]
          ]
        ]
      },
      "properties": {
        "tipe": "Radius 500m (Bendera)",
        "color": "#00ff00",
        "fillColor": "#00ff00",
        "fillOpacity": 1.0,
        "weight": 1
      }
    },
    {
      "type": "Feature",
      "geometry": {
        "type": "Polygon",
        "coordinates": [
          [
            [
              115.5842925,
              -2.1620422
            ],
            [
              115.5846587,
              -2.1621473
            ],
            [
              115.5844468,
              -2.1622841
            ],
            [
              115.5842925,
              -2.1620422
            ]
          ]
        ]
      },
      "properties": {
        "tipe": "Radius 500m (Bendera)",
        "color": "#00ff00",
        "fillColor": "#00ff00",
        "fillOpacity": 1.0,
        "weight": 1
      }
    },
    {
      "type": "Feature",
      "geometry": {
        "type": "Polygon",
        "coordinates": [
          [
            [
              115.5842925,
              -2.1620422
            ],
            [
              115.5846587,
              -2.1621473
            ],
            [
              115.5844468,
              -2.1622841
            ],
            [
              115.5842925,
              -2.1620422
            ]
          ]
        ]
      },
      "properties": {
        "tipe": "Radius 500m (Bendera)",
        "color": "#00ff00",
        "fillColor": "#00ff00",
        "fillOpacity": 1.0,
        "weight": 1
      }
    },
    {
      "type": "Feature",
      "geometry": {
        "type": "Polygon",
        "coordinates": [
          [
            [
              115.5842925,
              -2.1620422
            ],
            [
              115.5846587,
              -2.1621473
            ],
            [
              115.5844468,
              -2.1622841
            ],
            [
              115.5842925,
              -2.1620422
            ]
          ]
        ]
      },
      "properties": {
        "tipe": "Radius 500m (Bendera)",
        "color": "#00ff00",
        "fillColor": "#00ff00",
        "fillOpacity": 1.0,
        "weight": 1
      }
    },
    {
      "type": "Feature",
      "geometry": {
        "type": "Polygon",
        "coordinates": [
          [
            [
              115.5842925,
              -2.1620422
            ],
            [
              115.5846587,
              -2.1621473
            ],
            [
              115.5844468,
              -2.1622841
            ],
            [
              115.5842925,
              -2.1620422
            ]
          ]
        ]
      },
      "properties": {
        "tipe": "Radius 500m (Bendera)",
        "color": "#00ff00",
        "fillColor": "#00ff00",
        "fillOpacity": 1.0,
        "weight": 1
      }
    },
    {
      "type": "Feature",
      "geometry": {
        "type": "Polygon",
        "coordinates": [
          [
            [
              115.5842925,
              -2.1620422
            ],
            [
              115.5846587,
              -2.1621473
            ],
            [
              115.5844468,
              -2.1622841
            ],
            [
              115.5842925,
              -2.1620422
            ]
          ]
        ]
      },
      "properties": {
        "tipe": "Radius 500m (Bendera)",
        "color": "#00ff00",
        "fillColor": "#00ff00",
        "fillOpacity": 1.0,
        "weight": 1
      }
    },
    {
      "type": "Feature",
      "geometry": {
        "type": "Polygon",
        "coordinates": [
          [
            [
              115.5842925,
              -2.1620422
            ],
            [
              115.5846587,
              -2.1621473
            ],
            [
              115.5844468,
              -2.1622841
            ],
            [
              115.5842925,
              -2.1620422
            ]
          ]
        ]
      },
      "properties": {
        "tipe": "Radius 500m (Bendera)",
        "color": "#00ff00",
        "fillColor": "#00ff00",
        "fillOpacity": 1.0,
        "weight": 1
      }
    },
    {
      "type": "Feature",
      "geometry": {
        "type": "Polygon",
        "coordinates": [
          [
            [
              115.5862803,
              -2.1636836
            ],
            [
              115.5866465,
              -2.1637888
            ],
            [
              115.5864346,
              -2.1639255
            ],
            [
              115.5862803,
              -2.1636836
            ]
          ]
        ]
      },
      "properties": {
        "tipe": "Radius 500m (Bendera)",
        "color": "#00ff00",
        "fillColor": "#00ff00",
        "fillOpacity": 1.0,
        "weight": 1
      }
    },
    {
      "type": "Feature",
      "geometry": {
        "type": "Polygon",
        "coordinates": [
          [
            [
              115.5862803,
              -2.1636836
            ],
            [
              115.5866465,
              -2.1637888
            ],
            [
              115.5864346,
              -2.1639255
            ],
            [
              115.5862803,
              -2.1636836
            ]
          ]
        ]
      },
      "properties": {
        "tipe": "Radius 500m (Bendera)",
        "color": "#00ff00",
        "fillColor": "#00ff00",
        "fillOpacity": 1.0,
        "weight": 1
      }
    },
    {
      "type": "Feature",
      "geometry": {
        "type": "Polygon",
        "coordinates": [
          [
            [
              115.5862803,
              -2.1636836
            ],
            [
              115.5866465,
              -2.1637888
            ],
            [
              115.5864346,
              -2.1639255
            ],
            [
              115.5862803,
              -2.1636836
            ]
          ]
        ]
      },
      "properties": {
        "tipe": "Radius 500m (Bendera)",
        "color": "#00ff00",
        "fillColor": "#00ff00",
        "fillOpacity": 1.0,
        "weight": 1
      }
    },
    {
      "type": "Feature",
      "geometry": {
        "type": "Polygon",
        "coordinates": [
          [
            [
              115.5862803,
              -2.1636836
            ],
            [
              115.5866465,
              -2.1637888
            ],
            [
              115.5864346,
              -2.1639255
            ],
            [
              115.5862803,
              -2.1636836
            ]
          ]
        ]
      },
      "properties": {
        "tipe": "Radius 500m (Bendera)",
        "color": "#00ff00",
        "fillColor": "#00ff00",
        "fillOpacity": 1.0,
        "weight": 1
      }
    },
    {
      "type": "Feature",
      "geometry": {
        "type": "Polygon",
        "coordinates": [
          [
            [
              115.5862803,
              -2.1636836
            ],
            [
              115.5866465,
              -2.1637888
            ],
            [
              115.5864346,
              -2.1639255
            ],
            [
              115.5862803,
              -2.1636836
            ]
          ]
        ]
      },
      "properties": {
        "tipe": "Radius 500m (Bendera)",
        "color": "#00ff00",
        "fillColor": "#00ff00",
        "fillOpacity": 1.0,
        "weight": 1
      }
    },
    {
      "type": "Feature",
      "geometry": {
        "type": "Polygon",
        "coordinates": [
          [
            [
              115.5862803,
              -2.1636836
            ],
            [
              115.5866465,
              -2.1637888
            ],
            [
              115.5864346,
              -2.1639255
            ],
            [
              115.5862803,
              -2.1636836
            ]
          ]
        ]
      },
      "properties": {
        "tipe": "Radius 500m (Bendera)",
        "color": "#00ff00",
        "fillColor": "#00ff00",
        "fillOpacity": 1.0,
        "weight": 1
      }
    },
    {
      "type": "Feature",
      "geometry": {
        "type": "Polygon",
        "coordinates": [
          [
            [
              115.5860833,
              -2.1720429
            ],
            [
              115.5864494,
              -2.172148
            ],
            [
              115.5862375,
              -2.1722848
            ],
            [
              115.5860833,
              -2.1720429
            ]
          ]
        ]
      },
      "properties": {
        "tipe": "Radius 500m (Bendera)",
        "color": "#00ff00",
        "fillColor": "#00ff00",
        "fillOpacity": 1.0,
        "weight": 1
      }
    },
    {
      "type": "Feature",
      "geometry": {
        "type": "Polygon",
        "coordinates": [
          [
            [
              115.5860833,
              -2.1720429
            ],
            [
              115.5864494,
              -2.172148
            ],
            [
              115.5862375,
              -2.1722848
            ],
            [
              115.5860833,
              -2.1720429
            ]
          ]
        ]
      },
      "properties": {
        "tipe": "Radius 500m (Bendera)",
        "color": "#00ff00",
        "fillColor": "#00ff00",
        "fillOpacity": 1.0,
        "weight": 1
      }
    },
    {
      "type": "Feature",
      "geometry": {
        "type": "Polygon",
        "coordinates": [
          [
            [
              115.5860833,
              -2.1720429
            ],
            [
              115.5864494,
              -2.172148
            ],
            [
              115.5862375,
              -2.1722848
            ],
            [
              115.5860833,
              -2.1720429
            ]
          ]
        ]
      },
      "properties": {
        "tipe": "Radius 500m (Bendera)",
        "color": "#00ff00",
        "fillColor": "#00ff00",
        "fillOpacity": 1.0,
        "weight": 1
      }
    },
    {
      "type": "Feature",
      "geometry": {
        "type": "Polygon",
        "coordinates": [
          [
            [
              115.5860833,
              -2.1720429
            ],
            [
              115.5864494,
              -2.172148
            ],
            [
              115.5862375,
              -2.1722848
            ],
            [
              115.5860833,
              -2.1720429
            ]
          ]
        ]
      },
      "properties": {
        "tipe": "Radius 500m (Bendera)",
        "color": "#00ff00",
        "fillColor": "#00ff00",
        "fillOpacity": 1.0,
        "weight": 1
      }
    },
    {
      "type": "Feature",
      "geometry": {
        "type": "Polygon",
        "coordinates": [
          [
            [
              115.5860833,
              -2.1720429
            ],
            [
              115.5864494,
              -2.172148
            ],
            [
              115.5862375,
              -2.1722848
            ],
            [
              115.5860833,
              -2.1720429
            ]
          ]
        ]
      },
      "properties": {
        "tipe": "Radius 500m (Bendera)",
        "color": "#00ff00",
        "fillColor": "#00ff00",
        "fillOpacity": 1.0,
        "weight": 1
      }
    },
    {
      "type": "Feature",
      "geometry": {
        "type": "Polygon",
        "coordinates": [
          [
            [
              115.5860833,
              -2.1720429
            ],
            [
              115.5864494,
              -2.172148
            ],
            [
              115.5862375,
              -2.1722848
            ],
            [
              115.5860833,
              -2.1720429
            ]
          ]
        ]
      },
      "properties": {
        "tipe": "Radius 500m (Bendera)",
        "color": "#00ff00",
        "fillColor": "#00ff00",
        "fillOpacity": 1.0,
        "weight": 1
      }
    },
    {
      "type": "Feature",
      "geometry": {
        "type": "Polygon",
        "coordinates": [
          [
            [
              115.5847262,
              -2.1730039
            ],
            [
              115.5850924,
              -2.1731091
            ],
            [
              115.5848805,
              -2.1732458
            ],
            [
              115.5847262,
              -2.1730039
            ]
          ]
        ]
      },
      "properties": {
        "tipe": "Radius 500m (Bendera)",
        "color": "#00ff00",
        "fillColor": "#00ff00",
        "fillOpacity": 1.0,
        "weight": 1
      }
    },
    {
      "type": "Feature",
      "geometry": {
        "type": "Polygon",
        "coordinates": [
          [
            [
              115.5847262,
              -2.1730039
            ],
            [
              115.5850924,
              -2.1731091
            ],
            [
              115.5848805,
              -2.1732458
            ],
            [
              115.5847262,
              -2.1730039
            ]
          ]
        ]
      },
      "properties": {
        "tipe": "Radius 500m (Bendera)",
        "color": "#00ff00",
        "fillColor": "#00ff00",
        "fillOpacity": 1.0,
        "weight": 1
      }
    },
    {
      "type": "Feature",
      "geometry": {
        "type": "Polygon",
        "coordinates": [
          [
            [
              115.5847262,
              -2.1730039
            ],
            [
              115.5850924,
              -2.1731091
            ],
            [
              115.5848805,
              -2.1732458
            ],
            [
              115.5847262,
              -2.1730039
            ]
          ]
        ]
      },
      "properties": {
        "tipe": "Radius 500m (Bendera)",
        "color": "#00ff00",
        "fillColor": "#00ff00",
        "fillOpacity": 1.0,
        "weight": 1
      }
    },
    {
      "type": "Feature",
      "geometry": {
        "type": "Polygon",
        "coordinates": [
          [
            [
              115.5847262,
              -2.1730039
            ],
            [
              115.5850924,
              -2.1731091
            ],
            [
              115.5848805,
              -2.1732458
            ],
            [
              115.5847262,
              -2.1730039
            ]
          ]
        ]
      },
      "properties": {
        "tipe": "Radius 500m (Bendera)",
        "color": "#00ff00",
        "fillColor": "#00ff00",
        "fillOpacity": 1.0,
        "weight": 1
      }
    },
    {
      "type": "Feature",
      "geometry": {
        "type": "Polygon",
        "coordinates": [
          [
            [
              115.5847262,
              -2.1730039
            ],
            [
              115.5850924,
              -2.1731091
            ],
            [
              115.5848805,
              -2.1732458
            ],
            [
              115.5847262,
              -2.1730039
            ]
          ]
        ]
      },
      "properties": {
        "tipe": "Radius 500m (Bendera)",
        "color": "#00ff00",
        "fillColor": "#00ff00",
        "fillOpacity": 1.0,
        "weight": 1
      }
    },
    {
      "type": "Feature",
      "geometry": {
        "type": "Polygon",
        "coordinates": [
          [
            [
              115.5847262,
              -2.1730039
            ],
            [
              115.5850924,
              -2.1731091
            ],
            [
              115.5848805,
              -2.1732458
            ],
            [
              115.5847262,
              -2.1730039
            ]
          ]
        ]
      },
      "properties": {
        "tipe": "Radius 500m (Bendera)",
        "color": "#00ff00",
        "fillColor": "#00ff00",
        "fillOpacity": 1.0,
        "weight": 1
      }
    },
    {
      "type": "Feature",
      "geometry": {
        "type": "Polygon",
        "coordinates": [
          [
            [
              115.5829806,
              -2.173457
            ],
            [
              115.5833467,
              -2.1735621
            ],
            [
              115.5831348,
              -2.1736989
            ],
            [
              115.5829806,
              -2.173457
            ]
          ]
        ]
      },
      "properties": {
        "tipe": "Radius 500m (Bendera)",
        "color": "#00ff00",
        "fillColor": "#00ff00",
        "fillOpacity": 1.0,
        "weight": 1
      }
    },
    {
      "type": "Feature",
      "geometry": {
        "type": "Polygon",
        "coordinates": [
          [
            [
              115.5829806,
              -2.173457
            ],
            [
              115.5833467,
              -2.1735621
            ],
            [
              115.5831348,
              -2.1736989
            ],
            [
              115.5829806,
              -2.173457
            ]
          ]
        ]
      },
      "properties": {
        "tipe": "Radius 500m (Bendera)",
        "color": "#00ff00",
        "fillColor": "#00ff00",
        "fillOpacity": 1.0,
        "weight": 1
      }
    },
    {
      "type": "Feature",
      "geometry": {
        "type": "Polygon",
        "coordinates": [
          [
            [
              115.5829806,
              -2.173457
            ],
            [
              115.5833467,
              -2.1735621
            ],
            [
              115.5831348,
              -2.1736989
            ],
            [
              115.5829806,
              -2.173457
            ]
          ]
        ]
      },
      "properties": {
        "tipe": "Radius 500m (Bendera)",
        "color": "#00ff00",
        "fillColor": "#00ff00",
        "fillOpacity": 1.0,
        "weight": 1
      }
    },
    {
      "type": "Feature",
      "geometry": {
        "type": "Polygon",
        "coordinates": [
          [
            [
              115.5829806,
              -2.173457
            ],
            [
              115.5833467,
              -2.1735621
            ],
            [
              115.5831348,
              -2.1736989
            ],
            [
              115.5829806,
              -2.173457
            ]
          ]
        ]
      },
      "properties": {
        "tipe": "Radius 500m (Bendera)",
        "color": "#00ff00",
        "fillColor": "#00ff00",
        "fillOpacity": 1.0,
        "weight": 1
      }
    },
    {
      "type": "Feature",
      "geometry": {
        "type": "Polygon",
        "coordinates": [
          [
            [
              115.5829806,
              -2.173457
            ],
            [
              115.5833467,
              -2.1735621
            ],
            [
              115.5831348,
              -2.1736989
            ],
            [
              115.5829806,
              -2.173457
            ]
          ]
        ]
      },
      "properties": {
        "tipe": "Radius 500m (Bendera)",
        "color": "#00ff00",
        "fillColor": "#00ff00",
        "fillOpacity": 1.0,
        "weight": 1
      }
    },
    {
      "type": "Feature",
      "geometry": {
        "type": "Polygon",
        "coordinates": [
          [
            [
              115.5829806,
              -2.173457
            ],
            [
              115.5833467,
              -2.1735621
            ],
            [
              115.5831348,
              -2.1736989
            ],
            [
              115.5829806,
              -2.173457
            ]
          ]
        ]
      },
      "properties": {
        "tipe": "Radius 500m (Bendera)",
        "color": "#00ff00",
        "fillColor": "#00ff00",
        "fillOpacity": 1.0,
        "weight": 1
      }
    },
    {
      "type": "Feature",
      "geometry": {
        "type": "Polygon",
        "coordinates": [
          [
            [
              115.5805796,
              -2.1731185
            ],
            [
              115.5809458,
              -2.1732237
            ],
            [
              115.5807339,
              -2.1733604
            ],
            [
              115.5805796,
              -2.1731185
            ]
          ]
        ]
      },
      "properties": {
        "tipe": "Radius 500m (Bendera)",
        "color": "#00ff00",
        "fillColor": "#00ff00",
        "fillOpacity": 1.0,
        "weight": 1
      }
    },
    {
      "type": "Feature",
      "geometry": {
        "type": "Polygon",
        "coordinates": [
          [
            [
              115.5805796,
              -2.1731185
            ],
            [
              115.5809458,
              -2.1732237
            ],
            [
              115.5807339,
              -2.1733604
            ],
            [
              115.5805796,
              -2.1731185
            ]
          ]
        ]
      },
      "properties": {
        "tipe": "Radius 500m (Bendera)",
        "color": "#00ff00",
        "fillColor": "#00ff00",
        "fillOpacity": 1.0,
        "weight": 1
      }
    },
    {
      "type": "Feature",
      "geometry": {
        "type": "Polygon",
        "coordinates": [
          [
            [
              115.5805796,
              -2.1731185
            ],
            [
              115.5809458,
              -2.1732237
            ],
            [
              115.5807339,
              -2.1733604
            ],
            [
              115.5805796,
              -2.1731185
            ]
          ]
        ]
      },
      "properties": {
        "tipe": "Radius 500m (Bendera)",
        "color": "#00ff00",
        "fillColor": "#00ff00",
        "fillOpacity": 1.0,
        "weight": 1
      }
    },
    {
      "type": "Feature",
      "geometry": {
        "type": "Polygon",
        "coordinates": [
          [
            [
              115.5805796,
              -2.1731185
            ],
            [
              115.5809458,
              -2.1732237
            ],
            [
              115.5807339,
              -2.1733604
            ],
            [
              115.5805796,
              -2.1731185
            ]
          ]
        ]
      },
      "properties": {
        "tipe": "Radius 500m (Bendera)",
        "color": "#00ff00",
        "fillColor": "#00ff00",
        "fillOpacity": 1.0,
        "weight": 1
      }
    },
    {
      "type": "Feature",
      "geometry": {
        "type": "Polygon",
        "coordinates": [
          [
            [
              115.5805796,
              -2.1731185
            ],
            [
              115.5809458,
              -2.1732237
            ],
            [
              115.5807339,
              -2.1733604
            ],
            [
              115.5805796,
              -2.1731185
            ]
          ]
        ]
      },
      "properties": {
        "tipe": "Radius 500m (Bendera)",
        "color": "#00ff00",
        "fillColor": "#00ff00",
        "fillOpacity": 1.0,
        "weight": 1
      }
    },
    {
      "type": "Feature",
      "geometry": {
        "type": "Polygon",
        "coordinates": [
          [
            [
              115.5805796,
              -2.1731185
            ],
            [
              115.5809458,
              -2.1732237
            ],
            [
              115.5807339,
              -2.1733604
            ],
            [
              115.5805796,
              -2.1731185
            ]
          ]
        ]
      },
      "properties": {
        "tipe": "Radius 500m (Bendera)",
        "color": "#00ff00",
        "fillColor": "#00ff00",
        "fillOpacity": 1.0,
        "weight": 1
      }
    },
    {
      "type": "Feature",
      "geometry": {
        "type": "Polygon",
        "coordinates": [
          [
            [
              115.5797504,
              -2.1727655
            ],
            [
              115.5801166,
              -2.1728706
            ],
            [
              115.5799047,
              -2.1730074
            ],
            [
              115.5797504,
              -2.1727655
            ]
          ]
        ]
      },
      "properties": {
        "tipe": "Radius 500m (Bendera)",
        "color": "#00ff00",
        "fillColor": "#00ff00",
        "fillOpacity": 1.0,
        "weight": 1
      }
    },
    {
      "type": "Feature",
      "geometry": {
        "type": "Polygon",
        "coordinates": [
          [
            [
              115.5797504,
              -2.1727655
            ],
            [
              115.5801166,
              -2.1728706
            ],
            [
              115.5799047,
              -2.1730074
            ],
            [
              115.5797504,
              -2.1727655
            ]
          ]
        ]
      },
      "properties": {
        "tipe": "Radius 500m (Bendera)",
        "color": "#00ff00",
        "fillColor": "#00ff00",
        "fillOpacity": 1.0,
        "weight": 1
      }
    },
    {
      "type": "Feature",
      "geometry": {
        "type": "Polygon",
        "coordinates": [
          [
            [
              115.5797504,
              -2.1727655
            ],
            [
              115.5801166,
              -2.1728706
            ],
            [
              115.5799047,
              -2.1730074
            ],
            [
              115.5797504,
              -2.1727655
            ]
          ]
        ]
      },
      "properties": {
        "tipe": "Radius 500m (Bendera)",
        "color": "#00ff00",
        "fillColor": "#00ff00",
        "fillOpacity": 1.0,
        "weight": 1
      }
    },
    {
      "type": "Feature",
      "geometry": {
        "type": "Polygon",
        "coordinates": [
          [
            [
              115.5797504,
              -2.1727655
            ],
            [
              115.5801166,
              -2.1728706
            ],
            [
              115.5799047,
              -2.1730074
            ],
            [
              115.5797504,
              -2.1727655
            ]
          ]
        ]
      },
      "properties": {
        "tipe": "Radius 500m (Bendera)",
        "color": "#00ff00",
        "fillColor": "#00ff00",
        "fillOpacity": 1.0,
        "weight": 1
      }
    },
    {
      "type": "Feature",
      "geometry": {
        "type": "Polygon",
        "coordinates": [
          [
            [
              115.5797504,
              -2.1727655
            ],
            [
              115.5801166,
              -2.1728706
            ],
            [
              115.5799047,
              -2.1730074
            ],
            [
              115.5797504,
              -2.1727655
            ]
          ]
        ]
      },
      "properties": {
        "tipe": "Radius 500m (Bendera)",
        "color": "#00ff00",
        "fillColor": "#00ff00",
        "fillOpacity": 1.0,
        "weight": 1
      }
    },
    {
      "type": "Feature",
      "geometry": {
        "type": "Polygon",
        "coordinates": [
          [
            [
              115.5797504,
              -2.1727655
            ],
            [
              115.5801166,
              -2.1728706
            ],
            [
              115.5799047,
              -2.1730074
            ],
            [
              115.5797504,
              -2.1727655
            ]
          ]
        ]
      },
      "properties": {
        "tipe": "Radius 500m (Bendera)",
        "color": "#00ff00",
        "fillColor": "#00ff00",
        "fillOpacity": 1.0,
        "weight": 1
      }
    },
    {
      "type": "Feature",
      "geometry": {
        "type": "Polygon",
        "coordinates": [
          [
            [
              115.578668,
              -2.1717016
            ],
            [
              115.5790342,
              -2.1718067
            ],
            [
              115.5788223,
              -2.1719435
            ],
            [
              115.578668,
              -2.1717016
            ]
          ]
        ]
      },
      "properties": {
        "tipe": "Radius 500m (Bendera)",
        "color": "#00ff00",
        "fillColor": "#00ff00",
        "fillOpacity": 1.0,
        "weight": 1
      }
    },
    {
      "type": "Feature",
      "geometry": {
        "type": "Polygon",
        "coordinates": [
          [
            [
              115.578668,
              -2.1717016
            ],
            [
              115.5790342,
              -2.1718067
            ],
            [
              115.5788223,
              -2.1719435
            ],
            [
              115.578668,
              -2.1717016
            ]
          ]
        ]
      },
      "properties": {
        "tipe": "Radius 500m (Bendera)",
        "color": "#00ff00",
        "fillColor": "#00ff00",
        "fillOpacity": 1.0,
        "weight": 1
      }
    },
    {
      "type": "Feature",
      "geometry": {
        "type": "Polygon",
        "coordinates": [
          [
            [
              115.578668,
              -2.1717016
            ],
            [
              115.5790342,
              -2.1718067
            ],
            [
              115.5788223,
              -2.1719435
            ],
            [
              115.578668,
              -2.1717016
            ]
          ]
        ]
      },
      "properties": {
        "tipe": "Radius 500m (Bendera)",
        "color": "#00ff00",
        "fillColor": "#00ff00",
        "fillOpacity": 1.0,
        "weight": 1
      }
    },
    {
      "type": "Feature",
      "geometry": {
        "type": "Polygon",
        "coordinates": [
          [
            [
              115.578668,
              -2.1717016
            ],
            [
              115.5790342,
              -2.1718067
            ],
            [
              115.5788223,
              -2.1719435
            ],
            [
              115.578668,
              -2.1717016
            ]
          ]
        ]
      },
      "properties": {
        "tipe": "Radius 500m (Bendera)",
        "color": "#00ff00",
        "fillColor": "#00ff00",
        "fillOpacity": 1.0,
        "weight": 1
      }
    },
    {
      "type": "Feature",
      "geometry": {
        "type": "Polygon",
        "coordinates": [
          [
            [
              115.578668,
              -2.1717016
            ],
            [
              115.5790342,
              -2.1718067
            ],
            [
              115.5788223,
              -2.1719435
            ],
            [
              115.578668,
              -2.1717016
            ]
          ]
        ]
      },
      "properties": {
        "tipe": "Radius 500m (Bendera)",
        "color": "#00ff00",
        "fillColor": "#00ff00",
        "fillOpacity": 1.0,
        "weight": 1
      }
    },
    {
      "type": "Feature",
      "geometry": {
        "type": "Polygon",
        "coordinates": [
          [
            [
              115.578668,
              -2.1717016
            ],
            [
              115.5790342,
              -2.1718067
            ],
            [
              115.5788223,
              -2.1719435
            ],
            [
              115.578668,
              -2.1717016
            ]
          ]
        ]
      },
      "properties": {
        "tipe": "Radius 500m (Bendera)",
        "color": "#00ff00",
        "fillColor": "#00ff00",
        "fillOpacity": 1.0,
        "weight": 1
      }
    },
    {
      "type": "Feature",
      "geometry": {
        "type": "Polygon",
        "coordinates": [
          [
            [
              115.5789563,
              -2.1720331
            ],
            [
              115.5793224,
              -2.1721382
            ],
            [
              115.5791106,
              -2.172275
            ],
            [
              115.5789563,
              -2.1720331
            ]
          ]
        ]
      },
      "properties": {
        "tipe": "Radius 500m (Bendera)",
        "color": "#00ff00",
        "fillColor": "#00ff00",
        "fillOpacity": 1.0,
        "weight": 1
      }
    },
    {
      "type": "Feature",
      "geometry": {
        "type": "Polygon",
        "coordinates": [
          [
            [
              115.5789563,
              -2.1720331
            ],
            [
              115.5793224,
              -2.1721382
            ],
            [
              115.5791106,
              -2.172275
            ],
            [
              115.5789563,
              -2.1720331
            ]
          ]
        ]
      },
      "properties": {
        "tipe": "Radius 500m (Bendera)",
        "color": "#00ff00",
        "fillColor": "#00ff00",
        "fillOpacity": 1.0,
        "weight": 1
      }
    },
    {
      "type": "Feature",
      "geometry": {
        "type": "Polygon",
        "coordinates": [
          [
            [
              115.5789563,
              -2.1720331
            ],
            [
              115.5793224,
              -2.1721382
            ],
            [
              115.5791106,
              -2.172275
            ],
            [
              115.5789563,
              -2.1720331
            ]
          ]
        ]
      },
      "properties": {
        "tipe": "Radius 500m (Bendera)",
        "color": "#00ff00",
        "fillColor": "#00ff00",
        "fillOpacity": 1.0,
        "weight": 1
      }
    },
    {
      "type": "Feature",
      "geometry": {
        "type": "Polygon",
        "coordinates": [
          [
            [
              115.5789563,
              -2.1720331
            ],
            [
              115.5793224,
              -2.1721382
            ],
            [
              115.5791106,
              -2.172275
            ],
            [
              115.5789563,
              -2.1720331
            ]
          ]
        ]
      },
      "properties": {
        "tipe": "Radius 500m (Bendera)",
        "color": "#00ff00",
        "fillColor": "#00ff00",
        "fillOpacity": 1.0,
        "weight": 1
      }
    },
    {
      "type": "Feature",
      "geometry": {
        "type": "Polygon",
        "coordinates": [
          [
            [
              115.5789563,
              -2.1720331
            ],
            [
              115.5793224,
              -2.1721382
            ],
            [
              115.5791106,
              -2.172275
            ],
            [
              115.5789563,
              -2.1720331
            ]
          ]
        ]
      },
      "properties": {
        "tipe": "Radius 500m (Bendera)",
        "color": "#00ff00",
        "fillColor": "#00ff00",
        "fillOpacity": 1.0,
        "weight": 1
      }
    },
    {
      "type": "Feature",
      "geometry": {
        "type": "Polygon",
        "coordinates": [
          [
            [
              115.5789563,
              -2.1720331
            ],
            [
              115.5793224,
              -2.1721382
            ],
            [
              115.5791106,
              -2.172275
            ],
            [
              115.5789563,
              -2.1720331
            ]
          ]
        ]
      },
      "properties": {
        "tipe": "Radius 500m (Bendera)",
        "color": "#00ff00",
        "fillColor": "#00ff00",
        "fillOpacity": 1.0,
        "weight": 1
      }
    },
    {
      "type": "Feature",
      "geometry": {
        "type": "Polygon",
        "coordinates": [
          [
            [
              115.5774187,
              -2.1717728
            ],
            [
              115.5777848,
              -2.1718779
            ],
            [
              115.5775729,
              -2.1720147
            ],
            [
              115.5774187,
              -2.1717728
            ]
          ]
        ]
      },
      "properties": {
        "tipe": "Radius 500m (Bendera)",
        "color": "#00ff00",
        "fillColor": "#00ff00",
        "fillOpacity": 1.0,
        "weight": 1
      }
    },
    {
      "type": "Feature",
      "geometry": {
        "type": "Polygon",
        "coordinates": [
          [
            [
              115.5774187,
              -2.1717728
            ],
            [
              115.5777848,
              -2.1718779
            ],
            [
              115.5775729,
              -2.1720147
            ],
            [
              115.5774187,
              -2.1717728
            ]
          ]
        ]
      },
      "properties": {
        "tipe": "Radius 500m (Bendera)",
        "color": "#00ff00",
        "fillColor": "#00ff00",
        "fillOpacity": 1.0,
        "weight": 1
      }
    },
    {
      "type": "Feature",
      "geometry": {
        "type": "Polygon",
        "coordinates": [
          [
            [
              115.5774187,
              -2.1717728
            ],
            [
              115.5777848,
              -2.1718779
            ],
            [
              115.5775729,
              -2.1720147
            ],
            [
              115.5774187,
              -2.1717728
            ]
          ]
        ]
      },
      "properties": {
        "tipe": "Radius 500m (Bendera)",
        "color": "#00ff00",
        "fillColor": "#00ff00",
        "fillOpacity": 1.0,
        "weight": 1
      }
    },
    {
      "type": "Feature",
      "geometry": {
        "type": "Polygon",
        "coordinates": [
          [
            [
              115.5774187,
              -2.1717728
            ],
            [
              115.5777848,
              -2.1718779
            ],
            [
              115.5775729,
              -2.1720147
            ],
            [
              115.5774187,
              -2.1717728
            ]
          ]
        ]
      },
      "properties": {
        "tipe": "Radius 500m (Bendera)",
        "color": "#00ff00",
        "fillColor": "#00ff00",
        "fillOpacity": 1.0,
        "weight": 1
      }
    },
    {
      "type": "Feature",
      "geometry": {
        "type": "Polygon",
        "coordinates": [
          [
            [
              115.5774187,
              -2.1717728
            ],
            [
              115.5777848,
              -2.1718779
            ],
            [
              115.5775729,
              -2.1720147
            ],
            [
              115.5774187,
              -2.1717728
            ]
          ]
        ]
      },
      "properties": {
        "tipe": "Radius 500m (Bendera)",
        "color": "#00ff00",
        "fillColor": "#00ff00",
        "fillOpacity": 1.0,
        "weight": 1
      }
    },
    {
      "type": "Feature",
      "geometry": {
        "type": "Polygon",
        "coordinates": [
          [
            [
              115.5774187,
              -2.1717728
            ],
            [
              115.5777848,
              -2.1718779
            ],
            [
              115.5775729,
              -2.1720147
            ],
            [
              115.5774187,
              -2.1717728
            ]
          ]
        ]
      },
      "properties": {
        "tipe": "Radius 500m (Bendera)",
        "color": "#00ff00",
        "fillColor": "#00ff00",
        "fillOpacity": 1.0,
        "weight": 1
      }
    },
    {
      "type": "Feature",
      "geometry": {
        "type": "Polygon",
        "coordinates": [
          [
            [
              115.5762706,
              -2.1717358
            ],
            [
              115.5766368,
              -2.1718409
            ],
            [
              115.5764249,
              -2.1719776
            ],
            [
              115.5762706,
              -2.1717358
            ]
          ]
        ]
      },
      "properties": {
        "tipe": "Radius 500m (Bendera)",
        "color": "#00ff00",
        "fillColor": "#00ff00",
        "fillOpacity": 1.0,
        "weight": 1
      }
    },
    {
      "type": "Feature",
      "geometry": {
        "type": "Polygon",
        "coordinates": [
          [
            [
              115.5762706,
              -2.1717358
            ],
            [
              115.5766368,
              -2.1718409
            ],
            [
              115.5764249,
              -2.1719776
            ],
            [
              115.5762706,
              -2.1717358
            ]
          ]
        ]
      },
      "properties": {
        "tipe": "Radius 500m (Bendera)",
        "color": "#00ff00",
        "fillColor": "#00ff00",
        "fillOpacity": 1.0,
        "weight": 1
      }
    },
    {
      "type": "Feature",
      "geometry": {
        "type": "Polygon",
        "coordinates": [
          [
            [
              115.5762706,
              -2.1717358
            ],
            [
              115.5766368,
              -2.1718409
            ],
            [
              115.5764249,
              -2.1719776
            ],
            [
              115.5762706,
              -2.1717358
            ]
          ]
        ]
      },
      "properties": {
        "tipe": "Radius 500m (Bendera)",
        "color": "#00ff00",
        "fillColor": "#00ff00",
        "fillOpacity": 1.0,
        "weight": 1
      }
    },
    {
      "type": "Feature",
      "geometry": {
        "type": "Polygon",
        "coordinates": [
          [
            [
              115.5762706,
              -2.1717358
            ],
            [
              115.5766368,
              -2.1718409
            ],
            [
              115.5764249,
              -2.1719776
            ],
            [
              115.5762706,
              -2.1717358
            ]
          ]
        ]
      },
      "properties": {
        "tipe": "Radius 500m (Bendera)",
        "color": "#00ff00",
        "fillColor": "#00ff00",
        "fillOpacity": 1.0,
        "weight": 1
      }
    },
    {
      "type": "Feature",
      "geometry": {
        "type": "Polygon",
        "coordinates": [
          [
            [
              115.5762706,
              -2.1717358
            ],
            [
              115.5766368,
              -2.1718409
            ],
            [
              115.5764249,
              -2.1719776
            ],
            [
              115.5762706,
              -2.1717358
            ]
          ]
        ]
      },
      "properties": {
        "tipe": "Radius 500m (Bendera)",
        "color": "#00ff00",
        "fillColor": "#00ff00",
        "fillOpacity": 1.0,
        "weight": 1
      }
    },
    {
      "type": "Feature",
      "geometry": {
        "type": "Polygon",
        "coordinates": [
          [
            [
              115.5762706,
              -2.1717358
            ],
            [
              115.5766368,
              -2.1718409
            ],
            [
              115.5764249,
              -2.1719776
            ],
            [
              115.5762706,
              -2.1717358
            ]
          ]
        ]
      },
      "properties": {
        "tipe": "Radius 500m (Bendera)",
        "color": "#00ff00",
        "fillColor": "#00ff00",
        "fillOpacity": 1.0,
        "weight": 1
      }
    },
    {
      "type": "Feature",
      "geometry": {
        "type": "Polygon",
        "coordinates": [
          [
            [
              115.574544,
              -2.1710681
            ],
            [
              115.5749102,
              -2.1711732
            ],
            [
              115.5746983,
              -2.17131
            ],
            [
              115.574544,
              -2.1710681
            ]
          ]
        ]
      },
      "properties": {
        "tipe": "Radius 500m (Bendera)",
        "color": "#00ff00",
        "fillColor": "#00ff00",
        "fillOpacity": 1.0,
        "weight": 1
      }
    },
    {
      "type": "Feature",
      "geometry": {
        "type": "Polygon",
        "coordinates": [
          [
            [
              115.574544,
              -2.1710681
            ],
            [
              115.5749102,
              -2.1711732
            ],
            [
              115.5746983,
              -2.17131
            ],
            [
              115.574544,
              -2.1710681
            ]
          ]
        ]
      },
      "properties": {
        "tipe": "Radius 500m (Bendera)",
        "color": "#00ff00",
        "fillColor": "#00ff00",
        "fillOpacity": 1.0,
        "weight": 1
      }
    },
    {
      "type": "Feature",
      "geometry": {
        "type": "Polygon",
        "coordinates": [
          [
            [
              115.574544,
              -2.1710681
            ],
            [
              115.5749102,
              -2.1711732
            ],
            [
              115.5746983,
              -2.17131
            ],
            [
              115.574544,
              -2.1710681
            ]
          ]
        ]
      },
      "properties": {
        "tipe": "Radius 500m (Bendera)",
        "color": "#00ff00",
        "fillColor": "#00ff00",
        "fillOpacity": 1.0,
        "weight": 1
      }
    },
    {
      "type": "Feature",
      "geometry": {
        "type": "Polygon",
        "coordinates": [
          [
            [
              115.574544,
              -2.1710681
            ],
            [
              115.5749102,
              -2.1711732
            ],
            [
              115.5746983,
              -2.17131
            ],
            [
              115.574544,
              -2.1710681
            ]
          ]
        ]
      },
      "properties": {
        "tipe": "Radius 500m (Bendera)",
        "color": "#00ff00",
        "fillColor": "#00ff00",
        "fillOpacity": 1.0,
        "weight": 1
      }
    },
    {
      "type": "Feature",
      "geometry": {
        "type": "Polygon",
        "coordinates": [
          [
            [
              115.574544,
              -2.1710681
            ],
            [
              115.5749102,
              -2.1711732
            ],
            [
              115.5746983,
              -2.17131
            ],
            [
              115.574544,
              -2.1710681
            ]
          ]
        ]
      },
      "properties": {
        "tipe": "Radius 500m (Bendera)",
        "color": "#00ff00",
        "fillColor": "#00ff00",
        "fillOpacity": 1.0,
        "weight": 1
      }
    },
    {
      "type": "Feature",
      "geometry": {
        "type": "Polygon",
        "coordinates": [
          [
            [
              115.574544,
              -2.1710681
            ],
            [
              115.5749102,
              -2.1711732
            ],
            [
              115.5746983,
              -2.17131
            ],
            [
              115.574544,
              -2.1710681
            ]
          ]
        ]
      },
      "properties": {
        "tipe": "Radius 500m (Bendera)",
        "color": "#00ff00",
        "fillColor": "#00ff00",
        "fillOpacity": 1.0,
        "weight": 1
      }
    },
    {
      "type": "Feature",
      "geometry": {
        "type": "Polygon",
        "coordinates": [
          [
            [
              115.5739905,
              -2.170684
            ],
            [
              115.5743566,
              -2.1707891
            ],
            [
              115.5741447,
              -2.1709258
            ],
            [
              115.5739905,
              -2.170684
            ]
          ]
        ]
      },
      "properties": {
        "tipe": "Radius 500m (Bendera)",
        "color": "#00ff00",
        "fillColor": "#00ff00",
        "fillOpacity": 1.0,
        "weight": 1
      }
    },
    {
      "type": "Feature",
      "geometry": {
        "type": "Polygon",
        "coordinates": [
          [
            [
              115.5739905,
              -2.170684
            ],
            [
              115.5743566,
              -2.1707891
            ],
            [
              115.5741447,
              -2.1709258
            ],
            [
              115.5739905,
              -2.170684
            ]
          ]
        ]
      },
      "properties": {
        "tipe": "Radius 500m (Bendera)",
        "color": "#00ff00",
        "fillColor": "#00ff00",
        "fillOpacity": 1.0,
        "weight": 1
      }
    },
    {
      "type": "Feature",
      "geometry": {
        "type": "Polygon",
        "coordinates": [
          [
            [
              115.5739905,
              -2.170684
            ],
            [
              115.5743566,
              -2.1707891
            ],
            [
              115.5741447,
              -2.1709258
            ],
            [
              115.5739905,
              -2.170684
            ]
          ]
        ]
      },
      "properties": {
        "tipe": "Radius 500m (Bendera)",
        "color": "#00ff00",
        "fillColor": "#00ff00",
        "fillOpacity": 1.0,
        "weight": 1
      }
    },
    {
      "type": "Feature",
      "geometry": {
        "type": "Polygon",
        "coordinates": [
          [
            [
              115.5739905,
              -2.170684
            ],
            [
              115.5743566,
              -2.1707891
            ],
            [
              115.5741447,
              -2.1709258
            ],
            [
              115.5739905,
              -2.170684
            ]
          ]
        ]
      },
      "properties": {
        "tipe": "Radius 500m (Bendera)",
        "color": "#00ff00",
        "fillColor": "#00ff00",
        "fillOpacity": 1.0,
        "weight": 1
      }
    },
    {
      "type": "Feature",
      "geometry": {
        "type": "Polygon",
        "coordinates": [
          [
            [
              115.5739905,
              -2.170684
            ],
            [
              115.5743566,
              -2.1707891
            ],
            [
              115.5741447,
              -2.1709258
            ],
            [
              115.5739905,
              -2.170684
            ]
          ]
        ]
      },
      "properties": {
        "tipe": "Radius 500m (Bendera)",
        "color": "#00ff00",
        "fillColor": "#00ff00",
        "fillOpacity": 1.0,
        "weight": 1
      }
    },
    {
      "type": "Feature",
      "geometry": {
        "type": "Polygon",
        "coordinates": [
          [
            [
              115.5739905,
              -2.170684
            ],
            [
              115.5743566,
              -2.1707891
            ],
            [
              115.5741447,
              -2.1709258
            ],
            [
              115.5739905,
              -2.170684
            ]
          ]
        ]
      },
      "properties": {
        "tipe": "Radius 500m (Bendera)",
        "color": "#00ff00",
        "fillColor": "#00ff00",
        "fillOpacity": 1.0,
        "weight": 1
      }
    },
    {
      "type": "Feature",
      "geometry": {
        "type": "Polygon",
        "coordinates": [
          [
            [
              115.5735367,
              -2.1702011
            ],
            [
              115.5739029,
              -2.1703062
            ],
            [
              115.573691,
              -2.170443
            ],
            [
              115.5735367,
              -2.1702011
            ]
          ]
        ]
      },
      "properties": {
        "tipe": "Radius 500m (Bendera)",
        "color": "#00ff00",
        "fillColor": "#00ff00",
        "fillOpacity": 1.0,
        "weight": 1
      }
    },
    {
      "type": "Feature",
      "geometry": {
        "type": "Polygon",
        "coordinates": [
          [
            [
              115.5735367,
              -2.1702011
            ],
            [
              115.5739029,
              -2.1703062
            ],
            [
              115.573691,
              -2.170443
            ],
            [
              115.5735367,
              -2.1702011
            ]
          ]
        ]
      },
      "properties": {
        "tipe": "Radius 500m (Bendera)",
        "color": "#00ff00",
        "fillColor": "#00ff00",
        "fillOpacity": 1.0,
        "weight": 1
      }
    },
    {
      "type": "Feature",
      "geometry": {
        "type": "Polygon",
        "coordinates": [
          [
            [
              115.5735367,
              -2.1702011
            ],
            [
              115.5739029,
              -2.1703062
            ],
            [
              115.573691,
              -2.170443
            ],
            [
              115.5735367,
              -2.1702011
            ]
          ]
        ]
      },
      "properties": {
        "tipe": "Radius 500m (Bendera)",
        "color": "#00ff00",
        "fillColor": "#00ff00",
        "fillOpacity": 1.0,
        "weight": 1
      }
    },
    {
      "type": "Feature",
      "geometry": {
        "type": "Polygon",
        "coordinates": [
          [
            [
              115.5735367,
              -2.1702011
            ],
            [
              115.5739029,
              -2.1703062
            ],
            [
              115.573691,
              -2.170443
            ],
            [
              115.5735367,
              -2.1702011
            ]
          ]
        ]
      },
      "properties": {
        "tipe": "Radius 500m (Bendera)",
        "color": "#00ff00",
        "fillColor": "#00ff00",
        "fillOpacity": 1.0,
        "weight": 1
      }
    },
    {
      "type": "Feature",
      "geometry": {
        "type": "Polygon",
        "coordinates": [
          [
            [
              115.5735367,
              -2.1702011
            ],
            [
              115.5739029,
              -2.1703062
            ],
            [
              115.573691,
              -2.170443
            ],
            [
              115.5735367,
              -2.1702011
            ]
          ]
        ]
      },
      "properties": {
        "tipe": "Radius 500m (Bendera)",
        "color": "#00ff00",
        "fillColor": "#00ff00",
        "fillOpacity": 1.0,
        "weight": 1
      }
    },
    {
      "type": "Feature",
      "geometry": {
        "type": "Polygon",
        "coordinates": [
          [
            [
              115.5735367,
              -2.1702011
            ],
            [
              115.5739029,
              -2.1703062
            ],
            [
              115.573691,
              -2.170443
            ],
            [
              115.5735367,
              -2.1702011
            ]
          ]
        ]
      },
      "properties": {
        "tipe": "Radius 500m (Bendera)",
        "color": "#00ff00",
        "fillColor": "#00ff00",
        "fillOpacity": 1.0,
        "weight": 1
      }
    },
    {
      "type": "Feature",
      "geometry": {
        "type": "Polygon",
        "coordinates": [
          [
            [
              115.5730804,
              -2.1695082
            ],
            [
              115.5734466,
              -2.1696134
            ],
            [
              115.5732347,
              -2.1697501
            ],
            [
              115.5730804,
              -2.1695082
            ]
          ]
        ]
      },
      "properties": {
        "tipe": "Radius 500m (Bendera)",
        "color": "#00ff00",
        "fillColor": "#00ff00",
        "fillOpacity": 1.0,
        "weight": 1
      }
    },
    {
      "type": "Feature",
      "geometry": {
        "type": "Polygon",
        "coordinates": [
          [
            [
              115.5730804,
              -2.1695082
            ],
            [
              115.5734466,
              -2.1696134
            ],
            [
              115.5732347,
              -2.1697501
            ],
            [
              115.5730804,
              -2.1695082
            ]
          ]
        ]
      },
      "properties": {
        "tipe": "Radius 500m (Bendera)",
        "color": "#00ff00",
        "fillColor": "#00ff00",
        "fillOpacity": 1.0,
        "weight": 1
      }
    },
    {
      "type": "Feature",
      "geometry": {
        "type": "Polygon",
        "coordinates": [
          [
            [
              115.5730804,
              -2.1695082
            ],
            [
              115.5734466,
              -2.1696134
            ],
            [
              115.5732347,
              -2.1697501
            ],
            [
              115.5730804,
              -2.1695082
            ]
          ]
        ]
      },
      "properties": {
        "tipe": "Radius 500m (Bendera)",
        "color": "#00ff00",
        "fillColor": "#00ff00",
        "fillOpacity": 1.0,
        "weight": 1
      }
    },
    {
      "type": "Feature",
      "geometry": {
        "type": "Polygon",
        "coordinates": [
          [
            [
              115.5730804,
              -2.1695082
            ],
            [
              115.5734466,
              -2.1696134
            ],
            [
              115.5732347,
              -2.1697501
            ],
            [
              115.5730804,
              -2.1695082
            ]
          ]
        ]
      },
      "properties": {
        "tipe": "Radius 500m (Bendera)",
        "color": "#00ff00",
        "fillColor": "#00ff00",
        "fillOpacity": 1.0,
        "weight": 1
      }
    },
    {
      "type": "Feature",
      "geometry": {
        "type": "Polygon",
        "coordinates": [
          [
            [
              115.5730804,
              -2.1695082
            ],
            [
              115.5734466,
              -2.1696134
            ],
            [
              115.5732347,
              -2.1697501
            ],
            [
              115.5730804,
              -2.1695082
            ]
          ]
        ]
      },
      "properties": {
        "tipe": "Radius 500m (Bendera)",
        "color": "#00ff00",
        "fillColor": "#00ff00",
        "fillOpacity": 1.0,
        "weight": 1
      }
    },
    {
      "type": "Feature",
      "geometry": {
        "type": "Polygon",
        "coordinates": [
          [
            [
              115.5730804,
              -2.1695082
            ],
            [
              115.5734466,
              -2.1696134
            ],
            [
              115.5732347,
              -2.1697501
            ],
            [
              115.5730804,
              -2.1695082
            ]
          ]
        ]
      },
      "properties": {
        "tipe": "Radius 500m (Bendera)",
        "color": "#00ff00",
        "fillColor": "#00ff00",
        "fillOpacity": 1.0,
        "weight": 1
      }
    },
    {
      "type": "Feature",
      "geometry": {
        "type": "Polygon",
        "coordinates": [
          [
            [
              115.5727055,
              -2.1686826
            ],
            [
              115.5730717,
              -2.1687877
            ],
            [
              115.5728598,
              -2.1689245
            ],
            [
              115.5727055,
              -2.1686826
            ]
          ]
        ]
      },
      "properties": {
        "tipe": "Radius 500m (Bendera)",
        "color": "#00ff00",
        "fillColor": "#00ff00",
        "fillOpacity": 1.0,
        "weight": 1
      }
    },
    {
      "type": "Feature",
      "geometry": {
        "type": "Polygon",
        "coordinates": [
          [
            [
              115.5727055,
              -2.1686826
            ],
            [
              115.5730717,
              -2.1687877
            ],
            [
              115.5728598,
              -2.1689245
            ],
            [
              115.5727055,
              -2.1686826
            ]
          ]
        ]
      },
      "properties": {
        "tipe": "Radius 500m (Bendera)",
        "color": "#00ff00",
        "fillColor": "#00ff00",
        "fillOpacity": 1.0,
        "weight": 1
      }
    },
    {
      "type": "Feature",
      "geometry": {
        "type": "Polygon",
        "coordinates": [
          [
            [
              115.5727055,
              -2.1686826
            ],
            [
              115.5730717,
              -2.1687877
            ],
            [
              115.5728598,
              -2.1689245
            ],
            [
              115.5727055,
              -2.1686826
            ]
          ]
        ]
      },
      "properties": {
        "tipe": "Radius 500m (Bendera)",
        "color": "#00ff00",
        "fillColor": "#00ff00",
        "fillOpacity": 1.0,
        "weight": 1
      }
    },
    {
      "type": "Feature",
      "geometry": {
        "type": "Polygon",
        "coordinates": [
          [
            [
              115.5727055,
              -2.1686826
            ],
            [
              115.5730717,
              -2.1687877
            ],
            [
              115.5728598,
              -2.1689245
            ],
            [
              115.5727055,
              -2.1686826
            ]
          ]
        ]
      },
      "properties": {
        "tipe": "Radius 500m (Bendera)",
        "color": "#00ff00",
        "fillColor": "#00ff00",
        "fillOpacity": 1.0,
        "weight": 1
      }
    },
    {
      "type": "Feature",
      "geometry": {
        "type": "Polygon",
        "coordinates": [
          [
            [
              115.5727055,
              -2.1686826
            ],
            [
              115.5730717,
              -2.1687877
            ],
            [
              115.5728598,
              -2.1689245
            ],
            [
              115.5727055,
              -2.1686826
            ]
          ]
        ]
      },
      "properties": {
        "tipe": "Radius 500m (Bendera)",
        "color": "#00ff00",
        "fillColor": "#00ff00",
        "fillOpacity": 1.0,
        "weight": 1
      }
    },
    {
      "type": "Feature",
      "geometry": {
        "type": "Polygon",
        "coordinates": [
          [
            [
              115.5727055,
              -2.1686826
            ],
            [
              115.5730717,
              -2.1687877
            ],
            [
              115.5728598,
              -2.1689245
            ],
            [
              115.5727055,
              -2.1686826
            ]
          ]
        ]
      },
      "properties": {
        "tipe": "Radius 500m (Bendera)",
        "color": "#00ff00",
        "fillColor": "#00ff00",
        "fillOpacity": 1.0,
        "weight": 1
      }
    },
    {
      "type": "Feature",
      "geometry": {
        "type": "Polygon",
        "coordinates": [
          [
            [
              115.5728351,
              -2.169063
            ],
            [
              115.5732012,
              -2.1691681
            ],
            [
              115.5729893,
              -2.1693049
            ],
            [
              115.5728351,
              -2.169063
            ]
          ]
        ]
      },
      "properties": {
        "tipe": "Radius 500m (Bendera)",
        "color": "#00ff00",
        "fillColor": "#00ff00",
        "fillOpacity": 1.0,
        "weight": 1
      }
    },
    {
      "type": "Feature",
      "geometry": {
        "type": "Polygon",
        "coordinates": [
          [
            [
              115.5728351,
              -2.169063
            ],
            [
              115.5732012,
              -2.1691681
            ],
            [
              115.5729893,
              -2.1693049
            ],
            [
              115.5728351,
              -2.169063
            ]
          ]
        ]
      },
      "properties": {
        "tipe": "Radius 500m (Bendera)",
        "color": "#00ff00",
        "fillColor": "#00ff00",
        "fillOpacity": 1.0,
        "weight": 1
      }
    },
    {
      "type": "Feature",
      "geometry": {
        "type": "Polygon",
        "coordinates": [
          [
            [
              115.5728351,
              -2.169063
            ],
            [
              115.5732012,
              -2.1691681
            ],
            [
              115.5729893,
              -2.1693049
            ],
            [
              115.5728351,
              -2.169063
            ]
          ]
        ]
      },
      "properties": {
        "tipe": "Radius 500m (Bendera)",
        "color": "#00ff00",
        "fillColor": "#00ff00",
        "fillOpacity": 1.0,
        "weight": 1
      }
    },
    {
      "type": "Feature",
      "geometry": {
        "type": "Polygon",
        "coordinates": [
          [
            [
              115.5728351,
              -2.169063
            ],
            [
              115.5732012,
              -2.1691681
            ],
            [
              115.5729893,
              -2.1693049
            ],
            [
              115.5728351,
              -2.169063
            ]
          ]
        ]
      },
      "properties": {
        "tipe": "Radius 500m (Bendera)",
        "color": "#00ff00",
        "fillColor": "#00ff00",
        "fillOpacity": 1.0,
        "weight": 1
      }
    },
    {
      "type": "Feature",
      "geometry": {
        "type": "Polygon",
        "coordinates": [
          [
            [
              115.5728351,
              -2.169063
            ],
            [
              115.5732012,
              -2.1691681
            ],
            [
              115.5729893,
              -2.1693049
            ],
            [
              115.5728351,
              -2.169063
            ]
          ]
        ]
      },
      "properties": {
        "tipe": "Radius 500m (Bendera)",
        "color": "#00ff00",
        "fillColor": "#00ff00",
        "fillOpacity": 1.0,
        "weight": 1
      }
    },
    {
      "type": "Feature",
      "geometry": {
        "type": "Polygon",
        "coordinates": [
          [
            [
              115.5728351,
              -2.169063
            ],
            [
              115.5732012,
              -2.1691681
            ],
            [
              115.5729893,
              -2.1693049
            ],
            [
              115.5728351,
              -2.169063
            ]
          ]
        ]
      },
      "properties": {
        "tipe": "Radius 500m (Bendera)",
        "color": "#00ff00",
        "fillColor": "#00ff00",
        "fillOpacity": 1.0,
        "weight": 1
      }
    },
    {
      "type": "Feature",
      "geometry": {
        "type": "Polygon",
        "coordinates": [
          [
            [
              115.5767749,
              -2.1606246
            ],
            [
              115.5771411,
              -2.1607297
            ],
            [
              115.5769292,
              -2.1608665
            ],
            [
              115.5767749,
              -2.1606246
            ]
          ]
        ]
      },
      "properties": {
        "tipe": "Radius 500m (Bendera)",
        "color": "#00ff00",
        "fillColor": "#00ff00",
        "fillOpacity": 1.0,
        "weight": 1
      }
    },
    {
      "type": "Feature",
      "geometry": {
        "type": "Polygon",
        "coordinates": [
          [
            [
              115.5767749,
              -2.1606246
            ],
            [
              115.5771411,
              -2.1607297
            ],
            [
              115.5769292,
              -2.1608665
            ],
            [
              115.5767749,
              -2.1606246
            ]
          ]
        ]
      },
      "properties": {
        "tipe": "Radius 500m (Bendera)",
        "color": "#00ff00",
        "fillColor": "#00ff00",
        "fillOpacity": 1.0,
        "weight": 1
      }
    },
    {
      "type": "Feature",
      "geometry": {
        "type": "Polygon",
        "coordinates": [
          [
            [
              115.5767749,
              -2.1606246
            ],
            [
              115.5771411,
              -2.1607297
            ],
            [
              115.5769292,
              -2.1608665
            ],
            [
              115.5767749,
              -2.1606246
            ]
          ]
        ]
      },
      "properties": {
        "tipe": "Radius 500m (Bendera)",
        "color": "#00ff00",
        "fillColor": "#00ff00",
        "fillOpacity": 1.0,
        "weight": 1
      }
    },
    {
      "type": "Feature",
      "geometry": {
        "type": "Polygon",
        "coordinates": [
          [
            [
              115.5767749,
              -2.1606246
            ],
            [
              115.5771411,
              -2.1607297
            ],
            [
              115.5769292,
              -2.1608665
            ],
            [
              115.5767749,
              -2.1606246
            ]
          ]
        ]
      },
      "properties": {
        "tipe": "Radius 500m (Bendera)",
        "color": "#00ff00",
        "fillColor": "#00ff00",
        "fillOpacity": 1.0,
        "weight": 1
      }
    },
    {
      "type": "Feature",
      "geometry": {
        "type": "Polygon",
        "coordinates": [
          [
            [
              115.5767749,
              -2.1606246
            ],
            [
              115.5771411,
              -2.1607297
            ],
            [
              115.5769292,
              -2.1608665
            ],
            [
              115.5767749,
              -2.1606246
            ]
          ]
        ]
      },
      "properties": {
        "tipe": "Radius 500m (Bendera)",
        "color": "#00ff00",
        "fillColor": "#00ff00",
        "fillOpacity": 1.0,
        "weight": 1
      }
    },
    {
      "type": "Feature",
      "geometry": {
        "type": "Polygon",
        "coordinates": [
          [
            [
              115.5767749,
              -2.1606246
            ],
            [
              115.5771411,
              -2.1607297
            ],
            [
              115.5769292,
              -2.1608665
            ],
            [
              115.5767749,
              -2.1606246
            ]
          ]
        ]
      },
      "properties": {
        "tipe": "Radius 500m (Bendera)",
        "color": "#00ff00",
        "fillColor": "#00ff00",
        "fillOpacity": 1.0,
        "weight": 1
      }
    },
    {
      "type": "Feature",
      "geometry": {
        "type": "Polygon",
        "coordinates": [
          [
            [
              115.5724911,
              -2.1662133
            ],
            [
              115.5728572,
              -2.1663185
            ],
            [
              115.5726454,
              -2.1664552
            ],
            [
              115.5724911,
              -2.1662133
            ]
          ]
        ]
      },
      "properties": {
        "tipe": "Radius 500m (Bendera)",
        "color": "#00ff00",
        "fillColor": "#00ff00",
        "fillOpacity": 1.0,
        "weight": 1
      }
    },
    {
      "type": "Feature",
      "geometry": {
        "type": "Polygon",
        "coordinates": [
          [
            [
              115.5724911,
              -2.1662133
            ],
            [
              115.5728572,
              -2.1663185
            ],
            [
              115.5726454,
              -2.1664552
            ],
            [
              115.5724911,
              -2.1662133
            ]
          ]
        ]
      },
      "properties": {
        "tipe": "Radius 500m (Bendera)",
        "color": "#00ff00",
        "fillColor": "#00ff00",
        "fillOpacity": 1.0,
        "weight": 1
      }
    },
    {
      "type": "Feature",
      "geometry": {
        "type": "Polygon",
        "coordinates": [
          [
            [
              115.5724911,
              -2.1662133
            ],
            [
              115.5728572,
              -2.1663185
            ],
            [
              115.5726454,
              -2.1664552
            ],
            [
              115.5724911,
              -2.1662133
            ]
          ]
        ]
      },
      "properties": {
        "tipe": "Radius 500m (Bendera)",
        "color": "#00ff00",
        "fillColor": "#00ff00",
        "fillOpacity": 1.0,
        "weight": 1
      }
    },
    {
      "type": "Feature",
      "geometry": {
        "type": "Polygon",
        "coordinates": [
          [
            [
              115.5724911,
              -2.1662133
            ],
            [
              115.5728572,
              -2.1663185
            ],
            [
              115.5726454,
              -2.1664552
            ],
            [
              115.5724911,
              -2.1662133
            ]
          ]
        ]
      },
      "properties": {
        "tipe": "Radius 500m (Bendera)",
        "color": "#00ff00",
        "fillColor": "#00ff00",
        "fillOpacity": 1.0,
        "weight": 1
      }
    },
    {
      "type": "Feature",
      "geometry": {
        "type": "Polygon",
        "coordinates": [
          [
            [
              115.5724911,
              -2.1662133
            ],
            [
              115.5728572,
              -2.1663185
            ],
            [
              115.5726454,
              -2.1664552
            ],
            [
              115.5724911,
              -2.1662133
            ]
          ]
        ]
      },
      "properties": {
        "tipe": "Radius 500m (Bendera)",
        "color": "#00ff00",
        "fillColor": "#00ff00",
        "fillOpacity": 1.0,
        "weight": 1
      }
    },
    {
      "type": "Feature",
      "geometry": {
        "type": "Polygon",
        "coordinates": [
          [
            [
              115.5724911,
              -2.1662133
            ],
            [
              115.5728572,
              -2.1663185
            ],
            [
              115.5726454,
              -2.1664552
            ],
            [
              115.5724911,
              -2.1662133
            ]
          ]
        ]
      },
      "properties": {
        "tipe": "Radius 500m (Bendera)",
        "color": "#00ff00",
        "fillColor": "#00ff00",
        "fillOpacity": 1.0,
        "weight": 1
      }
    },
    {
      "type": "Feature",
      "geometry": {
        "type": "LineString",
        "coordinates": [
          [
            115.5805796,
            -2.1731185
          ],
          [
            115.5809605,
            -2.1737157
          ]
        ]
      },
      "properties": {
        "tipe": "Radius 500m",
        "color": "#00ff00",
        "weight": 2.5,
        "fill": false
      }
    },
    {
      "type": "Feature",
      "geometry": {
        "type": "LineString",
        "coordinates": [
          [
            115.5797504,
            -2.1727655
          ],
          [
            115.5801313,
            -2.1733627
          ]
        ]
      },
      "properties": {
        "tipe": "Radius 500m",
        "color": "#00ff00",
        "weight": 2.5,
        "fill": false
      }
    },
    {
      "type": "Feature",
      "geometry": {
        "type": "LineString",
        "coordinates": [
          [
            115.5789563,
            -2.1720331
          ],
          [
            115.5793372,
            -2.1726303
          ]
        ]
      },
      "properties": {
        "tipe": "Radius 500m",
        "color": "#00ff00",
        "weight": 2.5,
        "fill": false
      }
    },
    {
      "type": "Feature",
      "geometry": {
        "type": "LineString",
        "coordinates": [
          [
            115.578668,
            -2.1717016
          ],
          [
            115.5790489,
            -2.1722988
          ]
        ]
      },
      "properties": {
        "tipe": "Radius 500m",
        "color": "#00ff00",
        "weight": 2.5,
        "fill": false
      }
    },
    {
      "type": "Feature",
      "geometry": {
        "type": "LineString",
        "coordinates": [
          [
            115.5774187,
            -2.1717728
          ],
          [
            115.5777995,
            -2.17237
          ]
        ]
      },
      "properties": {
        "tipe": "Radius 500m",
        "color": "#00ff00",
        "weight": 2.5,
        "fill": false
      }
    },
    {
      "type": "Feature",
      "geometry": {
        "type": "LineString",
        "coordinates": [
          [
            115.5762706,
            -2.1717358
          ],
          [
            115.5766515,
            -2.172333
          ]
        ]
      },
      "properties": {
        "tipe": "Radius 500m",
        "color": "#00ff00",
        "weight": 2.5,
        "fill": false
      }
    },
    {
      "type": "Feature",
      "geometry": {
        "type": "LineString",
        "coordinates": [
          [
            115.574544,
            -2.1710681
          ],
          [
            115.5749249,
            -2.1716653
          ]
        ]
      },
      "properties": {
        "tipe": "Radius 500m",
        "color": "#00ff00",
        "weight": 2.5,
        "fill": false
      }
    },
    {
      "type": "Feature",
      "geometry": {
        "type": "LineString",
        "coordinates": [
          [
            115.5739905,
            -2.170684
          ],
          [
            115.5743713,
            -2.1712812
          ]
        ]
      },
      "properties": {
        "tipe": "Radius 500m",
        "color": "#00ff00",
        "weight": 2.5,
        "fill": false
      }
    },
    {
      "type": "Feature",
      "geometry": {
        "type": "LineString",
        "coordinates": [
          [
            115.5735367,
            -2.1702011
          ],
          [
            115.5739176,
            -2.1707983
          ]
        ]
      },
      "properties": {
        "tipe": "Radius 500m",
        "color": "#00ff00",
        "weight": 2.5,
        "fill": false
      }
    },
    {
      "type": "Feature",
      "geometry": {
        "type": "LineString",
        "coordinates": [
          [
            115.5730804,
            -2.1695082
          ],
          [
            115.5734613,
            -2.1701055
          ]
        ]
      },
      "properties": {
        "tipe": "Radius 500m",
        "color": "#00ff00",
        "weight": 2.5,
        "fill": false
      }
    },
    {
      "type": "Feature",
      "geometry": {
        "type": "LineString",
        "coordinates": [
          [
            115.5728351,
            -2.169063
          ],
          [
            115.5732159,
            -2.1696602
          ]
        ]
      },
      "properties": {
        "tipe": "Radius 500m",
        "color": "#00ff00",
        "weight": 2.5,
        "fill": false
      }
    },
    {
      "type": "Feature",
      "geometry": {
        "type": "LineString",
        "coordinates": [
          [
            115.5727055,
            -2.1686826
          ],
          [
            115.5730864,
            -2.1692798
          ]
        ]
      },
      "properties": {
        "tipe": "Radius 500m",
        "color": "#00ff00",
        "weight": 2.5,
        "fill": false
      }
    },
    {
      "type": "Feature",
      "geometry": {
        "type": "LineString",
        "coordinates": [
          [
            115.5724911,
            -2.1662133
          ],
          [
            115.572872,
            -2.1668105
          ]
        ]
      },
      "properties": {
        "tipe": "Radius 500m",
        "color": "#00ff00",
        "weight": 2.5,
        "fill": false
      }
    },
    {
      "type": "Feature",
      "geometry": {
        "type": "LineString",
        "coordinates": [
          [
            115.5767749,
            -2.1606246
          ],
          [
            115.5771558,
            -2.1612218
          ]
        ]
      },
      "properties": {
        "tipe": "Radius 500m",
        "color": "#00ff00",
        "weight": 2.5,
        "fill": false
      }
    },
    {
      "type": "Feature",
      "geometry": {
        "type": "LineString",
        "coordinates": [
          [
            115.5806165,
            -2.159406
          ],
          [
            115.5809974,
            -2.1600032
          ]
        ]
      },
      "properties": {
        "tipe": "Radius 500m",
        "color": "#00ff00",
        "weight": 2.5,
        "fill": false
      }
    },
    {
      "type": "Feature",
      "geometry": {
        "type": "LineString",
        "coordinates": [
          [
            115.5818042,
            -2.1597309
          ],
          [
            115.5821851,
            -2.1603281
          ]
        ]
      },
      "properties": {
        "tipe": "Radius 500m",
        "color": "#00ff00",
        "weight": 2.5,
        "fill": false
      }
    },
    {
      "type": "Feature",
      "geometry": {
        "type": "LineString",
        "coordinates": [
          [
            115.582154,
            -2.159892
          ],
          [
            115.5825349,
            -2.1604892
          ]
        ]
      },
      "properties": {
        "tipe": "Radius 500m",
        "color": "#00ff00",
        "weight": 2.5,
        "fill": false
      }
    },
    {
      "type": "Feature",
      "geometry": {
        "type": "LineString",
        "coordinates": [
          [
            115.5834806,
            -2.1608955
          ],
          [
            115.5838615,
            -2.1614927
          ]
        ]
      },
      "properties": {
        "tipe": "Radius 500m",
        "color": "#00ff00",
        "weight": 2.5,
        "fill": false
      }
    },
    {
      "type": "Feature",
      "geometry": {
        "type": "LineString",
        "coordinates": [
          [
            115.5837882,
            -2.1612778
          ],
          [
            115.5841691,
            -2.161875
          ]
        ]
      },
      "properties": {
        "tipe": "Radius 500m",
        "color": "#00ff00",
        "weight": 2.5,
        "fill": false
      }
    },
    {
      "type": "Feature",
      "geometry": {
        "type": "LineString",
        "coordinates": [
          [
            115.5842925,
            -2.1620422
          ],
          [
            115.5846734,
            -2.1626394
          ]
        ]
      },
      "properties": {
        "tipe": "Radius 500m",
        "color": "#00ff00",
        "weight": 2.5,
        "fill": false
      }
    },
    {
      "type": "Feature",
      "geometry": {
        "type": "LineString",
        "coordinates": [
          [
            115.5862803,
            -2.1636836
          ],
          [
            115.5866612,
            -2.1642808
          ]
        ]
      },
      "properties": {
        "tipe": "Radius 500m",
        "color": "#00ff00",
        "weight": 2.5,
        "fill": false
      }
    },
    {
      "type": "Feature",
      "geometry": {
        "type": "LineString",
        "coordinates": [
          [
            115.5829806,
            -2.173457
          ],
          [
            115.5833615,
            -2.1740542
          ]
        ]
      },
      "properties": {
        "tipe": "Radius 500m",
        "color": "#00ff00",
        "weight": 2.5,
        "fill": false
      }
    },
    {
      "type": "Feature",
      "geometry": {
        "type": "LineString",
        "coordinates": [
          [
            115.5847262,
            -2.1730039
          ],
          [
            115.5851071,
            -2.1736011
          ]
        ]
      },
      "properties": {
        "tipe": "Radius 500m",
        "color": "#00ff00",
        "weight": 2.5,
        "fill": false
      }
    },
    {
      "type": "Feature",
      "geometry": {
        "type": "LineString",
        "coordinates": [
          [
            115.5860833,
            -2.1720429
          ],
          [
            115.5864641,
            -2.1726401
          ]
        ]
      },
      "properties": {
        "tipe": "Radius 500m",
        "color": "#00ff00",
        "weight": 2.5,
        "fill": false
      }
    },
    {
      "type": "Feature",
      "geometry": {
        "type": "LineString",
        "coordinates": [
          [
            115.5803417,
            -2.1757956
          ],
          [
            115.5801758,
            -2.1759014
          ],
          [
            115.5800146,
            -2.1760143
          ],
          [
            115.5798585,
            -2.1761342
          ],
          [
            115.5797079,
            -2.1762608
          ],
          [
            115.5795628,
            -2.1763939
          ],
          [
            115.5794236,
            -2.1765333
          ],
          [
            115.5792907,
            -2.1766787
          ],
          [
            115.5791641,
            -2.1768297
          ],
          [
            115.5790443,
            -2.1769862
          ],
          [
            115.5789314,
            -2.1771477
          ],
          [
            115.5788257,
            -2.177314
          ],
          [
            115.5787272,
            -2.1774849
          ],
          [
            115.5786363,
            -2.1776598
          ],
          [
            115.5785405,
            -2.1777897
          ],
          [
            115.578414,
            -2.1779407
          ],
          [
            115.5782942,
            -2.1780972
          ],
          [
            115.5781813,
            -2.1782587
          ],
          [
            115.5780755,
            -2.1784251
          ],
          [
            115.5779771,
            -2.1785959
          ],
          [
            115.5778862,
            -2.1787709
          ],
          [
            115.5778029,
            -2.1789496
          ],
          [
            115.5777275,
            -2.1791319
          ],
          [
            115.5776601,
            -2.1793172
          ],
          [
            115.5776008,
            -2.1795053
          ],
          [
            115.5775498,
            -2.1796959
          ],
          [
            115.577507,
            -2.1798884
          ],
          [
            115.5774727,
            -2.1800826
          ],
          [
            115.5774468,
            -2.1802781
          ],
          [
            115.5774294,
            -2.1804746
          ],
          [
            115.5774205,
            -2.1806716
          ],
          [
            115.5774202,
            -2.1808687
          ],
          [
            115.5774268,
            -2.1810282
          ],
          [
            115.5774274,
            -2.1810377
          ],
          [
            115.5774306,
            -2.1811146
          ],
          [
            115.5774474,
            -2.181311
          ],
          [
            115.5774726,
            -2.1815065
          ],
          [
            115.5775062,
            -2.1817007
          ],
          [
            115.5775483,
            -2.1818932
          ],
          [
            115.5775986,
            -2.1820836
          ],
          [
            115.5776571,
            -2.1822717
          ],
          [
            115.5777237,
            -2.182457
          ],
          [
            115.5777983,
            -2.1826392
          ],
          [
            115.5778806,
            -2.182818
          ],
          [
            115.5779707,
            -2.182993
          ],
          [
            115.5780681,
            -2.1831638
          ],
          [
            115.578173,
            -2.1833303
          ],
          [
            115.5782849,
            -2.183492
          ],
          [
            115.5784037,
            -2.1836486
          ],
          [
            115.5785291,
            -2.1837999
          ],
          [
            115.578661,
            -2.1839455
          ],
          [
            115.5787991,
            -2.1840853
          ],
          [
            115.5788729,
            -2.1841537
          ],
          [
            115.5789191,
            -2.1841973
          ],
          [
            115.5789589,
            -2.1842376
          ],
          [
            115.5791029,
            -2.1843712
          ],
          [
            115.5792525,
            -2.1844983
          ],
          [
            115.5794076,
            -2.1846188
          ],
          [
            115.5795677,
            -2.1847324
          ],
          [
            115.5797326,
            -2.1848388
          ],
          [
            115.579902,
            -2.1849379
          ],
          [
            115.5800755,
            -2.1850296
          ],
          [
            115.5802529,
            -2.1851135
          ],
          [
            115.5804337,
            -2.1851896
          ],
          [
            115.5806177,
            -2.1852577
          ],
          [
            115.5808045,
            -2.1853177
          ],
          [
            115.5809937,
            -2.1853694
          ],
          [
            115.581185,
            -2.1854128
          ],
          [
            115.581378,
            -2.1854478
          ],
          [
            115.5815724,
            -2.1854742
          ],
          [
            115.5817678,
            -2.1854921
          ],
          [
            115.5817906,
            -2.1854932
          ],
          [
            115.581804,
            -2.1854944
          ],
          [
            115.5818061,
            -2.1854945
          ],
          [
            115.5818073,
            -2.1854946
          ],
          [
            115.5818316,
            -2.1854958
          ],
          [
            115.5818453,
            -2.185497
          ],
          [
            115.5820414,
            -2.1855063
          ],
          [
            115.5822376,
            -2.185507
          ],
          [
            115.5824337,
            -2.1854991
          ],
          [
            115.5826293,
            -2.1854825
          ],
          [
            115.582824,
            -2.1854574
          ],
          [
            115.5830174,
            -2.1854237
          ],
          [
            115.5832092,
            -2.1853816
          ],
          [
            115.5832112,
            -2.1853811
          ],
          [
            115.5832125,
            -2.1853958
          ],
          [
            115.5832386,
            -2.1855912
          ],
          [
            115.5832731,
            -2.1857852
          ],
          [
            115.5833161,
            -2.1859775
          ],
          [
            115.5833672,
            -2.1861678
          ],
          [
            115.5834266,
            -2.1863556
          ],
          [
            115.5834941,
            -2.1865406
          ],
          [
            115.5835695,
            -2.1867225
          ],
          [
            115.5836065,
            -2.1868021
          ],
          [
            115.5836236,
            -2.1868402
          ],
          [
            115.5836863,
            -2.1869748
          ],
          [
            115.5837771,
            -2.1871493
          ],
          [
            115.5838754,
            -2.1873198
          ],
          [
            115.583981,
            -2.1874857
          ],
          [
            115.5840936,
            -2.1876469
          ],
          [
            115.5842131,
            -2.187803
          ],
          [
            115.5843393,
            -2.1879537
          ],
          [
            115.5844719,
            -2.1880988
          ],
          [
            115.5846106,
            -2.1882379
          ],
          [
            115.5847552,
            -2.1883708
          ],
          [
            115.5849055,
            -2.1884973
          ],
          [
            115.5850611,
            -2.1886171
          ],
          [
            115.5852217,
            -2.1887299
          ],
          [
            115.5853872,
            -2.1888356
          ],
          [
            115.585557,
            -2.188934
          ],
          [
            115.585731,
            -2.1890248
          ],
          [
            115.5859087,
            -2.189108
          ],
          [
            115.5860899,
            -2.1891832
          ],
          [
            115.5862742,
            -2.1892505
          ],
          [
            115.5864613,
            -2.1893096
          ],
          [
            115.5866507,
            -2.1893605
          ],
          [
            115.5867527,
            -2.1893905
          ],
          [
            115.5869421,
            -2.1894413
          ],
          [
            115.5871337,
            -2.1894838
          ],
          [
            115.5873268,
            -2.1895179
          ],
          [
            115.5875213,
            -2.1895434
          ],
          [
            115.5876815,
            -2.1895574
          ],
          [
            115.5878209,
            -2.1895661
          ],
          [
            115.587974,
            -2.1895727
          ],
          [
            115.5879855,
            -2.1895727
          ],
          [
            115.58799,
            -2.1895728
          ],
          [
            115.5881674,
            -2.1895726
          ],
          [
            115.5882307,
            -2.1895754
          ],
          [
            115.5882475,
            -2.1895753
          ],
          [
            115.5882535,
            -2.1895756
          ],
          [
            115.5884499,
            -2.1895754
          ],
          [
            115.5886459,
            -2.1895665
          ],
          [
            115.5888414,
            -2.1895491
          ],
          [
            115.589036,
            -2.1895231
          ],
          [
            115.5892292,
            -2.1894885
          ],
          [
            115.5894208,
            -2.1894455
          ],
          [
            115.5896105,
            -2.1893941
          ],
          [
            115.5897976,
            -2.1893344
          ],
          [
            115.5899821,
            -2.1892665
          ],
          [
            115.5901635,
            -2.1891906
          ],
          [
            115.5903412,
            -2.1891068
          ],
          [
            115.5905153,
            -2.1890153
          ],
          [
            115.5906852,
            -2.1889161
          ],
          [
            115.5908506,
            -2.1888097
          ],
          [
            115.5910112,
            -2.188696
          ],
          [
            115.5911667,
            -2.1885754
          ],
          [
            115.5913169,
            -2.1884481
          ],
          [
            115.5914614,
            -2.1883143
          ],
          [
            115.5915999,
            -2.1881742
          ],
          [
            115.5917322,
            -2.1880282
          ],
          [
            115.5918581,
            -2.1878766
          ],
          [
            115.5919772,
            -2.1877196
          ],
          [
            115.5920893,
            -2.1875576
          ],
          [
            115.5921459,
            -2.1874676
          ],
          [
            115.5921945,
            -2.1873915
          ],
          [
            115.5922315,
            -2.1873327
          ],
          [
            115.5922505,
            -2.187304
          ],
          [
            115.592268,
            -2.1872763
          ],
          [
            115.5922701,
            -2.1872732
          ],
          [
            115.5923263,
            -2.1871839
          ],
          [
            115.5923653,
            -2.187123
          ],
          [
            115.592375,
            -2.1871075
          ],
          [
            115.592382,
            -2.1870968
          ],
          [
            115.5924146,
            -2.1870451
          ],
          [
            115.592462,
            -2.1869708
          ],
          [
            115.5924788,
            -2.1869441
          ],
          [
            115.5924941,
            -2.1869204
          ],
          [
            115.5925193,
            -2.1868803
          ],
          [
            115.5925523,
            -2.1868287
          ],
          [
            115.5925577,
            -2.1868209
          ],
          [
            115.5926077,
            -2.1867415
          ],
          [
            115.5926185,
            -2.1867249
          ],
          [
            115.5926369,
            -2.1866956
          ],
          [
            115.5926453,
            -2.1866827
          ],
          [
            115.592724,
            -2.1865577
          ],
          [
            115.5928217,
            -2.1863864
          ],
          [
            115.5929118,
            -2.186211
          ],
          [
            115.5929942,
            -2.1860319
          ],
          [
            115.5930688,
            -2.1858493
          ],
          [
            115.5931353,
            -2.1856636
          ],
          [
            115.5931938,
            -2.1854752
          ],
          [
            115.593244,
            -2.1852844
          ],
          [
            115.5932859,
            -2.1850917
          ],
          [
            115.5933193,
            -2.1848973
          ],
          [
            115.5933443,
            -2.1847017
          ],
          [
            115.5933609,
            -2.1845052
          ],
          [
            115.5933688,
            -2.184308
          ],
          [
            115.5933683,
            -2.1841109
          ],
          [
            115.5933592,
            -2.183914
          ],
          [
            115.5933415,
            -2.1837176
          ],
          [
            115.5933154,
            -2.1835222
          ],
          [
            115.5932809,
            -2.1833282
          ],
          [
            115.593238,
            -2.1831359
          ],
          [
            115.5931868,
            -2.1829456
          ],
          [
            115.5931274,
            -2.1827578
          ],
          [
            115.59306,
            -2.1825728
          ],
          [
            115.5929846,
            -2.1823909
          ],
          [
            115.5929014,
            -2.1822126
          ],
          [
            115.5928106,
            -2.182038
          ],
          [
            115.5927123,
            -2.1818675
          ],
          [
            115.5926067,
            -2.1817016
          ],
          [
            115.5924941,
            -2.1815404
          ],
          [
            115.5923745,
            -2.1813843
          ],
          [
            115.5922484,
            -2.1812336
          ],
          [
            115.5921762,
            -2.181147
          ],
          [
            115.59205,
            -2.1809963
          ],
          [
            115.5919175,
            -2.1808512
          ],
          [
            115.5917787,
            -2.1807121
          ],
          [
            115.5916341,
            -2.1805792
          ],
          [
            115.5914838,
            -2.1804527
          ],
          [
            115.5913283,
            -2.180333
          ],
          [
            115.5911676,
            -2.1802201
          ],
          [
            115.5910022,
            -2.1801144
          ],
          [
            115.5908323,
            -2.180016
          ],
          [
            115.5906584,
            -2.1799252
          ],
          [
            115.5904807,
            -2.1798421
          ],
          [
            115.5902995,
            -2.1797668
          ],
          [
            115.5901152,
            -2.1796995
          ],
          [
            115.5899281,
            -2.1796404
          ],
          [
            115.5897386,
            -2.1795895
          ],
          [
            115.5895471,
            -2.179547
          ],
          [
            115.5893539,
            -2.179513
          ],
          [
            115.5891594,
            -2.1794874
          ],
          [
            115.5889639,
            -2.1794704
          ],
          [
            115.5887678,
            -2.179462
          ],
          [
            115.5887576,
            -2.1794621
          ],
          [
            115.5887539,
            -2.1794619
          ],
          [
            115.5887333,
            -2.1794619
          ],
          [
            115.5887258,
            -2.1794616
          ],
          [
            115.5886396,
            -2.1794617
          ],
          [
            115.5885626,
            -2.1794604
          ],
          [
            115.5884134,
            -2.1794606
          ],
          [
            115.5882173,
            -2.1794694
          ],
          [
            115.5880218,
            -2.1794869
          ],
          [
            115.5878272,
            -2.1795129
          ],
          [
            115.5876339,
            -2.1795475
          ],
          [
            115.5874423,
            -2.1795905
          ],
          [
            115.5872563,
            -2.1796409
          ],
          [
            115.5872488,
            -2.1794608
          ],
          [
            115.587232,
            -2.1792644
          ],
          [
            115.5872068,
            -2.1790689
          ],
          [
            115.5871731,
            -2.1788747
          ],
          [
            115.5871311,
            -2.1786823
          ],
          [
            115.5870808,
            -2.1784918
          ],
          [
            115.5870223,
            -2.1783037
          ],
          [
            115.5869557,
            -2.1781184
          ],
          [
            115.5868811,
            -2.1779362
          ],
          [
            115.5867988,
            -2.1777575
          ],
          [
            115.5867087,
            -2.1775825
          ],
          [
            115.5866112,
            -2.1774116
          ],
          [
            115.5865064,
            -2.1772452
          ],
          [
            115.5863945,
            -2.1770835
          ],
          [
            115.5862757,
            -2.1769268
          ],
          [
            115.5861502,
            -2.1767756
          ],
          [
            115.5860183,
            -2.1766299
          ],
          [
            115.5858802,
            -2.1764902
          ],
          [
            115.5857362,
            -2.1763566
          ],
          [
            115.5855866,
            -2.1762295
          ],
          [
            115.5855155,
            -2.1761742
          ],
          [
            115.5854472,
            -2.1761194
          ],
          [
            115.5853322,
            -2.1760301
          ],
          [
            115.5851721,
            -2.1759165
          ],
          [
            115.5850071,
            -2.17581
          ],
          [
            115.5848378,
            -2.1757109
          ],
          [
            115.5846643,
            -2.1756193
          ],
          [
            115.5844869,
            -2.1755353
          ],
          [
            115.5843061,
            -2.1754592
          ],
          [
            115.5841221,
            -2.1753911
          ],
          [
            115.5839353,
            -2.1753312
          ],
          [
            115.5837461,
            -2.1752794
          ],
          [
            115.5835548,
            -2.1752361
          ],
          [
            115.5833618,
            -2.1752011
          ],
          [
            115.5831674,
            -2.1751747
          ],
          [
            115.582972,
            -2.1751568
          ],
          [
            115.582776,
            -2.1751475
          ],
          [
            115.5825798,
            -2.1751468
          ],
          [
            115.5823837,
            -2.1751547
          ],
          [
            115.5821881,
            -2.1751713
          ],
          [
            115.5819934,
            -2.1751964
          ],
          [
            115.5818,
            -2.1752301
          ],
          [
            115.5816082,
            -2.1752722
          ],
          [
            115.5814184,
            -2.1753227
          ],
          [
            115.581231,
            -2.1753815
          ],
          [
            115.5810463,
            -2.1754485
          ],
          [
            115.5808647,
            -2.1755236
          ],
          [
            115.5806864,
            -2.1756066
          ],
          [
            115.580512,
            -2.1756973
          ],
          [
            115.5803417,
            -2.1757956
          ]
        ]
      },
      "properties": {
        "tipe": "Radius 500m",
        "color": "#00ff00",
        "weight": 2.5,
        "fill": false
      }
    },
    {
      "type": "Feature",
      "geometry": {
        "type": "LineString",
        "coordinates": [
          [
            115.577916,
            -2.1606875
          ],
          [
            115.5777524,
            -2.1607965
          ],
          [
            115.5775937,
            -2.1609125
          ],
          [
            115.5774402,
            -2.1610354
          ],
          [
            115.5772922,
            -2.1611649
          ],
          [
            115.57715,
            -2.1613008
          ],
          [
            115.5770138,
            -2.1614429
          ],
          [
            115.5769329,
            -2.1615349
          ],
          [
            115.5769088,
            -2.1615625
          ],
          [
            115.576834,
            -2.1616477
          ],
          [
            115.5767107,
            -2.1618011
          ],
          [
            115.5765941,
            -2.1619598
          ],
          [
            115.5764846,
            -2.1621235
          ],
          [
            115.5763823,
            -2.1622917
          ],
          [
            115.5762874,
            -2.1624643
          ],
          [
            115.5762043,
            -2.1626324
          ],
          [
            115.576113,
            -2.1626769
          ],
          [
            115.5759403,
            -2.1627707
          ],
          [
            115.5757718,
            -2.162872
          ],
          [
            115.5756078,
            -2.1629807
          ],
          [
            115.5754488,
            -2.1630965
          ],
          [
            115.5752949,
            -2.1632191
          ],
          [
            115.5751465,
            -2.1633484
          ],
          [
            115.5750387,
            -2.1634509
          ],
          [
            115.5750274,
            -2.1634621
          ],
          [
            115.5749641,
            -2.1635222
          ],
          [
            115.5748275,
            -2.163664
          ],
          [
            115.5746972,
            -2.1638117
          ],
          [
            115.5746964,
            -2.1638127
          ],
          [
            115.5746822,
            -2.1638288
          ],
          [
            115.5746794,
            -2.1638323
          ],
          [
            115.5746311,
            -2.163887
          ],
          [
            115.5745074,
            -2.1640402
          ],
          [
            115.5743904,
            -2.1641988
          ],
          [
            115.5742804,
            -2.1643623
          ],
          [
            115.5741776,
            -2.1645304
          ],
          [
            115.5741458,
            -2.1645834
          ],
          [
            115.5740358,
            -2.1647469
          ],
          [
            115.5739331,
            -2.1649151
          ],
          [
            115.5738534,
            -2.1650289
          ],
          [
            115.5737434,
            -2.1651924
          ],
          [
            115.5736407,
            -2.1653606
          ],
          [
            115.5735453,
            -2.1655331
          ],
          [
            115.5734978,
            -2.1656287
          ],
          [
            115.5734914,
            -2.1656413
          ],
          [
            115.5734669,
            -2.1656856
          ],
          [
            115.5734277,
            -2.1657644
          ],
          [
            115.5733914,
            -2.1658345
          ],
          [
            115.5733253,
            -2.1659674
          ],
          [
            115.5732453,
            -2.1661476
          ],
          [
            115.5731732,
            -2.1663311
          ],
          [
            115.5731091,
            -2.1665175
          ],
          [
            115.5730532,
            -2.1667066
          ],
          [
            115.5730055,
            -2.1668979
          ],
          [
            115.5729662,
            -2.1670912
          ],
          [
            115.5729353,
            -2.1672859
          ],
          [
            115.5729129,
            -2.1674818
          ],
          [
            115.572899,
            -2.1676784
          ],
          [
            115.5728936,
            -2.1678755
          ],
          [
            115.5728968,
            -2.1680726
          ],
          [
            115.5729085,
            -2.1682693
          ],
          [
            115.5729287,
            -2.1684653
          ],
          [
            115.5729573,
            -2.1686602
          ],
          [
            115.5729944,
            -2.1688537
          ],
          [
            115.5730398,
            -2.1690454
          ],
          [
            115.5730935,
            -2.1692348
          ],
          [
            115.5731553,
            -2.1694217
          ],
          [
            115.5732252,
            -2.1696058
          ],
          [
            115.5733029,
            -2.1697865
          ],
          [
            115.5733884,
            -2.1699638
          ],
          [
            115.5734814,
            -2.1701371
          ],
          [
            115.5735819,
            -2.1703061
          ],
          [
            115.5736896,
            -2.1704706
          ],
          [
            115.5738043,
            -2.1706302
          ],
          [
            115.5739259,
            -2.1707846
          ],
          [
            115.5740539,
            -2.1709336
          ],
          [
            115.5741884,
            -2.1710768
          ],
          [
            115.5743289,
            -2.171214
          ],
          [
            115.5744752,
            -2.171345
          ],
          [
            115.574627,
            -2.1714694
          ],
          [
            115.5747841,
            -2.171587
          ],
          [
            115.5749462,
            -2.1716977
          ],
          [
            115.5751129,
            -2.1718011
          ],
          [
            115.575284,
            -2.1718972
          ],
          [
            115.5754591,
            -2.1719857
          ],
          [
            115.5756378,
            -2.1720664
          ],
          [
            115.5758199,
            -2.1721392
          ],
          [
            115.576005,
            -2.172204
          ],
          [
            115.5761928,
            -2.1722606
          ],
          [
            115.5763829,
            -2.1723089
          ],
          [
            115.5765749,
            -2.1723488
          ],
          [
            115.5767684,
            -2.1723803
          ],
          [
            115.5769632,
            -2.1724032
          ],
          [
            115.5771588,
            -2.1724176
          ],
          [
            115.5773549,
            -2.1724234
          ],
          [
            115.577551,
            -2.1724206
          ],
          [
            115.5777469,
            -2.1724091
          ],
          [
            115.5779421,
            -2.172389
          ],
          [
            115.5781362,
            -2.1723604
          ],
          [
            115.578329,
            -2.1723233
          ],
          [
            115.5785199,
            -2.1722778
          ],
          [
            115.5787088,
            -2.1722239
          ],
          [
            115.5788951,
            -2.1721617
          ],
          [
            115.5789332,
            -2.1721471
          ],
          [
            115.5789511,
            -2.1721731
          ],
          [
            115.5790691,
            -2.1723304
          ],
          [
            115.5791938,
            -2.1724824
          ],
          [
            115.5793249,
            -2.1726287
          ],
          [
            115.5794623,
            -2.1727692
          ],
          [
            115.5796056,
            -2.1729035
          ],
          [
            115.5797546,
            -2.1730315
          ],
          [
            115.579909,
            -2.1731528
          ],
          [
            115.5800685,
            -2.1732672
          ],
          [
            115.5802329,
            -2.1733745
          ],
          [
            115.5804017,
            -2.1734746
          ],
          [
            115.5805748,
            -2.1735671
          ],
          [
            115.5807517,
            -2.173652
          ],
          [
            115.5809321,
            -2.1737291
          ],
          [
            115.5811157,
            -2.1737982
          ],
          [
            115.5813022,
            -2.1738591
          ],
          [
            115.5814911,
            -2.1739119
          ],
          [
            115.5816823,
            -2.1739563
          ],
          [
            115.5816942,
            -2.1739585
          ],
          [
            115.581715,
            -2.1739633
          ],
          [
            115.5817311,
            -2.1739663
          ],
          [
            115.5817593,
            -2.1739729
          ],
          [
            115.5817753,
            -2.1739759
          ],
          [
            115.5818035,
            -2.1739824
          ],
          [
            115.5818155,
            -2.1739847
          ],
          [
            115.5818367,
            -2.1739896
          ],
          [
            115.5818861,
            -2.1739988
          ],
          [
            115.581973,
            -2.174019
          ],
          [
            115.5821658,
            -2.174055
          ],
          [
            115.5823601,
            -2.1740824
          ],
          [
            115.5825554,
            -2.1741014
          ],
          [
            115.5827513,
            -2.1741117
          ],
          [
            115.5829475,
            -2.1741134
          ],
          [
            115.5831436,
            -2.1741065
          ],
          [
            115.5833393,
            -2.1740911
          ],
          [
            115.5835341,
            -2.174067
          ],
          [
            115.5837277,
            -2.1740343
          ],
          [
            115.5839197,
            -2.1739932
          ],
          [
            115.5839239,
            -2.1739922
          ],
          [
            115.584101,
            -2.1739623
          ],
          [
            115.584293,
            -2.1739212
          ],
          [
            115.5844831,
            -2.1738717
          ],
          [
            115.5846708,
            -2.1738139
          ],
          [
            115.5848559,
            -2.1737478
          ],
          [
            115.5850379,
            -2.1736737
          ],
          [
            115.5852166,
            -2.1735917
          ],
          [
            115.5853915,
            -2.1735019
          ],
          [
            115.5855623,
            -2.1734045
          ],
          [
            115.5857288,
            -2.1732997
          ],
          [
            115.5858905,
            -2.1731876
          ],
          [
            115.5860473,
            -2.1730685
          ],
          [
            115.5861986,
            -2.1729427
          ],
          [
            115.5863444,
            -2.1728103
          ],
          [
            115.5864843,
            -2.1726717
          ],
          [
            115.586618,
            -2.1725271
          ],
          [
            115.5867453,
            -2.1723767
          ],
          [
            115.586866,
            -2.1722209
          ],
          [
            115.5869797,
            -2.1720599
          ],
          [
            115.5870864,
            -2.1718941
          ],
          [
            115.5871857,
            -2.1717238
          ],
          [
            115.5872775,
            -2.1715494
          ],
          [
            115.5873617,
            -2.171371
          ],
          [
            115.5874381,
            -2.1711892
          ],
          [
            115.5875064,
            -2.1710042
          ],
          [
            115.5875667,
            -2.1708164
          ],
          [
            115.5876188,
            -2.1706261
          ],
          [
            115.5876293,
            -2.1705797
          ],
          [
            115.587653,
            -2.1704931
          ],
          [
            115.5876968,
            -2.1703008
          ],
          [
            115.5877271,
            -2.170155
          ],
          [
            115.5877625,
            -2.169961
          ],
          [
            115.5877894,
            -2.1697656
          ],
          [
            115.5878079,
            -2.1695692
          ],
          [
            115.5878139,
            -2.1694484
          ],
          [
            115.5878197,
            -2.1693637
          ],
          [
            115.5878296,
            -2.1691667
          ],
          [
            115.5878327,
            -2.1690603
          ],
          [
            115.5878382,
            -2.1689504
          ],
          [
            115.5878395,
            -2.1687532
          ],
          [
            115.5878324,
            -2.1685562
          ],
          [
            115.5878216,
            -2.1684217
          ],
          [
            115.5878157,
            -2.1682583
          ],
          [
            115.5878,
            -2.1680618
          ],
          [
            115.5877758,
            -2.1678662
          ],
          [
            115.5877693,
            -2.1678221
          ],
          [
            115.5877582,
            -2.1676824
          ],
          [
            115.587736,
            -2.1675034
          ],
          [
            115.5877213,
            -2.1673186
          ],
          [
            115.5876971,
            -2.1671229
          ],
          [
            115.5876644,
            -2.1669286
          ],
          [
            115.5876234,
            -2.1667359
          ],
          [
            115.5875741,
            -2.1665451
          ],
          [
            115.5875165,
            -2.1663567
          ],
          [
            115.5874922,
            -2.1662799
          ],
          [
            115.5874549,
            -2.1661578
          ],
          [
            115.5874394,
            -2.166108
          ],
          [
            115.5874269,
            -2.1660671
          ],
          [
            115.5874184,
            -2.1660398
          ],
          [
            115.5874056,
            -2.165998
          ],
          [
            115.5874002,
            -2.1659807
          ],
          [
            115.5873705,
            -2.1658838
          ],
          [
            115.5873701,
            -2.1658825
          ],
          [
            115.5873649,
            -2.1658655
          ],
          [
            115.5873627,
            -2.1658592
          ],
          [
            115.5873366,
            -2.1657737
          ],
          [
            115.587336,
            -2.165772
          ],
          [
            115.5873287,
            -2.1657483
          ],
          [
            115.5873265,
            -2.165742
          ],
          [
            115.5873002,
            -2.1656558
          ],
          [
            115.5872996,
            -2.165654
          ],
          [
            115.5872922,
            -2.1656301
          ],
          [
            115.5872912,
            -2.1656272
          ],
          [
            115.5872792,
            -2.1655877
          ],
          [
            115.5872774,
            -2.1655827
          ],
          [
            115.5872566,
            -2.1655148
          ],
          [
            115.5872546,
            -2.1655091
          ],
          [
            115.5872307,
            -2.1654309
          ],
          [
            115.5871651,
            -2.1652452
          ],
          [
            115.5870915,
            -2.1650626
          ],
          [
            115.5870101,
            -2.1648834
          ],
          [
            115.586921,
            -2.1647079
          ],
          [
            115.5868244,
            -2.1645365
          ],
          [
            115.5867204,
            -2.1643696
          ],
          [
            115.5866094,
            -2.1642073
          ],
          [
            115.5864914,
            -2.16405
          ],
          [
            115.5863667,
            -2.163898
          ],
          [
            115.5862356,
            -2.1637517
          ],
          [
            115.5860982,
            -2.1636112
          ],
          [
            115.5859549,
            -2.1634769
          ],
          [
            115.5858059,
            -2.1633489
          ],
          [
            115.5856515,
            -2.1632276
          ],
          [
            115.585492,
            -2.1631132
          ],
          [
            115.5853276,
            -2.1630059
          ],
          [
            115.5851588,
            -2.1629058
          ],
          [
            115.5849857,
            -2.1628133
          ],
          [
            115.5848088,
            -2.1627284
          ],
          [
            115.5846284,
            -2.1626513
          ],
          [
            115.5846258,
            -2.1626504
          ],
          [
            115.584549,
            -2.162492
          ],
          [
            115.5844556,
            -2.1623191
          ],
          [
            115.5843548,
            -2.1621504
          ],
          [
            115.5842468,
            -2.1619862
          ],
          [
            115.5841318,
            -2.161827
          ],
          [
            115.58401,
            -2.1616729
          ],
          [
            115.5838817,
            -2.1615243
          ],
          [
            115.583747,
            -2.1613815
          ],
          [
            115.5836063,
            -2.1612447
          ],
          [
            115.5834598,
            -2.1611142
          ],
          [
            115.5833077,
            -2.1609902
          ],
          [
            115.5831505,
            -2.160873
          ],
          [
            115.5829883,
            -2.1607628
          ],
          [
            115.5828214,
            -2.1606598
          ],
          [
            115.5826503,
            -2.1605642
          ],
          [
            115.5824751,
            -2.1604762
          ],
          [
            115.5822963,
            -2.1603959
          ],
          [
            115.5821142,
            -2.1603235
          ],
          [
            115.581929,
            -2.1602592
          ],
          [
            115.5817412,
            -2.1602031
          ],
          [
            115.5815512,
            -2.1601552
          ],
          [
            115.5815038,
            -2.1601455
          ],
          [
            115.5814305,
            -2.160127
          ],
          [
            115.5812852,
            -2.1600972
          ],
          [
            115.5811991,
            -2.160081
          ],
          [
            115.5811143,
            -2.1600636
          ],
          [
            115.5809207,
            -2.1600326
          ],
          [
            115.5807261,
            -2.1600101
          ],
          [
            115.5805305,
            -2.1599961
          ],
          [
            115.5803346,
            -2.1599908
          ],
          [
            115.5801386,
            -2.1599941
          ],
          [
            115.5799429,
            -2.160006
          ],
          [
            115.5797479,
            -2.1600265
          ],
          [
            115.5795539,
            -2.1600555
          ],
          [
            115.5793614,
            -2.160093
          ],
          [
            115.5791706,
            -2.160139
          ],
          [
            115.578982,
            -2.1601933
          ],
          [
            115.578796,
            -2.1602559
          ],
          [
            115.5786129,
            -2.1603265
          ],
          [
            115.5784329,
            -2.1604052
          ],
          [
            115.5782566,
            -2.1604917
          ],
          [
            115.5780842,
            -2.1605858
          ],
          [
            115.577916,
            -2.1606875
          ]
        ]
      },
      "properties": {
        "tipe": "Radius 500m",
        "color": "#00ff00",
        "weight": 2.5,
        "fill": false
      }
    },
    {
      "type": "Feature",
      "geometry": {
        "type": "Polygon",
        "coordinates": [
          [
            [
              115.5883488,
              -2.185054
            ],
            [
              115.5888817,
              -2.1842159
            ],
            [
              115.5887969,
              -2.184215
            ],
            [
              115.5886878,
              -2.1839838
            ],
            [
              115.5885181,
              -2.183982
            ],
            [
              115.5883728,
              -2.1842106
            ],
            [
              115.588288,
              -2.1842097
            ],
            [
              115.5880943,
              -2.1845144
            ],
            [
              115.5880095,
              -2.1845135
            ],
            [
              115.5878641,
              -2.1847421
            ],
            [
              115.5877793,
              -2.1847412
            ],
            [
              115.5876824,
              -2.1848936
            ],
            [
              115.5877188,
              -2.1849707
            ],
            [
              115.5879732,
              -2.1849733
            ],
            [
              115.5880096,
              -2.1850504
            ],
            [
              115.5880944,
              -2.1850514
            ],
            [
              115.5881429,
              -2.1849751
            ],
            [
              115.5882277,
              -2.1849761
            ],
            [
              115.588264,
              -2.1850531
            ],
            [
              115.5883488,
              -2.185054
            ]
          ]
        ]
      },
      "properties": {
        "tipe": "Blast Area",
        "color": "#00ffff",
        "fillColor": "#00ffff",
        "fillOpacity": 0.6,
        "weight": 2
      }
    },
    {
      "type": "Feature",
      "geometry": {
        "type": "Polygon",
        "coordinates": [
          [
            [
              115.5802623,
              -2.1645698
            ],
            [
              115.5802894,
              -2.1646481
            ],
            [
              115.5805315,
              -2.1647003
            ],
            [
              115.5805851,
              -2.1646392
            ],
            [
              115.580558,
              -2.1645609
            ],
            [
              115.5803159,
              -2.1645087
            ],
            [
              115.5802623,
              -2.1645698
            ]
          ]
        ]
      },
      "properties": {
        "tipe": "Blast Area",
        "color": "#00ffff",
        "fillColor": "#00ffff",
        "fillOpacity": 0.6,
        "weight": 2
      }
    },
    {
      "type": "Feature",
      "geometry": {
        "type": "Polygon",
        "coordinates": [
          [
            [
              115.5780546,
              -2.1668232
            ],
            [
              115.5781617,
              -2.1667012
            ],
            [
              115.5781889,
              -2.1667796
            ],
            [
              115.5782695,
              -2.166797
            ],
            [
              115.5782967,
              -2.1668754
            ],
            [
              115.577386,
              -2.1679125
            ],
            [
              115.5775196,
              -2.1676511
            ],
            [
              115.577841,
              -2.1672851
            ],
            [
              115.5778139,
              -2.1672067
            ],
            [
              115.5780817,
              -2.1669017
            ],
            [
              115.5780546,
              -2.1668232
            ]
          ]
        ]
      },
      "properties": {
        "tipe": "Blast Area",
        "color": "#00ffff",
        "fillColor": "#00ffff",
        "fillOpacity": 0.6,
        "weight": 2
      }
    },
    {
      "type": "Feature",
      "geometry": {
        "type": "Polygon",
        "coordinates": [
          [
            [
              115.5824481,
              -2.1681225
            ],
            [
              115.582712,
              -2.1689777
            ],
            [
              115.5826553,
              -2.169038
            ],
            [
              115.5826793,
              -2.1691157
            ],
            [
              115.5826226,
              -2.169176
            ],
            [
              115.5826466,
              -2.1692538
            ],
            [
              115.5825899,
              -2.1693141
            ],
            [
              115.5826139,
              -2.1693918
            ],
            [
              115.5825572,
              -2.1694521
            ],
            [
              115.5825813,
              -2.1695299
            ],
            [
              115.5829039,
              -2.1695995
            ],
            [
              115.5830174,
              -2.1694789
            ],
            [
              115.5832594,
              -2.1695312
            ],
            [
              115.5832354,
              -2.1694534
            ],
            [
              115.5832921,
              -2.169393
            ],
            [
              115.5832681,
              -2.1693153
            ],
            [
              115.5833248,
              -2.169255
            ],
            [
              115.5832768,
              -2.1690995
            ],
            [
              115.5833335,
              -2.1690392
            ],
            [
              115.5832855,
              -2.1688837
            ],
            [
              115.5833422,
              -2.1688234
            ],
            [
              115.5833181,
              -2.1687457
            ],
            [
              115.5832702,
              -2.1685902
            ],
            [
              115.5833269,
              -2.1685298
            ],
            [
              115.583231,
              -2.1682189
            ],
            [
              115.5832876,
              -2.1681586
            ],
            [
              115.5831917,
              -2.1678476
            ],
            [
              115.5832484,
              -2.1677873
            ],
            [
              115.5829604,
              -2.1668545
            ],
            [
              115.5827991,
              -2.1668197
            ],
            [
              115.5825157,
              -2.1671213
            ],
            [
              115.5826836,
              -2.1676655
            ],
            [
              115.5827316,
              -2.1678209
            ],
            [
              115.5824481,
              -2.1681225
            ]
          ]
        ]
      },
      "properties": {
        "tipe": "Blast Area",
        "color": "#00ffff",
        "fillColor": "#00ffff",
        "fillOpacity": 0.6,
        "weight": 2
      }
    },
    {
      "type": "Feature",
      "geometry": {
        "type": "Polygon",
        "coordinates": [
          [
            [
              115.5827041,
              -2.1797422
            ],
            [
              115.582767,
              -2.1797488
            ],
            [
              115.5827424,
              -2.1798157
            ],
            [
              115.5826983,
              -2.179884
            ],
            [
              115.5826933,
              -2.1799368
            ],
            [
              115.5826411,
              -2.1800892
            ],
            [
              115.5826015,
              -2.1801604
            ],
            [
              115.5825584,
              -2.180231
            ],
            [
              115.5825086,
              -2.180296
            ],
            [
              115.5824554,
              -2.1803578
            ],
            [
              115.5824082,
              -2.1804227
            ],
            [
              115.5823685,
              -2.1804935
            ],
            [
              115.5823404,
              -2.1805721
            ],
            [
              115.5822963,
              -2.1806404
            ],
            [
              115.5822991,
              -2.1807026
            ],
            [
              115.5822906,
              -2.1807822
            ],
            [
              115.582294,
              -2.1808342
            ],
            [
              115.5822466,
              -2.1808505
            ],
            [
              115.5822025,
              -2.1809188
            ],
            [
              115.5821585,
              -2.1809871
            ],
            [
              115.5820761,
              -2.1809818
            ],
            [
              115.5819995,
              -2.1808348
            ],
            [
              115.5819171,
              -2.1808296
            ],
            [
              115.5819148,
              -2.1807848
            ],
            [
              115.5819646,
              -2.1807712
            ],
            [
              115.5820278,
              -2.1807078
            ],
            [
              115.5820846,
              -2.1806483
            ],
            [
              115.5821863,
              -2.1805178
            ],
            [
              115.5822637,
              -2.1804251
            ],
            [
              115.5823077,
              -2.1803568
            ],
            [
              115.5823518,
              -2.1802885
            ],
            [
              115.5823958,
              -2.1802202
            ],
            [
              115.5824399,
              -2.1801519
            ],
            [
              115.5824839,
              -2.1800836
            ],
            [
              115.5825222,
              -2.1800242
            ],
            [
              115.5825333,
              -2.1799637
            ],
            [
              115.58256,
              -2.1798908
            ],
            [
              115.5825965,
              -2.1798176
            ],
            [
              115.5826293,
              -2.1797419
            ],
            [
              115.582664,
              -2.1796683
            ],
            [
              115.5827041,
              -2.1797422
            ]
          ]
        ]
      },
      "properties": {
        "tipe": "Blast Area",
        "color": "#00ffff",
        "fillColor": "#00ffff",
        "fillOpacity": 0.6,
        "weight": 2
      }
    },
    {
      "type": "Feature",
      "geometry": {
        "type": "Polygon",
        "coordinates": [
          [
            [
              115.5869286,
              -2.1553832
            ],
            [
              115.587384,
              -2.1545001
            ],
            [
              115.5874685,
              -2.1544932
            ],
            [
              115.5876756,
              -2.1540918
            ],
            [
              115.5877601,
              -2.1540851
            ],
            [
              115.5881328,
              -2.1533625
            ],
            [
              115.5882173,
              -2.1533557
            ],
            [
              115.5882604,
              -2.1534291
            ],
            [
              115.588345,
              -2.1534224
            ],
            [
              115.5883881,
              -2.1534959
            ],
            [
              115.5883053,
              -2.1536563
            ],
            [
              115.5883484,
              -2.1537298
            ],
            [
              115.5877687,
              -2.1548537
            ],
            [
              115.5876842,
              -2.1548606
            ],
            [
              115.5873944,
              -2.1554225
            ],
            [
              115.5873098,
              -2.1554293
            ],
            [
              115.5872684,
              -2.1555096
            ],
            [
              115.5871839,
              -2.1555164
            ],
            [
              115.5871408,
              -2.1554429
            ],
            [
              115.5870562,
              -2.1554498
            ],
            [
              115.5870131,
              -2.1553763
            ],
            [
              115.5869286,
              -2.1553832
            ]
          ]
        ]
      },
      "properties": {
        "tipe": "Blast Area",
        "color": "#00ffff",
        "fillColor": "#00ffff",
        "fillOpacity": 0.6,
        "weight": 2
      }
    }
  ]
}